0.382812944613265,-0.258527140958704,0.230588916868035,0.0196405850256393,0.0237217353791125,-0.00660026391232784,-0.0182798488245863,0.0167067795634948,0.0167067795634948,0.0167067795634949,-0.0155452726584412,-0.0373714780080859,-0.0136156538342599,-0.0293336451121464,-0.00716423330580719,-0.0268091045861595,-0.00399995046998531,-0.00473915021228667,-0.00546078481219671,-0.00432174830313965,-0.0034952166824649,-0.00255088726897315,-0.00100296585922893,-0.000848644052467701,0.000160721780255605,0.00108825174891253,-0.00159095730512033,-0.00194527776719321,-0.00233606630021628,0.0032634147425997,-0.00247323597617666,-0.00191929679052252,-0.00412360943149719,-0.000801930116237459,-0.000738287859856909,-0.00075583248188614,-0.00065280082898898,0.000755617153551656,-0.000553863464035661,-0.000497394496302871,-0.000452228618468551,-0.000327025466361094,-0.000587286398785484,-0.000273939770214904,-0.000158892780670448,-8.19802333610224e-05,-3.91571214118187e-05,-3.85079996729413e-05,-2.68924028409406e-05,-1.28664355922248e-05,4.02853991129684e-06,8.18641483899472e-06,1.97478527757064e-05,2.83747361290939e-05,3.23779593649881e-05,3.01440437635445e-05,1.21266443456462e-05,1.51721881426118e-05,7.65228936907786e-05,9.3759448375814e-05,9.60507351651054e-05,9.09066424004457e-05,9.66930172858364e-05,0.000107579310245173,0.000137206602969782,7.04279297505248e-05,7.99409244139893e-05,8.34373598863776e-05,0,-0.000203284057729436,-0.000258959099802847,-0.000541255087780704,-0.000258959099802847,-0.000112005744026156,-8.39944096621859e-05,-4.54404953185834e-05,1.02275956360815e-05,1.26825289504334e-05,1.75132041819e-05,3.14508900956398e-05,6.42727154886607e-05,1.96998164483362e-05,2.04422600847907e-05,2.15923730101614e-05,2.21508748171028e-05,2.21508748171028e-05,2.21508748171028e-05,2.31834191837226e-05,2.39041756435592e-05,2.4064933383224e-05,2.42712171356647e-05,2.45850842805269e-05,2.49045344848956e-05,2.51802863122515e-05,2.48844539173665e-05,2.45115960371774e-05,2.78877781381885e-05,2.957238195339e-05,2.78715512194459e-05,2.645892864355e-05,2.5654851259621e-05,2.49412485100168e-05,2.645892864355e-05,2.645892864355e-05,2.645892864355e-05,2.645892864355e-05,2.645892864355e-05,2.645892864355e-05,2.645892864355e-05,2.645892864355e-05,2.645892864355e-05,2.645892864355e-05,-0.00373127747233696,-0.00178138068546683,-0.00175794396173188,8.34373598863776e-05,-0.0373714780080859,-6.59022801019198e-05
0.617187055386735,0.258527140958704,-0.230588916868035,-0.0196405850256393,-0.0237217353791125,0.00660026391232784,0.0182798488245863,-0.0167067795634948,-0.0167067795634948,-0.0167067795634949,0.0155452726584412,0.0373714780080859,0.0136156538342599,0.0293336451121464,0.00716423330580719,0.0268091045861595,0.00399995046998531,0.00473915021228667,0.00546078481219671,0.00432174830313965,0.0034952166824649,0.00255088726897315,0.00100296585922893,0.000848644052467701,-0.000160721780255605,-0.00108825174891253,0.00159095730512033,0.00194527776719321,0.00233606630021628,-0.0032634147425997,0.00247323597617666,0.00191929679052252,0.00412360943149719,0.000801930116237459,0.000738287859856909,0.00075583248188614,0.00065280082898898,-0.000755617153551656,0.000553863464035661,0.000497394496302871,0.000452228618468551,0.000327025466361094,0.000587286398785484,0.000273939770214904,0.000158892780670448,8.19802333610224e-05,3.91571214118187e-05,3.85079996729413e-05,2.68924028409406e-05,1.28664355922248e-05,-4.02853991129684e-06,-8.18641483899472e-06,-1.97478527757064e-05,-2.83747361290939e-05,-3.23779593649882e-05,-3.01440437635445e-05,-1.21266443456462e-05,-1.51721881426118e-05,-7.65228936907786e-05,-9.3759448375814e-05,-9.60507351651054e-05,-9.09066424004457e-05,-9.66930172858364e-05,-0.000107579310245173,-0.000137206602969782,-7.04279297505248e-05,-7.99409244139893e-05,-8.34373598863776e-05,0,0.000203284057729436,0.000258959099802847,0.000541255087780704,0.000258959099802847,0.000112005744026156,8.39944096621859e-05,4.54404953185834e-05,-1.02275956360815e-05,-1.26825289504334e-05,-1.75132041819e-05,-3.14508900956398e-05,-6.42727154886607e-05,-1.96998164483362e-05,-2.04422600847907e-05,-2.15923730101614e-05,-2.21508748171028e-05,-2.21508748171028e-05,-2.21508748171028e-05,-2.31834191837226e-05,-2.39041756435592e-05,-2.4064933383224e-05,-2.42712171356647e-05,-2.45850842805269e-05,-2.49045344848956e-05,-2.51802863122515e-05,-2.48844539173665e-05,-2.45115960371774e-05,-2.78877781381885e-05,-2.957238195339e-05,-2.78715512194459e-05,-2.645892864355e-05,-2.5654851259621e-05,-2.49412485100168e-05,-2.645892864355e-05,-2.645892864355e-05,-2.645892864355e-05,-2.645892864355e-05,-2.645892864355e-05,-2.645892864355e-05,-2.645892864355e-05,-2.645892864355e-05,-2.645892864355e-05,-2.645892864355e-05,0.00373127747233696,0.00178138068546683,0.00175794396173188,-8.34373598863776e-05,0.0373714780080859,6.59022801019198e-05
0.0379048770044843,0.0889959697754099,0.0162205693619697,0.818679146571527,-0.109401381038973,0.00470387860453789,0.0486555341709271,-0.0773219472819043,-0.0773219472819042,-0.0773219472819042,0.198621540005412,0.120499586539063,0.161326933069131,0.0981847436619372,0.0366374401111656,0.0876433072365306,0.0166910781911326,0.0218975991655085,0.0269804008296022,0.0211305704123664,0.0168856934685774,0.0120358340628348,0.0040860645214631,0.00345695119690643,-0.00146802958750864,-0.00576603993086226,0.00631933454369662,0.00785777216930179,0.00955455191309794,-0.0158453617439188,0.0101501341985661,0.00780039429348704,0.021177962086719,0.00425527845498223,0.00394631034968845,0.00403148534087754,0.00353129102987491,-0.00347592023734585,0.00300990277023058,0.00271231796166,0.0024742991054831,0.00181449324133772,0.00314008358003694,0.001512071549629,0.000914337711243694,0.000511594640004657,0.000282216592389588,0.000291607090736742,0.000232827348736584,0.000162039710018668,7.67724766875159e-05,5.57881022770373e-05,-2.56130616026629e-06,-4.61003142908545e-05,-6.63041772476568e-05,-5.50298310498364e-05,3.59021623032319e-05,2.05316106559701e-05,-0.00028909919785961,-0.000376090346787154,-0.000387654239569974,-0.000361692523440235,-0.000390895772500364,-0.000445837792492136,-0.000595363743636193,-0.000258338531037084,-0.000306349653366237,-0.000363022022370575,0,0.000826055535777684,0.00105302223315331,0.00220383929026917,0.00105302223315331,0.000452703187987761,0.000338129451628949,0.000178409074868094,-5.22115666987984e-05,-6.26339324841717e-05,-8.31424587070032e-05,-0.000142314599940091,-0.000281658943018521,-9.24256733419388e-05,-9.55777015900848e-05,-0.000100460480903324,-0.000102831588130435,-0.000102831588130435,-0.000102831588130435,-0.000107215232694474,-0.000110275188507804,-0.000110957681981586,-0.0001118334551486,-0.000113165971259176,-0.000114522190126987,-0.000115692888489296,-0.000114436938515979,-0.000112853978526569,-0.000127187485921273,-0.000134339434637281,-0.000127118594892048,-0.000121121336589107,-0.000117707643611761,-0.00011467805871903,-0.000121121336589107,-0.000121121336589107,-0.000121121336589107,-0.000121121336589107,-0.000121121336589107,-0.000121121336589107,-0.000121121336589107,-0.000121121336589107,-0.000121121336589107,-0.000121121336589107,0.0155430319220673,0.00717828820778234,0.00707257083374101,-0.000363022022370575,0.120499586539063,0.000263177743119709
0.394339809095205,0.202987666217951,0.475554332198263,-0.0446700555676883,-0.0539521219028691,0.0150114752356006,0.0415752311704186,-0.0379974817697236,-0.0379974817697236,-0.0379974817697236,0.0353557795025421,0.0849967552946403,0.0309671026892949,0.0667157091019381,0.0162941531248952,0.0609739572431466,0.00909738735017283,0.0107786047640695,0.0124198724572399,0.00982927629695323,0.00794943344218111,0.0058016742323708,0.0022811204760838,0.00193013481683123,-0.000365541598968841,-0.00247509257143294,0.00361843352083305,0.00442429112176005,0.0053130907915544,-0.00742222890520019,0.00562506607331678,0.00436520063794467,0.00937863420076141,0.00182388980811757,0.00167914345126206,0.00171904650098979,0.00148471388543181,-0.00171855676360905,0.00125969321601611,0.00113126160752884,0.00102853746412941,0.000743778545055014,0.00133570950323774,0.000623041764882521,0.000361381768037351,0.000186453793250475,8.90579780110052e-05,8.75816317561458e-05,6.11634087113643e-05,2.92630994500663e-05,-9.16241046075576e-06,-1.86189772494386e-05,-4.49140226567473e-05,-6.45347904836079e-05,-7.36396213307449e-05,-6.85588595347116e-05,-2.75805367336292e-05,-3.45072454068526e-05,-0.000174041756337965,-0.000213244145399742,-0.000218455390791137,-0.000206755794809514,-0.000219916181189474,-0.000244675693738864,-0.000312059267629398,-0.00016017952272635,-0.000181815639964067,-0.00018976784539158,0,0.000462344178798387,0.0005889701026141,0.00123101704027124,0.000588970102614099,0.000254743064069488,0.000191034785475434,0.000103348726540203,-2.32613878248128e-05,-2.88448267816419e-05,-3.98315937612089e-05,-7.15311181612709e-05,-0.000146180257289523,-4.48047700346847e-05,-4.64933652803459e-05,-4.91091533649858e-05,-5.03793959121481e-05,-5.03793959121482e-05,-5.03793959121482e-05,-5.27277890059791e-05,-5.436705947932e-05,-5.473268286347e-05,-5.52018494729275e-05,-5.59157010605233e-05,-5.66422506190843e-05,-5.72694136814271e-05,-5.65965798783104e-05,-5.57485612370552e-05,-6.34272654030426e-05,-6.72586862052414e-05,-6.33903593047274e-05,-6.0177525833674e-05,-5.83487523336005e-05,-5.67257520799695e-05,-6.0177525833674e-05,-6.0177525833674e-05,-6.0177525833674e-05,-6.0177525833674e-05,-6.01775258336741e-05,-6.0177525833674e-05,-6.01775258336741e-05,-6.01775258336741e-05,-6.01775258336741e-05,-6.01775258336741e-05,0.00848632420114638,0.00405152769650863,0.00399822379796394,-0.00018976784539158,0.0849967552946403,0.000149886498306804
-0.0637237130113717,-0.119819411700537,-0.0399153283825376,0.0811496441915274,0.0980118658944018,-0.530946995746034,-0.388027446155683,0.0690279447070473,0.0690279447070473,0.0690279447070473,-0.0642289088357602,-0.154408951632995,-0.0562562399563369,-0.121198775931764,-0.0296006958505769,-0.110768049700163,-0.0165267255022856,-0.0195809011287202,-0.0225625022848237,-0.0178563080797897,-0.014441300489983,-0.0105395839268352,-0.00414398667384035,-0.00350637024371265,0.00066405940884883,0.00449636515917301,-0.00657341006216916,-0.00803736744375717,-0.00965200114064315,0.0134835568729568,-0.0102187495538661,-0.00793002099710999,-0.0170376512570267,-0.00331336075346981,-0.00305040797206917,-0.00312289765775259,-0.00269719842516074,0.00312200797866691,-0.00228841569528135,-0.00205510102398227,-0.00186848769698267,-0.00135118175971479,-0.00242651032226136,-0.00113184586171076,-0.00065650247175311,-0.0003387203975493,-0.000161786752583257,-0.000159104755174416,-0.000111112215809698,-5.31606705685828e-05,1.66448494271604e-05,3.38240765497279e-05,8.15928458446254e-05,0.00011723682048669,0.000133777068182367,0.000124547126407496,5.01040510046803e-05,6.26874234027447e-05,0.000316172129669577,0.000387388963483462,0.000396855947661836,0.000375601932213956,0.000399509685597842,0.000444488936422684,0.000566900985749205,0.000290989368847222,0.000330294518420327,0.000344740854624293,0,-0.000839915355526268,-0.00106994973834672,-0.00223632125687297,-0.00106994973834672,-0.000462777776897406,-0.000347042435307597,-0.000187747972994495,4.22576896624706e-05,5.2400817512966e-05,7.235987554136e-05,0.000129946665918366,0.00026555766981072,8.13943725878833e-05,8.44619511173363e-05,8.92139101120439e-05,9.15214901996254e-05,9.15214901996256e-05,9.15214901996257e-05,9.57876873548417e-05,9.8765660271032e-05,9.94298682545417e-05,0.000100282177546307,0.000101578992640955,0.000102898875444222,0.000104038208241381,0.000102815907910005,0.000101275358874838,0.000115224840311629,0.000122185172706455,0.000115157795023489,0.000109321216364491,0.000105998983675235,0.000103050567976371,0.000109321216364491,0.000109321216364491,0.000109321216364491,0.000109321216364491,0.000109321216364491,0.000109321216364491,0.000109321216364491,0.000109321216364491,0.000109321216364491,0.000109321216364491,-0.0154166405361518,-0.00736018853850753,-0.00726335426449664,0.000344740854624293,-0.154408951632995,-0.000272290594944083
-0.0637237130113721,-0.119819411700537,-0.0399153283825375,0.0811496441915274,0.0980118658944018,0.469053004253966,-0.388027446155684,0.0690279447070473,0.0690279447070473,0.0690279447070473,-0.0642289088357602,-0.154408951632995,-0.0562562399563369,-0.121198775931764,-0.0296006958505769,-0.110768049700163,-0.0165267255022856,-0.0195809011287202,-0.0225625022848237,-0.0178563080797897,-0.014441300489983,-0.0105395839268352,-0.00414398667384035,-0.00350637024371265,0.00066405940884883,0.00449636515917301,-0.00657341006216916,-0.00803736744375717,-0.00965200114064316,0.0134835568729568,-0.0102187495538661,-0.00793002099710999,-0.0170376512570267,-0.00331336075346981,-0.00305040797206917,-0.00312289765775259,-0.00269719842516074,0.00312200797866691,-0.00228841569528135,-0.00205510102398227,-0.00186848769698266,-0.00135118175971479,-0.00242651032226136,-0.00113184586171076,-0.00065650247175311,-0.0003387203975493,-0.000161786752583257,-0.000159104755174416,-0.000111112215809698,-5.31606705685828e-05,1.66448494271604e-05,3.38240765497279e-05,8.15928458446254e-05,0.00011723682048669,0.000133777068182367,0.000124547126407496,5.01040510046803e-05,6.26874234027447e-05,0.000316172129669577,0.000387388963483462,0.000396855947661836,0.000375601932213956,0.000399509685597843,0.000444488936422684,0.000566900985749206,0.000290989368847222,0.000330294518420328,0.000344740854624293,0,-0.000839915355526267,-0.00106994973834672,-0.00223632125687297,-0.00106994973834672,-0.000462777776897406,-0.000347042435307597,-0.000187747972994495,4.22576896624706e-05,5.2400817512966e-05,7.235987554136e-05,0.000129946665918366,0.00026555766981072,8.13943725878833e-05,8.44619511173364e-05,8.92139101120439e-05,9.15214901996254e-05,9.15214901996256e-05,9.15214901996256e-05,9.57876873548418e-05,9.8765660271032e-05,9.94298682545416e-05,0.000100282177546307,0.000101578992640955,0.000102898875444222,0.000104038208241381,0.000102815907910005,0.000101275358874838,0.000115224840311629,0.000122185172706455,0.000115157795023489,0.000109321216364491,0.000105998983675235,0.000103050567976371,0.000109321216364491,0.000109321216364491,0.000109321216364491,0.000109321216364491,0.000109321216364491,0.000109321216364491,0.000109321216364491,0.000109321216364491,0.000109321216364491,0.000109321216364491,-0.0154166405361518,-0.00736018853850753,-0.00726335426449664,0.000344740854624293,-0.154408951632995,-0.000272290594944083
0,0,0,-5.55111512312578e-17,5.55111512312578e-17,-1.11022302462516e-16,0,0,-1,-1,-1.11022302462516e-16,1.11022302462516e-16,0,1.11022302462516e-16,0,0,0,-1.38777878078145e-17,0,1.38777878078145e-17,2.77555756156289e-17,6.93889390390723e-18,-3.46944695195361e-18,0,8.67361737988404e-19,0,-6.93889390390723e-18,0,0,0,6.93889390390723e-18,0,1.38777878078145e-17,-3.46944695195361e-18,0,0,3.46944695195361e-18,0,0,1.73472347597681e-18,0,-1.73472347597681e-18,0,0,-8.67361737988404e-19,0,0,2.16840434497101e-19,1.0842021724855e-19,-1.0842021724855e-19,0,0,0,1.0842021724855e-19,0,1.0842021724855e-19,1.35525271560688e-20,0,-2.16840434497101e-19,0,-4.33680868994202e-19,-4.33680868994202e-19,0,0,0,2.16840434497101e-19,0,-2.16840434497101e-19,0,-8.67361737988404e-19,0,0,0,0,2.16840434497101e-19,0,0,-5.42101086242752e-20,0,1.0842021724855e-19,0,5.42101086242752e-20,-5.42101086242752e-20,-1.0842021724855e-19,1.0842021724855e-19,1.0842021724855e-19,1.0842021724855e-19,0,1.0842021724855e-19,0,1.0842021724855e-19,-1.0842021724855e-19,0,0,-1.0842021724855e-19,0,0,0,0,1.0842021724855e-19,1.0842021724855e-19,0,1.0842021724855e-19,1.0842021724855e-19,1.0842021724855e-19,1.0842021724855e-19,1.0842021724855e-19,1.0842021724855e-19,1.0842021724855e-19,1.0842021724855e-19,1.0842021724855e-19,2.16840434497101e-19,0,0,6.93889390390723e-18,-2.16840434497101e-19,1.11022302462516e-16,-2.16840434497101e-19
-0.538641954190305,-0.511995284634603,-0.549951451579312,-0.605736057864538,-0.615469850574719,-0.555958006466765,-0.533034925773331,0.271396920859916,0.271396920859916,0.271396920859916,-0.521815639511098,-0.495564505409064,-0.430173177782912,-0.396636246560208,-0.123778955534369,-0.358054714907418,-0.0611061145555435,-0.076909563473661,-0.0923374848927342,-0.0726050872856122,-0.0582864500476237,-0.0419271118605227,-0.015111289471357,-0.0127853142178385,0.00415034777610217,0.0192289426158906,-0.0236255257258928,-0.0291657613383233,-0.0352762200313316,0.05458995800152,-0.0374210363912316,-0.0288773501492739,-0.071436533893749,-0.014183148954598,-0.0131186434247657,-0.0134121017059627,-0.0116887535644234,0.0122296984081176,-0.00994657963898118,-0.00895222565323349,-0.0081569061627681,-0.00595222174361354,-0.0104374297585454,-0.00496925908209494,-0.00296158924530529,-0.00161272537713226,-0.000850782583448259,-0.000866586621754798,-0.00066722150457722,-0.000426888830993817,-0.000137396166360706,-6.61516539445998e-05,0.000131951709661423,0.000279771956511179,0.000348366537275066,0.000310088755819118,1.36353948724559e-06,5.35484384151319e-05,0.00110478282597362,0.00140012839447267,0.00143938922192592,0.00135124602685287,0.0014503946218768,0.00163692948581419,0.00214458834065683,0.00100034660755241,0.00116335022795972,0.0013062232572488,0,-0.00305829372167141,-0.00389744129788995,-0.00815227407871641,-0.00389744129788995,-0.00167988019865701,-0.00125687499053619,-0.000670359861915584,0.000176510762824407,0.000214393262059347,0.000288936244424876,0.000504011078790991,0.00101049032532349,0.000322678235307528,0.000334135011068218,0.000351882601913451,0.000360500939589052,0.000360500939589053,0.000360500939589053,0.000376434309733913,0.000387556426933071,0.000390037107330481,0.00039322030748029,0.000398063645507276,0.000402993136688095,0.000407248310679086,0.000402683269988414,0.000396929635753858,0.000449028083850539,0.00047502349576966,0.000448777683469699,0.000426979260947266,0.00041457140420287,0.000403559677139698,0.000426979260947266,0.000426979260947266,0.000426979260947266,0.000426979260947267,0.000426979260947267,0.000426979260947266,0.000426979260947267,0.000426979260947267,0.000426979260947267,0.000426979260947267,-0.0569444422748541,-0.0266713676186567,-0.0262964947703165,0.0013062232572488,-0.495564505409064,-0.000981642037495689
0,0,0,0,0,0,0,0,0,-1,0,0,0,0,0,0,0,0,0,0,0,0,0,0,0,0,0,0,0,0,0,0,0,0,0,0,0,0,0,0,0,0,0,0,0,0,0,0,0,0,0,0,0,0,0,0,0,0,0,0,0,0,0,0,0,0,0,0,0,0,0,0,0,0,0,0,0,0,0,0,0,0,0,0,0,0,0,0,0,0,0,0,0,0,0,0,0,0,0,0,0,0,0,0,0,0,0,0,0,0,0,0,0,0,0,0,0,0
-0.037904877004485,-0.08899596977541,-0.0162205693619705,0.181320853428473,0.109401381038973,-0.00470387860453789,-0.0486555341709271,0.0773219472819043,0.0773219472819043,0.0773219472819043,-0.198621540005412,-0.120499586539063,-0.16132693306913,-0.0981847436619375,-0.0366374401111656,-0.0876433072365305,-0.0166910781911326,-0.0218975991655085,-0.0269804008296022,-0.0211305704123664,-0.0168856934685774,-0.0120358340628348,-0.0040860645214631,-0.00345695119690642,0.00146802958750864,0.00576603993086227,-0.00631933454369662,-0.0078577721693018,-0.00955455191309795,0.0158453617439189,-0.0101501341985661,-0.00780039429348705,-0.0211779620867191,-0.00425527845498223,-0.00394631034968845,-0.00403148534087754,-0.00353129102987492,0.00347592023734585,-0.00300990277023058,-0.00271231796166,-0.0024742991054831,-0.00181449324133772,-0.00314008358003694,-0.001512071549629,-0.000914337711243695,-0.000511594640004657,-0.000282216592389589,-0.000291607090736742,-0.000232827348736584,-0.000162039710018668,-7.67724766875159e-05,-5.57881022770373e-05,2.56130616026633e-06,4.61003142908545e-05,6.63041772476569e-05,5.50298310498367e-05,-3.59021623032319e-05,-2.05316106559701e-05,0.00028909919785961,0.000376090346787154,0.000387654239569975,0.000361692523440235,0.000390895772500365,0.000445837792492137,0.000595363743636194,0.000258338531037084,0.000306349653366237,0.000363022022370575,0,-0.000826055535777684,-0.00105302223315331,-0.00220383929026917,-0.00105302223315331,-0.000452703187987762,-0.00033812945162895,-0.000178409074868094,5.22115666987984e-05,6.26339324841718e-05,8.31424587070032e-05,0.000142314599940091,0.000281658943018522,9.24256733419388e-05,9.55777015900848e-05,0.000100460480903324,0.000102831588130435,0.000102831588130435,0.000102831588130435,0.000107215232694474,0.000110275188507804,0.000110957681981586,0.0001118334551486,0.000113165971259176,0.000114522190126987,0.000115692888489296,0.000114436938515979,0.000112853978526569,0.000127187485921273,0.000134339434637282,0.000127118594892048,0.000121121336589107,0.000117707643611761,0.00011467805871903,0.000121121336589107,0.000121121336589107,0.000121121336589107,0.000121121336589107,0.000121121336589107,0.000121121336589107,0.000121121336589107,0.000121121336589107,0.000121121336589107,0.000121121336589107,-0.0155430319220673,-0.00717828820778236,-0.00707257083374102,0.000363022022370575,-0.120499586539063,-0.000263177743119709
-0.0426735550792428,-0.100192236940703,-0.0182612216365409,0.0871233889477732,0.123164780589037,-0.00529565688059265,-0.0547767142763018,0.0870495471012406,0.0870495471012407,0.0870495471012407,-0.223609411167383,-0.135659211942365,-0.18162290206815,-0.110537017864568,-0.0412466664477316,-0.0986694007275779,-0.0187909235119525,-0.0246524584153628,-0.0303747093210683,-0.0237889324965028,-0.0190100226468822,-0.0135500196384818,-0.00460011779996975,-0.0038918579603882,0.00165271718077586,0.00649144495442236,-0.00711434759919393,-0.00884633060350428,-0.0107565761860361,0.0178388104794441,-0.0114270865654825,-0.0087817342207322,-0.0238422863492418,-0.00479061993802838,-0.00444278165174603,-0.00453867220634278,-0.00397555022395595,0.00391321342849581,-0.00338856795745314,-0.00305354506006238,-0.00278558189617291,-0.00204276819750601,-0.00353512635300933,-0.00170229990587265,-0.00102936729427113,-0.000575956546327823,-0.000317721260464408,-0.000328293144087494,-0.000262118531319574,-0.0001824253509565,-8.64309495611067e-05,-6.2806605466729e-05,2.8835349997837e-06,5.19000312500265e-05,7.46456705142976e-05,6.19529388270742e-05,-4.0418885947832e-05,-2.31146197384954e-05,0.000325469742106464,0.000423404938802312,0.000436423643902972,0.000407195776389168,0.00044007298258912,0.000501927063160502,0.000670264343642037,0.000290839184941749,0.000344890416209086,0.000408692534862357,0,-0.00092997865156907,-0.00118549922377582,-0.00248109649130303,-0.00118549922377582,-0.000509656169702351,-0.000380668318124205,-0.00020085408751279,5.87801186383246e-05,7.05136852805676e-05,9.36023164153036e-05,0.000160218694771264,0.000317093455204723,0.000104053419343021,0.00010760199308045,0.000113099057533097,0.000115768465346844,0.000115768465346844,0.000115768465346844,0.000120703600678618,0.000124148518674915,0.000124916874230883,0.000125902825312456,0.000127402980546621,0.000128929820497802,0.000130247800266982,0.000128833843684119,0.000127051737115395,0.000143188492214595,0.000151240202220681,0.000143110934249435,0.000136359182159994,0.000132516024582273,0.000129105298364328,0.000136359182159994,0.000136359182159994,0.000136359182159994,0.000136359182159994,0.000136359182159995,0.000136359182159994,0.000136359182159995,0.000136359182159995,0.000136359182159995,0.000136359182159994,-0.0174984456154886,-0.0080813631758582,-0.00796234587411489,0.000408692534862357,-0.135659211942365,-0.000296287201125092
-0.205245077511883,-0.316491909880737,-0.158029204714694,0.147309498051023,0.115502702711152,-0.132952517240413,-0.228653787147682,0.0802786363174559,0.0802786363174559,0.0802786363174559,0.421533497973716,-0.385088555265335,0.319694031316244,-0.288153173623082,-0.0207925028983406,-0.271546463150865,-0.0263554464864035,-0.0229134887182149,-0.0195533200455081,-0.0163449552458994,-0.0140168341220808,-0.0113569077497557,-0.00699682225285166,-0.00592185559272763,-0.00206457387990615,0.002371835889103,-0.0117341075764785,-0.0138339709551933,-0.0161499606231793,0.0127757200550821,-0.0169628901885063,-0.0134628576852873,-0.0116149248850112,-0.00172313113285611,-0.00147381013836971,-0.00154254187198488,-0.00113891139712718,0.00371394450283396,-0.000912208823893209,-0.000782817260868162,-0.000679325311873535,-0.000392437978931556,-0.00116881151973466,-0.000359590621102866,-6.24805845636464e-05,0.000123849857458865,0.000207458738908889,0.000259132401213805,0.000295279324280602,0.000339669794763852,0.000393140325395027,0.000406299490889863,0.000442890027597449,0.000470193058045922,0.000482862769855431,0.00047579270026169,0.000418769835252621,0.000428408608795102,0.000622576086550463,0.00067712767350423,0.000684379315889036,0.000668098891588628,0.000686412060227923,0.000720865845675602,0.000814632602710542,0.000603286271303598,0.00063339373564653,0.000491580311505629,0,-0.00142644115531874,-0.00181425941176592,-0.00378066183882207,-0.00181425941176592,-0.000795493436364157,-0.000601869268642644,-0.000343302586399429,3.00424767419929e-05,4.55191637385709e-05,7.59732897640951e-05,0.000163840932067247,0.000370760246451239,8.97583948146757e-05,9.44389976265044e-05,0.000101689678389448,0.000105210652911453,0.000105210652911453,0.000105210652911453,0.000111720143771686,0.00011626402366628,0.000117277492017752,0.000118577970955546,0.000120556690104919,0.000122570606652103,0.000124309034615003,0.00012244401231386,0.000120093396648596,0.000141377931472954,0.000151998214235297,0.00014127563177266,0.000132370005976787,0.000127300844252782,0.000122802063641938,0.000132370005976787,0.000132370005976787,0.000132370005976787,0.000132370005976787,0.000132370005976787,0.000132370005976787,0.000132370005976787,0.000132370005976787,0.000132370005976787,0.000132370005976787,-0.0246906377222954,-0.0127367114487801,-0.0126133140491122,0.000491580311505629,-0.385088555265335,-0.000480532123121682
0.382812944613265,0.741472859041296,0.230588916868035,0.0196405850256392,0.0237217353791125,-0.00660026391232783,-0.0182798488245863,0.0167067795634948,0.0167067795634948,0.0167067795634949,-0.0155452726584412,-0.0373714780080858,-0.0136156538342599,-0.0293336451121464,-0.00716423330580719,-0.0268091045861595,-0.00399995046998531,-0.00473915021228666,-0.00546078481219671,-0.00432174830313965,-0.0034952166824649,-0.00255088726897315,-0.00100296585922893,-0.000848644052467701,0.000160721780255605,0.00108825174891253,-0.00159095730512033,-0.00194527776719321,-0.00233606630021628,0.0032634147425997,-0.00247323597617666,-0.00191929679052252,-0.00412360943149719,-0.000801930116237459,-0.000738287859856909,-0.00075583248188614,-0.00065280082898898,0.000755617153551656,-0.000553863464035661,-0.000497394496302871,-0.000452228618468551,-0.000327025466361094,-0.000587286398785484,-0.000273939770214903,-0.000158892780670448,-8.19802333610224e-05,-3.91571214118187e-05,-3.85079996729413e-05,-2.68924028409406e-05,-1.28664355922248e-05,4.02853991129685e-06,8.18641483899472e-06,1.97478527757064e-05,2.83747361290939e-05,3.23779593649881e-05,3.01440437635445e-05,1.21266443456462e-05,1.51721881426118e-05,7.65228936907786e-05,9.37594483758141e-05,9.60507351651054e-05,9.09066424004457e-05,9.66930172858365e-05,0.000107579310245173,0.000137206602969782,7.04279297505248e-05,7.99409244139893e-05,8.34373598863776e-05,0,-0.000203284057729436,-0.000258959099802847,-0.000541255087780704,-0.000258959099802847,-0.000112005744026156,-8.39944096621858e-05,-4.54404953185835e-05,1.02275956360815e-05,1.26825289504334e-05,1.75132041819e-05,3.14508900956399e-05,6.42727154886607e-05,1.96998164483362e-05,2.04422600847907e-05,2.15923730101614e-05,2.21508748171028e-05,2.21508748171028e-05,2.21508748171028e-05,2.31834191837226e-05,2.39041756435592e-05,2.4064933383224e-05,2.42712171356647e-05,2.45850842805269e-05,2.49045344848956e-05,2.51802863122515e-05,2.48844539173665e-05,2.45115960371773e-05,2.78877781381885e-05,2.957238195339e-05,2.78715512194459e-05,2.645892864355e-05,2.5654851259621e-05,2.49412485100168e-05,2.645892864355e-05,2.645892864355e-05,2.645892864355e-05,2.645892864355e-05,2.645892864355e-05,2.645892864355e-05,2.645892864355e-05,2.645892864355e-05,2.645892864355e-05,2.645892864355e-05,-0.00373127747233696,-0.00178138068546683,-0.00175794396173188,8.34373598863776e-05,-0.0373714780080859,-6.59022801019198e-05
0.22284724629153,0.0555394747407521,0.293856750933702,0.025029470542049,0.0302303865237565,-0.00841121132327279,-0.0232953823458322,0.0212907022062287,0.0212907022062288,0.0212907022062288,-0.019810506844101,-0.0476252772865544,-0.017351448855035,-0.0373820639897916,-0.00912991981908804,-0.0341648526569871,-0.00509743688018752,-0.00603945455178282,-0.00695908764504318,-0.00550752799381359,-0.00445421675971621,-0.00325078696339766,-0.00127815461685487,-0.00108149076436353,0.000204819818713237,0.00138684082252041,-0.00202747621571272,-0.00247901335456684,-0.00297702449133812,0.00415881416260049,-0.00315183009714013,-0.00244590384742214,-0.00525502476926423,-0.00102195969188011,-0.000940855591405148,-0.00096321401910365,-0.000831913056442832,0.000962939610057392,-0.000705829751980446,-0.000633867111225972,-0.00057630884566086,-0.00041675307869392,-0.000748423104452251,-0.000349101994667618,-0.000202488987366903,-0.000104473559889453,-4.99008565991865e-05,-4.90736320832045e-05,-3.42710058704237e-05,-1.63966638578415e-05,5.13387054945892e-06,1.04325624104439e-05,2.51661698810409e-05,3.6160054354514e-05,4.12616619657568e-05,3.84148157711671e-05,1.54538923879829e-05,1.93350572642409e-05,9.7518862647186e-05,0.000119484697023928,0.000122404655626031,0.000115849152409068,0.000123223163903638,0.000137096383493692,0.000174852664659616,8.97515929758251e-05,0.000101874715550078,0.000106330485505202,0,-0.000259060121068951,-0.000330011002811253,-0.000689761952490534,-0.000330011002811253,-0.000142737320043332,-0.000107040375813248,-5.79082312216198e-05,1.30337921887313e-05,1.61622978312086e-05,2.23183895793088e-05,4.0080228065631e-05,8.1907541800862e-05,2.51049535863485e-05,2.60511051955552e-05,2.75167803548244e-05,2.82285210950453e-05,2.82285210950454e-05,2.82285210950454e-05,2.95443698222565e-05,3.04628838357608e-05,3.0667749480246e-05,3.09306323372627e-05,3.13306167799964e-05,3.17377161341888e-05,3.20891273691756e-05,3.17121259609439e-05,3.12369651998779e-05,3.5539487264854e-05,3.76863042518514e-05,3.55188080852814e-05,3.3718597190124e-05,3.26939010739795e-05,3.17845035699527e-05,3.3718597190124e-05,3.3718597190124e-05,3.3718597190124e-05,3.3718597190124e-05,3.37185971901241e-05,3.3718597190124e-05,3.37185971901241e-05,3.37185971901241e-05,3.37185971901241e-05,3.37185971901241e-05,-0.00475504672880942,-0.0022701470110418,-0.00224027983623206,0.000106330485505202,-0.0476252772865544,-8.3984218204884e-05
-0.0637237130113721,-0.119819411700537,-0.0399153283825375,0.0811496441915274,0.0980118658944018,0.469053004253966,0.611972553844317,0.0690279447070473,0.0690279447070473,0.0690279447070474,-0.0642289088357602,-0.154408951632995,-0.0562562399563369,-0.121198775931764,-0.0296006958505769,-0.110768049700163,-0.0165267255022856,-0.0195809011287202,-0.0225625022848237,-0.0178563080797897,-0.014441300489983,-0.0105395839268352,-0.00414398667384035,-0.00350637024371265,0.00066405940884883,0.00449636515917301,-0.00657341006216916,-0.00803736744375717,-0.00965200114064316,0.0134835568729568,-0.0102187495538661,-0.00793002099710999,-0.0170376512570267,-0.00331336075346981,-0.00305040797206917,-0.00312289765775259,-0.00269719842516074,0.00312200797866691,-0.00228841569528135,-0.00205510102398227,-0.00186848769698266,-0.00135118175971479,-0.00242651032226136,-0.00113184586171076,-0.00065650247175311,-0.0003387203975493,-0.000161786752583257,-0.000159104755174416,-0.000111112215809698,-5.31606705685828e-05,1.66448494271604e-05,3.38240765497279e-05,8.15928458446254e-05,0.00011723682048669,0.000133777068182367,0.000124547126407496,5.01040510046803e-05,6.26874234027447e-05,0.000316172129669577,0.000387388963483462,0.000396855947661836,0.000375601932213956,0.000399509685597843,0.000444488936422684,0.000566900985749206,0.000290989368847222,0.000330294518420328,0.000344740854624293,0,-0.000839915355526267,-0.00106994973834672,-0.00223632125687297,-0.00106994973834672,-0.000462777776897406,-0.000347042435307597,-0.000187747972994495,4.22576896624706e-05,5.2400817512966e-05,7.235987554136e-05,0.000129946665918366,0.00026555766981072,8.13943725878833e-05,8.44619511173364e-05,8.92139101120439e-05,9.15214901996255e-05,9.15214901996256e-05,9.15214901996256e-05,9.57876873548417e-05,9.8765660271032e-05,9.94298682545416e-05,0.000100282177546307,0.000101578992640955,0.000102898875444222,0.000104038208241381,0.000102815907910005,0.000101275358874838,0.000115224840311629,0.000122185172706455,0.000115157795023489,0.000109321216364491,0.000105998983675235,0.000103050567976371,0.000109321216364491,0.000109321216364491,0.000109321216364491,0.000109321216364491,0.000109321216364491,0.000109321216364491,0.000109321216364491,0.000109321216364491,0.000109321216364491,0.000109321216364491,-0.0154166405361518,-0.00736018853850753,-0.00726335426449664,0.000344740854624293,-0.154408951632995,-0.000272290594944083
0.124666645428157,0.127303703164623,0.123547413716183,0.121134744325223,0.117063458916858,0.122952981755282,0.125221538700453,0.0840928580656891,0.0840928580656891,0.0840928580656891,0.156235550853488,0.128929756783906,-0.662643866453525,0.0794314120965764,-0.0570916036605566,0.0852337551867562,-0.00912655521668165,-0.0236365688626564,-0.0378017901051625,-0.0285745476629699,-0.0218788819933788,-0.0142289459515609,-0.00168936006858119,-0.001426953564567,0.00518532064819065,0.00988564899618163,-0.00169957456641206,-0.00287013181761282,-0.00416116747595472,0.0209084521682809,-0.00461433057554238,-0.00311927082893194,-0.0334053235509496,-0.0073227672601545,-0.00691528186306477,-0.00702761567523544,-0.00636792985670369,0.00367518916300771,-0.00548626190379051,-0.00498304576085422,-0.00458055568978248,-0.00346482345991218,-0.00550639841331161,-0.00285478083439879,-0.00188122442095118,-0.00121140104379135,-0.000807396591762885,-0.000879032636038041,-0.00079022520433676,-0.00068413485573902,-0.000556343751643649,-0.000524894198633629,-0.000437445186437399,-0.000372192712505041,-0.000341912922093476,-0.000358809930384779,-0.000495090883503685,-0.000472054839189568,-8.00714658438955e-06,0.000122367612085237,0.000139698567583911,0.000100789408240776,0.000144556694861562,0.000226899009977037,0.000450995484567689,-5.41085553247658e-05,1.78463339287928e-05,0.000280134245727302,0,-0.000329593032028012,-0.000424262045163209,-0.000904273942750134,-0.000424262045163209,-0.000166865921325956,-0.000116928501110511,-3.59605759814554e-05,8.09492085951301e-05,8.76284540261685e-05,0.000100771485358212,0.000138692362644107,0.000227992151772005,0.000106720697870285,0.000108740697044031,0.000111869860046973,0.000113389400565826,0.000113389400565826,0.000113389400565826,0.000116198689601406,0.000118159683516439,0.000118597064194717,0.000119158309505509,0.000120012261700878,0.000120881403972686,0.000121631654141275,0.000120826769886238,0.000119812318993368,0.000128998046662914,0.000133581422622666,0.000128953897368822,0.000125110512772314,0.000122922823941252,0.000120981293441419,0.000125110512772314,0.000125110512772314,0.000125110512772314,0.000125110512772314,0.000125110512772314,0.000125110512772314,0.000125110512772314,0.000125110512772314,0.000125110512772314,0.000125110512772314,-0.00835083981526052,-0.00252293993486045,-0.00242160265874371,0.000280134245727302,0.128929756783906,-7.89328211231198e-05
0.1641116426145,0.175469202816825,0.159291216662763,0.133884136851556,0.131365431813939,0.156731053990268,0.166501515865595,0.0945653788635083,0.0945653788635083,0.0945653788635083,0.155599288053059,0.182472463161802,0.104420660094872,-0.617737013384737,-0.0666881863207348,0.121881926795454,-0.00896166552564138,-0.0265544081107128,-0.0437291053274262,-0.0329396227330572,-0.0251103315171433,-0.0161652049218118,-0.00150257472946419,-0.00126830781758585,0.00634853200544484,0.0116379584977842,-0.00116532335843752,-0.00240918713349748,-0.00378107431464549,0.0240422636445223,-0.00426261689890847,-0.00273427353238337,-0.0390611129080929,-0.00862327901729422,-0.00815474336774941,-0.0082839072495158,-0.00752538602227975,0.00411772392547761,-0.00648855423976357,-0.00589677760917651,-0.0054234537274867,-0.0041113649384082,-0.00649368758163206,-0.0033848134691306,-0.00224337272937355,-0.00145670789841907,-0.000980107674698269,-0.00106952147913387,-0.000966066906785176,-0.000842568101898796,-0.000693807645933764,-0.000657197508797963,-0.000555398913190756,-0.000479439104847763,-0.000444190677658431,-0.00046386033053179,-0.000622503742127856,-0.000595687693545622,-5.54940170753962e-05,9.62740475588247e-05,0.000116448854408982,7.11550577392144e-05,0.000122104155958143,0.000217958092180909,0.000478826749481049,-0.000109160245514353,-2.5398216771849e-05,0.000298485694064389,0,-0.000288624542810112,-0.000373141568945076,-0.000801678602868856,-0.000373141568945076,-0.000140716065744273,-9.53261627293613e-05,-1.76467902923722e-05,9.45146450312787e-05,0.000101354379164594,0.000114813210846278,0.000153645249796711,0.000245090731491032,0.000120905370852268,0.000122973906503576,0.000126178256938203,0.000127734308929564,0.000127734308929564,0.000127734308929564,0.000130611099475052,0.000132619212091119,0.000133067102138784,0.000133641833034515,0.000134516303966776,0.000135406329962163,0.000136174607118558,0.000135350383129578,0.000134311557042085,0.000143717999091477,0.000148411504266784,0.000143672788979514,0.000139737055656999,0.000137496801106485,0.000135508619571956,0.000139737055656999,0.000139737055656999,0.000139737055656999,0.000139737055656999,0.000139737055657,0.000139737055656999,0.000139737055656999,0.000139737055657,0.000139737055657,0.000139737055656999,-0.00815752782080627,-0.00207524984916109,-0.00196325889645664,0.000298485694064389,0.182472463161802,-5.88736962491742e-05
0.124666645428157,0.127303703164624,0.123547413716183,0.121134744325223,0.117063458916858,0.122952981755282,0.125221538700454,0.0840928580656891,0.0840928580656891,0.0840928580656892,0.156235550853488,0.128929756783906,0.337356133546475,0.0794314120965765,-0.0570916036605566,0.0852337551867562,-0.00912655521668165,-0.0236365688626564,-0.0378017901051625,-0.0285745476629699,-0.0218788819933788,-0.0142289459515609,-0.00168936006858119,-0.001426953564567,0.00518532064819065,0.00988564899618163,-0.00169957456641206,-0.00287013181761282,-0.00416116747595472,0.0209084521682809,-0.00461433057554238,-0.00311927082893194,-0.0334053235509496,-0.0073227672601545,-0.00691528186306477,-0.00702761567523544,-0.00636792985670369,0.00367518916300771,-0.00548626190379051,-0.00498304576085422,-0.00458055568978248,-0.00346482345991218,-0.00550639841331161,-0.00285478083439879,-0.00188122442095118,-0.00121140104379135,-0.000807396591762885,-0.000879032636038041,-0.00079022520433676,-0.00068413485573902,-0.000556343751643649,-0.00052489419863363,-0.000437445186437399,-0.000372192712505041,-0.000341912922093476,-0.000358809930384779,-0.000495090883503684,-0.000472054839189568,-8.00714658438955e-06,0.000122367612085237,0.000139698567583911,0.000100789408240776,0.000144556694861562,0.000226899009977037,0.000450995484567689,-5.41085553247659e-05,1.78463339287928e-05,0.000280134245727302,0,-0.000329593032028012,-0.000424262045163209,-0.000904273942750134,-0.000424262045163209,-0.000166865921325956,-0.000116928501110511,-3.59605759814554e-05,8.09492085951301e-05,8.76284540261685e-05,0.000100771485358212,0.000138692362644107,0.000227992151772005,0.000106720697870285,0.000108740697044031,0.000111869860046973,0.000113389400565826,0.000113389400565826,0.000113389400565826,0.000116198689601406,0.000118159683516439,0.000118597064194717,0.000119158309505509,0.000120012261700878,0.000120881403972686,0.000121631654141275,0.000120826769886238,0.000119812318993368,0.000128998046662914,0.000133581422622666,0.000128953897368822,0.000125110512772314,0.000122922823941252,0.000120981293441419,0.000125110512772314,0.000125110512772314,0.000125110512772314,0.000125110512772314,0.000125110512772314,0.000125110512772314,0.000125110512772314,0.000125110512772314,0.000125110512772314,0.000125110512772314,-0.00835083981526053,-0.00252293993486045,-0.00242160265874371,0.000280134245727302,0.128929756783906,-7.89328211231198e-05
0.1641116426145,0.175469202816825,0.159291216662763,0.133884136851555,0.131365431813939,0.156731053990268,0.166501515865595,0.0945653788635083,0.0945653788635083,0.0945653788635083,0.155599288053059,0.182472463161802,0.104420660094872,0.382262986615263,-0.0666881863207348,0.121881926795454,-0.00896166552564138,-0.0265544081107128,-0.0437291053274262,-0.0329396227330572,-0.0251103315171433,-0.0161652049218118,-0.00150257472946419,-0.00126830781758585,0.00634853200544484,0.0116379584977841,-0.00116532335843752,-0.00240918713349748,-0.00378107431464549,0.0240422636445223,-0.00426261689890847,-0.00273427353238337,-0.0390611129080929,-0.00862327901729422,-0.00815474336774941,-0.0082839072495158,-0.00752538602227974,0.00411772392547761,-0.00648855423976357,-0.00589677760917651,-0.0054234537274867,-0.0041113649384082,-0.00649368758163206,-0.0033848134691306,-0.00224337272937354,-0.00145670789841907,-0.00098010767469827,-0.00106952147913387,-0.000966066906785176,-0.000842568101898796,-0.000693807645933764,-0.000657197508797963,-0.000555398913190757,-0.000479439104847763,-0.000444190677658431,-0.00046386033053179,-0.000622503742127855,-0.000595687693545622,-5.54940170753962e-05,9.62740475588246e-05,0.000116448854408982,7.11550577392144e-05,0.000122104155958143,0.000217958092180909,0.000478826749481049,-0.000109160245514353,-2.5398216771849e-05,0.000298485694064388,0,-0.000288624542810111,-0.000373141568945076,-0.000801678602868856,-0.000373141568945076,-0.000140716065744273,-9.53261627293613e-05,-1.76467902923722e-05,9.45146450312787e-05,0.000101354379164594,0.000114813210846278,0.000153645249796711,0.000245090731491032,0.000120905370852268,0.000122973906503576,0.000126178256938203,0.000127734308929564,0.000127734308929564,0.000127734308929564,0.000130611099475052,0.000132619212091119,0.000133067102138784,0.000133641833034515,0.000134516303966776,0.000135406329962163,0.000136174607118558,0.000135350383129578,0.000134311557042084,0.000143717999091477,0.000148411504266784,0.000143672788979514,0.000139737055656999,0.000137496801106485,0.000135508619571956,0.000139737055656999,0.000139737055656999,0.000139737055656999,0.000139737055656999,0.000139737055656999,0.000139737055656999,0.000139737055656999,0.000139737055656999,0.000139737055656999,0.000139737055656999,-0.00815752782080627,-0.00207524984916109,-0.00196325889645664,0.000298485694064388,0.182472463161802,-5.88736962491742e-05
0.172579757767037,0.185231809383949,0.167209918041741,0.139245060958683,0.136101258694484,0.164357957787684,0.175242019660621,0.0927386839307184,0.0927386839307185,0.0927386839307185,0.166349521582355,0.193033274645228,0.128050028575741,0.141669354727952,8.34446922037477e-07,-0.565170396889628,-0.0430178938132205,-0.0267185865002917,-0.0108065894601455,-0.0110909168895852,-0.0112972365371017,-0.01153296098715,-0.0119193546733116,-0.0100900528356857,-0.00738350487753332,-0.0022946648780752,-0.0207606278010432,-0.023886442387213,-0.0273339782407314,0.00963924218871684,-0.0285440889167807,-0.0230238057879586,0.00102990256529352,0.00176289732285074,0.00195138180604847,0.00189942121878855,0.00220456231456001,0.0044367853196323,0.0020282365045729,0.00192759771679724,0.0018471032545011,0.00162396665470684,0.00156265623639831,0.00127033522143445,0.00116300790501944,0.00105538356507816,0.000936721683012895,0.00108196749341711,0.00108907060654472,0.001099814126644,0.00111275523121671,0.00111594005348699,0.00112479580928958,0.00113140377386398,0.00113447013702697,0.00113275901673569,0.00111895816511879,0.00112129097115032,0.0011682839896334,0.00118148673482861,0.00118324179993303,0.00117930156087288,0.0011837337710571,0.00119207238365624,0.0012147661066081,0.00116361540839152,0.00117090211080277,0.000727603317457113,0,-0.00244007614683328,-0.00310003768378167,-0.00644632153309742,-0.00310003768378167,-0.00137229821158678,-0.00104462032669631,-0.000616752495641756,1.04690919799763e-06,2.54104288685851e-05,7.33515482203863e-05,0.000211673466350173,0.00053740744206045,9.50521665849752e-05,0.00010242040752061,0.000113834484928274,0.000119377230093663,0.000119377230093663,0.000119377230093663,0.000129624520657454,0.000136777531325513,0.000138372940996979,0.000140420164940266,0.000143535079839622,0.000146705402753246,0.000149442049419252,0.000146506116972598,0.000142805759718405,0.000176312038096148,0.000193030568880209,0.000176150997121362,0.000162131692517953,0.000154151779155133,0.000147069764126323,0.000162131692517953,0.000162131692517953,0.000162131692517953,0.000162131692517953,0.000162131692517953,0.000162131692517953,0.000162131692517953,0.000162131692517953,0.000162131692517953,0.000162131692517953,-0.0404360746387873,-0.0220731778346352,-0.0219116332151161,0.000727603317457113,0.193033274645228,-0.000843835520123394
0.0427986894494654,0.0500323703487471,0.0397285385973185,0.0255848604383213,0.021942481305098,0.0380979595386848,0.0443208104138438,-0.0157752390913009,-0.0157752390913007,-0.015775239091301,0.0569878284039567,0.0544927781905464,0.137222268707098,0.147885570415102,0.405475308516778,-0.027607037299062,-0.204899324705279,0.000346880828135665,0.20071594880432,0.133400484205208,0.0845536214320065,0.0287450738583837,-0.0627349164942557,-0.0531290511457805,-0.0831203315578197,-0.0845961045362486,-0.118096087167918,-0.129381156697033,-0.141827730458385,-0.0880569595794663,-0.146196570241001,-0.122203120081758,0.243705195094625,0.0630601528481978,0.0613479272014826,0.0618199461635499,0.0590479916706245,0.00171656029116038,0.0516807592782641,0.0474758766392282,0.0441126627678319,0.0347895853009225,0.0489046386437207,0.0282397773362924,0.0206525564569147,0.0152206145997263,0.0116073403350395,0.013026780126345,0.0124405968411294,0.0117544935250619,0.0109280479393639,0.0107246586311543,0.0101591118302652,0.00973711360574852,0.00954128934005612,0.00965056500531236,0.0105319158076012,0.010382938010828,0.00738186708479024,0.00653871259018212,0.00642663051867015,0.00667826229859714,0.00639521222964454,0.00586269125860302,0.00441342338110111,0.00768001229620893,0.00721466847580803,0.00257244451343344,0,-0.0129581813195863,-0.0164237120093309,-0.0339954169150781,-0.0164237120093309,-0.00741904622619822,-0.00571920582716905,-0.0036115682018517,-0.000568345094076393,-0.000463025412749665,-0.000255783459171263,0.000342160538038551,0.00175025752004031,-0.000161975083302214,-0.00013012333126589,-8.07820615533275e-05,-5.68216419429079e-05,-5.68216419429073e-05,-5.68216419429073e-05,-1.25242090911249e-05,1.83971361936478e-05,2.52938424354499e-05,3.41436710409522e-05,4.76089604981251e-05,6.13137701266298e-05,7.31438652304811e-05,6.04522888958957e-05,4.44562237921704e-05,0.000189298619673451,0.000261570210898179,0.000188602464751076,0.000127999205730339,9.3503289551131e-05,6.28888473001685e-05,0.000127999205730339,0.000127999205730339,0.000127999205730339,0.000127999205730339,0.00012799920573034,0.000127999205730339,0.000127999205730339,0.000127999205730339,0.000127999205730339,0.000127999205730339,-0.194220835819959,-0.120477997128244,-0.120184838979281,0.00257244451343344,0.0544927781905464,-0.00473015831714208
0.172579757767037,0.185231809383949,0.167209918041741,0.139245060958683,0.136101258694484,0.164357957787684,0.175242019660621,0.0927386839307184,0.0927386839307185,0.0927386839307185,0.166349521582355,0.193033274645228,0.128050028575741,0.141669354727952,8.34446922036609e-07,0.434829603110372,-0.0430178938132205,-0.0267185865002917,-0.0108065894601455,-0.0110909168895852,-0.0112972365371017,-0.01153296098715,-0.0119193546733116,-0.0100900528356857,-0.00738350487753332,-0.0022946648780752,-0.0207606278010432,-0.023886442387213,-0.0273339782407314,0.00963924218871684,-0.0285440889167807,-0.0230238057879586,0.00102990256529351,0.00176289732285074,0.00195138180604847,0.00189942121878855,0.00220456231456001,0.0044367853196323,0.0020282365045729,0.00192759771679724,0.0018471032545011,0.00162396665470684,0.00156265623639831,0.00127033522143445,0.00116300790501944,0.00105538356507816,0.000936721683012895,0.00108196749341711,0.00108907060654472,0.001099814126644,0.00111275523121671,0.00111594005348699,0.00112479580928958,0.00113140377386398,0.00113447013702697,0.00113275901673569,0.00111895816511879,0.00112129097115032,0.0011682839896334,0.00118148673482861,0.00118324179993303,0.00117930156087288,0.0011837337710571,0.00119207238365624,0.0012147661066081,0.00116361540839152,0.00117090211080277,0.000727603317457114,0,-0.00244007614683328,-0.00310003768378167,-0.00644632153309742,-0.00310003768378167,-0.00137229821158678,-0.00104462032669631,-0.000616752495641756,1.04690919799763e-06,2.54104288685851e-05,7.33515482203863e-05,0.000211673466350173,0.00053740744206045,9.50521665849752e-05,0.00010242040752061,0.000113834484928274,0.000119377230093663,0.000119377230093663,0.000119377230093663,0.000129624520657454,0.000136777531325513,0.000138372940996979,0.000140420164940266,0.000143535079839622,0.000146705402753246,0.000149442049419252,0.000146506116972598,0.000142805759718405,0.000176312038096148,0.000193030568880209,0.000176150997121362,0.000162131692517953,0.000154151779155133,0.000147069764126323,0.000162131692517953,0.000162131692517952,0.000162131692517953,0.000162131692517953,0.000162131692517953,0.000162131692517953,0.000162131692517953,0.000162131692517953,0.000162131692517953,0.000162131692517953,-0.0404360746387873,-0.0220731778346352,-0.0219116332151161,0.000727603317457114,0.193033274645228,-0.000843835520123394
0.0304879223831289,0.0290256242790514,0.0311085574142882,0.033881298866275,0.0347040322796517,0.0314381811147513,0.0301802236290118,0.0429341868305829,0.0429341868305829,0.042934186830583,0.0267880584100958,0.0281239469696302,0.00578445449879339,0.00349410735053035,-0.0644382650076664,0.0550420109280116,0.113170827701447,-0.567203396471097,-0.255172688584094,-0.185784724997787,-0.135433971933877,-0.0779071987042038,0.016389264631034,0.0138859492835514,0.0385919557948046,0.0446050212313525,0.0571030175161917,0.0641773514512201,0.071979803966696,0.0587063417904469,0.0747185227181513,0.0586359077379894,-0.046898390374316,-0.0340611171775824,-0.0309952267161752,-0.0318404181406712,-0.026876990069366,0.00549992947549292,-0.0234314153151752,-0.0214648372715097,-0.0198918985896454,-0.0155315962887896,-0.0259826005701841,-0.0141892158262485,-0.00985920781716707,-0.00682733760260007,-0.00491473272555315,-0.00544781829329857,-0.00507921657308839,-0.00469664120229207,-0.00423581013066339,-0.00412239901868932,-0.00380704669202671,-0.00357173792228457,-0.00346254512390606,-0.00352347789769593,-0.00401492445113906,-0.00393185352799062,-0.00225843817577278,-0.0017882901151831,-0.00172579247224197,-0.00186610387907422,-0.00170827344370461,-0.00141133652009269,-0.000603215960646308,-0.00242468575414541,-0.00216520721721303,-0.000323021138279301,0,0.00341730837410978,0.00432043535414667,0.008899670745883,0.00432043535414667,0.00199268481447815,0.00155549874855944,0.00104496261971056,0.000307798258055575,0.000286645074907665,0.000245021069358551,0.000124925577938158,-0.000157887026269214,0.000226179901871441,0.000219782560596585,0.000209872495337819,0.00020506010758716,0.00020506010758716,0.00020506010758716,0.000196163083799279,0.000189952612292445,0.000188567426841707,0.000186789961861166,0.000184085493613266,0.000181332918364014,0.000178956874634708,0.000181505944621051,0.000184718712553145,0.000155627495327052,0.000141111934832476,0.000155767316226496,0.000167939322648059,0.000174867737390694,0.000181016568224095,0.000167939322648059,0.000167939322648059,0.00016793932264806,0.000167939322648059,0.00016793932264806,0.000167939322648059,0.00016793932264806,0.00016793932264806,0.00016793932264806,0.00016793932264806,0.106128780979439,0.0579920307196365,0.0578826137099818,-0.000323021138279301,0.0281239469696301,0.00131592033102158
0.0304879223831285,0.029025624279051,0.0311085574142882,0.033881298866275,0.0347040322796516,0.0314381811147514,0.0301802236290116,0.042934186830583,0.0429341868305829,0.0429341868305831,0.0267880584100956,0.0281239469696303,0.00578445449879339,0.00349410735053035,-0.0644382650076665,0.0550420109280114,0.113170827701447,0.432796603528903,-0.255172688584094,-0.185784724997787,-0.135433971933877,-0.0779071987042037,0.016389264631034,0.0138859492835514,0.0385919557948046,0.0446050212313525,0.0571030175161917,0.0641773514512201,0.0719798039666959,0.0587063417904469,0.0747185227181513,0.0586359077379894,-0.046898390374316,-0.0340611171775824,-0.0309952267161752,-0.0318404181406712,-0.026876990069366,0.00549992947549292,-0.0234314153151752,-0.0214648372715097,-0.0198918985896454,-0.0155315962887896,-0.0259826005701841,-0.0141892158262485,-0.00985920781716708,-0.00682733760260006,-0.00491473272555315,-0.00544781829329857,-0.00507921657308839,-0.00469664120229207,-0.00423581013066339,-0.00412239901868932,-0.00380704669202671,-0.00357173792228457,-0.00346254512390606,-0.00352347789769593,-0.00401492445113906,-0.00393185352799062,-0.00225843817577278,-0.00178829011518309,-0.00172579247224197,-0.00186610387907422,-0.00170827344370461,-0.00141133652009269,-0.000603215960646309,-0.00242468575414541,-0.00216520721721303,-0.000323021138279301,0,0.00341730837410978,0.00432043535414667,0.00889967074588301,0.00432043535414667,0.00199268481447815,0.00155549874855944,0.00104496261971056,0.000307798258055575,0.000286645074907665,0.000245021069358551,0.000124925577938158,-0.000157887026269214,0.000226179901871441,0.000219782560596585,0.000209872495337819,0.00020506010758716,0.00020506010758716,0.000205060107587161,0.000196163083799279,0.000189952612292445,0.000188567426841707,0.000186789961861166,0.000184085493613266,0.000181332918364015,0.000178956874634707,0.000181505944621051,0.000184718712553145,0.000155627495327052,0.000141111934832476,0.000155767316226496,0.000167939322648059,0.000174867737390694,0.000181016568224095,0.000167939322648059,0.000167939322648059,0.000167939322648059,0.000167939322648059,0.00016793932264806,0.000167939322648059,0.00016793932264806,0.00016793932264806,0.00016793932264806,0.00016793932264806,0.106128780979439,0.0579920307196366,0.0578826137099818,-0.000323021138279301,0.0281239469696302,0.00131592033102158
0.0452056222256615,0.0461781841680104,0.0447928431830629,0.0428005120840766,0.0424015236504907,0.0445736132835834,0.0454102700311451,0.0379660348396489,0.0379660348396489,0.0379660348396489,0.0462404123636136,0.0467778820223512,0.0520054672569834,0.0532976804789486,0.0712801514695635,0.0465752075982892,0.0461375377688696,0.0760870434193696,0.105324877648472,-0.694057656736601,-0.548481393226282,-0.382157511477154,-0.109523519744047,-0.092724389303478,-0.0502686714065513,-0.0264325301262908,-0.0354839900361171,-0.0258260081856454,-0.0151739884371135,0.0294659251011962,-0.0114350504341822,-0.0365907528224535,0.056644445018944,0.0417124159369301,0.040955207334915,0.0411639513279028,0.0399380919965326,0.0312881531329637,0.0356698810390441,0.0332337795019869,0.0312852993219459,0.0258839682273762,0.0335902664661526,0.0217331844903716,0.0173797896818228,0.0140675718442272,0.0115654255830885,0.0131746515183011,0.0129360669867705,0.0127099631778351,0.0124376098887193,0.0123705833983847,0.0121842087186277,0.0120451401502463,0.0119806067027055,0.0120166182530942,0.0123070654331894,0.012257970134408,0.0112689739418932,0.0109911142693228,0.0109541778740471,0.0110371025627322,0.0109438240473674,0.0107683329557624,0.010290729977323,0.0113672270276004,0.0112138740153161,0.00613253147390288,0,-0.0224719281622775,-0.0285325900590275,-0.059262706718605,-0.0285325900590275,-0.0126960157009061,-0.00969600023656981,-0.00582796794824254,-0.000242906692901659,-2.91199704670791e-05,0.000391557128517094,0.00160531400427471,0.00446358735698548,0.000581977237667818,0.000646632595392648,0.000746789642961802,0.000795426512273793,0.000795426512273795,0.000795426512273795,0.00088534515675079,0.000948111896817083,0.000962111409581038,0.000980075533929346,0.00100740850781816,0.00103522767983957,0.00105924139908446,0.00103347897298405,0.00100100881842892,0.0012950220616799,0.00144172499904575,0.00129360894803118,0.00117059137000886,0.00110056866613784,0.00103842490358987,0.00117059137000886,0.00117059137000886,0.00117059137000886,0.00117059137000886,0.00117059137000886,0.00117059137000886,0.00117059137000886,0.00117059137000886,0.00117059137000886,0.00117059137000886,0.0354549056504705,-0.0361258668751385,-0.0360468666487975,0.00613253147390288,0.0467778820223512,-0.00788085532858403
0.124695365045123,0.129014514905826,0.122862212351492,0.114198274822561,0.112242356714264,0.121888611855145,0.125604206427928,0.0912551750609729,0.091255175060973,0.091255175060973,0.131061328187321,0.131677774479593,0.166850296991872,0.172875922353373,0.286505891736499,0.108801146209303,0.0593996983498399,-0.18506955014279,-0.423729628374208,-0.322632345051055,-0.24927200869092,-0.165456312260613,-0.0280676964624819,-0.0237543603190908,0.00556138830570502,0.0191556180369267,0.0136569070781194,0.0190594702327771,0.025018086671189,0.0510356288594905,0.0271096052725828,0.0129844478344802,0.151509077824325,-0.0163342846410275,-0.0104674925779061,-0.0120848244439557,-0.00258696377960505,0.0158351940705051,-0.00203061086280064,-0.00171306981122833,-0.00145908924599889,-0.000755036344438839,-0.0115718484308065,-0.00461942816912754,-0.00206680769000256,-0.000411863825671221,0.000425138239366075,0.000649188473352273,0.000932697156424692,0.0011407760166613,0.00139141735812175,0.00145310051056465,0.00162461743955133,0.00175259949053833,0.00181198834504132,0.001778847627972,0.00151155483676379,0.00155673626852076,0.0024668898899292,0.00272259864709863,0.00275659048061262,0.00268027653089055,0.00276611890237934,0.00292761988060157,0.003367148448772,0.00237646951981266,0.00251759726180078,0.0020349826303748,0,-0.00571637431293826,-0.00727250676304377,-0.0151627558058323,-0.00727250676304377,-0.00318127856852647,-0.00240331267870698,-0.0013588391110103,0.000149278820883451,0.000212511876614837,0.000336938212086274,0.00069593878656124,0.00154134843665213,0.000393259976306168,0.000412383501807608,0.000442007587432333,0.000456393222951613,0.000456393222951613,0.000456393222951613,0.000482989031113856,0.000501553948183969,0.000505694672924657,0.000511008035995787,0.00051909248315665,0.000527320736224933,0.000534423426373498,0.000526803510099784,0.000517199606409181,0.000604161769374862,0.000647553028236842,0.000603743803782395,0.000567358113976958,0.000546647054441008,0.000528266399385331,0.000567358113976958,0.000567358113976957,0.000567358113976958,0.000567358113976958,0.000567358113976959,0.000567358113976958,0.000567358113976959,0.000567358113976959,0.000567358113976959,0.000567358113976958,0.0534061374724811,0.0132669084090219,0.0133149082452185,0.0020349826303748,0.131677774479593,-0.00191317435084151
0.0452056222256616,0.0461781841680104,0.0447928431830629,0.0428005120840765,0.0424015236504908,0.0445736132835836,0.0454102700311451,0.0379660348396489,0.0379660348396489,0.0379660348396489,0.0462404123636136,0.0467778820223512,0.0520054672569836,0.0532976804789486,0.0712801514695635,0.0465752075982891,0.0461375377688696,0.0760870434193696,0.105324877648472,0.305942343263399,-0.548481393226282,-0.382157511477154,-0.109523519744047,-0.092724389303478,-0.0502686714065513,-0.0264325301262908,-0.0354839900361171,-0.0258260081856454,-0.0151739884371135,0.0294659251011962,-0.0114350504341822,-0.0365907528224535,0.056644445018944,0.0417124159369301,0.040955207334915,0.0411639513279028,0.0399380919965326,0.0312881531329637,0.0356698810390441,0.0332337795019869,0.0312852993219459,0.0258839682273762,0.0335902664661526,0.0217331844903716,0.0173797896818228,0.0140675718442272,0.0115654255830885,0.0131746515183011,0.0129360669867705,0.0127099631778351,0.0124376098887193,0.0123705833983847,0.0121842087186277,0.0120451401502463,0.0119806067027055,0.0120166182530942,0.0123070654331894,0.012257970134408,0.0112689739418931,0.0109911142693228,0.0109541778740471,0.0110371025627322,0.0109438240473674,0.0107683329557624,0.010290729977323,0.0113672270276004,0.0112138740153161,0.00613253147390288,0,-0.0224719281622775,-0.0285325900590275,-0.059262706718605,-0.0285325900590275,-0.0126960157009061,-0.00969600023656981,-0.00582796794824253,-0.000242906692901659,-2.91199704670792e-05,0.000391557128517094,0.00160531400427471,0.00446358735698548,0.000581977237667818,0.000646632595392648,0.000746789642961802,0.000795426512273792,0.000795426512273796,0.000795426512273796,0.00088534515675079,0.000948111896817083,0.000962111409581037,0.000980075533929346,0.00100740850781816,0.00103522767983957,0.00105924139908446,0.00103347897298405,0.00100100881842892,0.0012950220616799,0.00144172499904575,0.00129360894803118,0.00117059137000886,0.00110056866613784,0.00103842490358988,0.00117059137000886,0.00117059137000886,0.00117059137000886,0.00117059137000886,0.00117059137000886,0.00117059137000886,0.00117059137000886,0.00117059137000886,0.00117059137000886,0.00117059137000886,0.0354549056504705,-0.0361258668751385,-0.0360468666487975,0.00613253147390288,0.0467778820223513,-0.00788085532858404
0.0452056222256612,0.0461781841680101,0.0447928431830631,0.0428005120840766,0.0424015236504907,0.0445736132835832,0.0454102700311447,0.0379660348396488,0.0379660348396489,0.0379660348396489,0.0462404123636134,0.0467778820223511,0.0520054672569835,0.0532976804789486,0.0712801514695635,0.0465752075982891,0.0461375377688696,0.0760870434193696,0.105324877648472,0.305942343263399,0.451518606773718,-0.382157511477154,-0.109523519744047,-0.092724389303478,-0.0502686714065513,-0.0264325301262908,-0.035483990036117,-0.0258260081856454,-0.0151739884371134,0.0294659251011962,-0.0114350504341822,-0.0365907528224535,0.056644445018944,0.0417124159369301,0.040955207334915,0.0411639513279028,0.0399380919965325,0.0312881531329637,0.035669881039044,0.0332337795019869,0.0312852993219459,0.0258839682273762,0.0335902664661526,0.0217331844903716,0.0173797896818228,0.0140675718442272,0.0115654255830885,0.0131746515183011,0.0129360669867705,0.0127099631778351,0.0124376098887193,0.0123705833983847,0.0121842087186277,0.0120451401502463,0.0119806067027055,0.0120166182530942,0.0123070654331894,0.012257970134408,0.0112689739418931,0.0109911142693228,0.0109541778740471,0.0110371025627322,0.0109438240473674,0.0107683329557624,0.010290729977323,0.0113672270276004,0.0112138740153161,0.00613253147390289,0,-0.0224719281622775,-0.0285325900590275,-0.0592627067186049,-0.0285325900590275,-0.012696015700906,-0.00969600023656981,-0.00582796794824253,-0.000242906692901659,-2.91199704670793e-05,0.000391557128517094,0.00160531400427471,0.00446358735698548,0.000581977237667818,0.000646632595392648,0.000746789642961801,0.000795426512273793,0.000795426512273795,0.000795426512273795,0.00088534515675079,0.000948111896817083,0.000962111409581037,0.000980075533929346,0.00100740850781816,0.00103522767983957,0.00105924139908446,0.00103347897298405,0.00100100881842892,0.00129502206167989,0.00144172499904575,0.00129360894803118,0.00117059137000886,0.00110056866613784,0.00103842490358987,0.00117059137000886,0.00117059137000886,0.00117059137000886,0.00117059137000886,0.00117059137000886,0.00117059137000886,0.00117059137000886,0.00117059137000886,0.00117059137000886,0.00117059137000886,0.0354549056504705,-0.0361258668751385,-0.0360468666487974,0.00613253147390289,0.0467778820223512,-0.00788085532858403
0.0452056222256615,0.0461781841680102,0.0447928431830632,0.0428005120840767,0.0424015236504907,0.0445736132835833,0.0454102700311449,0.0379660348396488,0.0379660348396489,0.0379660348396489,0.0462404123636136,0.0467778820223513,0.0520054672569835,0.0532976804789486,0.0712801514695635,0.0465752075982892,0.0461375377688696,0.0760870434193696,0.105324877648472,0.305942343263399,0.451518606773718,0.617842488522846,-0.109523519744047,-0.092724389303478,-0.0502686714065513,-0.0264325301262908,-0.035483990036117,-0.0258260081856454,-0.0151739884371134,0.0294659251011962,-0.0114350504341822,-0.0365907528224535,0.056644445018944,0.0417124159369301,0.040955207334915,0.0411639513279028,0.0399380919965326,0.0312881531329637,0.0356698810390441,0.033233779501987,0.0312852993219458,0.0258839682273762,0.0335902664661526,0.0217331844903716,0.0173797896818228,0.0140675718442272,0.0115654255830885,0.0131746515183011,0.0129360669867706,0.0127099631778351,0.0124376098887193,0.0123705833983847,0.0121842087186277,0.0120451401502463,0.0119806067027055,0.0120166182530942,0.0123070654331894,0.012257970134408,0.0112689739418931,0.0109911142693228,0.0109541778740471,0.0110371025627322,0.0109438240473674,0.0107683329557624,0.010290729977323,0.0113672270276004,0.0112138740153161,0.00613253147390288,0,-0.0224719281622775,-0.0285325900590275,-0.0592627067186049,-0.0285325900590275,-0.012696015700906,-0.00969600023656981,-0.00582796794824253,-0.000242906692901659,-2.91199704670793e-05,0.000391557128517094,0.00160531400427471,0.00446358735698548,0.000581977237667818,0.000646632595392648,0.000746789642961802,0.000795426512273793,0.000795426512273795,0.000795426512273795,0.00088534515675079,0.000948111896817084,0.000962111409581036,0.000980075533929346,0.00100740850781816,0.00103522767983957,0.00105924139908446,0.00103347897298405,0.00100100881842892,0.00129502206167989,0.00144172499904575,0.00129360894803118,0.00117059137000885,0.00110056866613784,0.00103842490358987,0.00117059137000886,0.00117059137000886,0.00117059137000886,0.00117059137000886,0.00117059137000886,0.00117059137000886,0.00117059137000886,0.00117059137000886,0.00117059137000886,0.00117059137000886,0.0354549056504705,-0.0361258668751385,-0.0360468666487974,0.00613253147390288,0.0467778820223512,-0.00788085532858403
0.253569137845503,0.253882486392158,0.253436145068944,0.252767727856155,0.252665688743756,0.253365511654872,0.253635073072487,0.251422355691319,0.251422355691319,0.251422355691319,0.253647463562038,0.254075702312818,0.254037339892188,0.254412341960578,0.255340838867413,0.257176592013184,0.263872877804982,0.261303417946285,0.258795014559478,0.298744166216929,0.32773290959913,0.360853146443342,0.415143019208595,-0.495134258556925,0.347257658059483,0.317896020391728,0.339448077536778,0.330815207218095,0.321293807556673,0.249039649334056,0.317951725597042,0.342086655033088,0.221402576821659,0.183544809636081,0.18316838707662,0.183272157620039,0.182662760017019,0.181746995599347,0.163991979634718,0.153335543661801,0.144812149227187,0.12118466978832,0.149815872170708,0.100576840320604,0.0824984508760459,0.0683787692072636,0.0571871939028633,0.065353860921866,0.0645456182318524,0.0638408741303836,0.0629919747910774,0.0627830595855889,0.0622021474070624,0.0617686838854706,0.0615675392576294,0.0616797838405076,0.0625850801197879,0.0624320547356117,0.0593494475193448,0.0584833853057009,0.0583682580691336,0.058626726449176,0.05833598617458,0.0577889971068097,0.0563003539765423,0.0596556930573095,0.0591777062805334,0.0336033897333495,0,-0.119921858155619,-0.15229133619753,-0.316418267114262,-0.15229133619753,-0.0676633154947406,-0.0516263024030424,-0.0308727171675131,-0.000906564827431812,0.000250652901591125,0.00252775875547497,0.00909776908799231,0.0245694717292211,0.00355849407786681,0.00390847056557123,0.00445061607308321,0.00471388521726138,0.00471388521726139,0.00471388521726139,0.00520061071814151,0.00554036420503036,0.00561614292591462,0.00571338190757588,0.00586133404235235,0.00601191794533427,0.00614190310687054,0.00600245227528221,0.00582669281703611,0.00741817302583008,0.00821226930124988,0.00741052390642363,0.00674463539544532,0.00636560570907901,0.00602922437094092,0.00674463539544531,0.00674463539544532,0.00674463539544533,0.00674463539544533,0.00674463539544534,0.00674463539544532,0.00674463539544534,0.00674463539544534,0.00674463539544534,0.00674463539544534,0.273972554744347,0.340978343826676,0.340790003360227,0.0336033897333495,0.254075702312819,-0.041887302892516
-0.112023186109708,-0.110570031169901,-0.112639940558634,-0.115658913472586,-0.116212934359955,-0.11296750325414,-0.111717411272641,-0.122545077219825,-0.122545077219825,-0.122545077219825,-0.11088239253887,-0.109673991687498,-0.104600653033919,-0.102735576110522,-0.0835985034441812,-0.104945368275399,-0.0947340364226533,-0.0807185876255231,-0.0670361791958492,0.0196240364977382,0.0825082442959056,0.154354747905119,0.272123758975892,0.230374261869188,-0.402844507618967,-0.322678437349632,-0.0969151435061923,-0.0805657325102584,-0.0625335751194218,-0.134679908685724,-0.0562041540204113,-0.0130873998716923,-0.0812938103475063,-0.0776049152479489,-0.0780564842865372,-0.0779319976867098,-0.0786630513464785,-0.0875471455155988,-0.0708300317598433,-0.0663592988825658,-0.0627834485868688,-0.0528709272332943,-0.0638234328201883,-0.0437046000553314,-0.0363178566481854,-0.0304563798425625,-0.0256811561517523,-0.0293930576044021,-0.0291089424032006,-0.0288833305362473,-0.028611569815729,-0.0285446891572787,-0.0283587199794451,-0.0282199539874224,-0.0281555609475654,-0.0281914941463616,-0.0284813093903467,-0.0284323209099277,-0.0274454765110941,-0.0271682213875526,-0.0271313653560868,-0.0272141096226201,-0.0271210340565907,-0.0269459247871048,-0.026469360946206,-0.0275435158241189,-0.0273904964673586,-0.0158088836186184,0,0.0557815986638149,0.0708436631687742,0.147214694461526,0.0708436631687742,0.0314554270718849,0.0239902527209223,0.0143140132166894,0.000342467395943381,-0.000199133715376665,-0.00126486493442579,-0.00433976156643638,-0.0115808287695614,-0.00174726974216719,-0.00191106575904695,-0.00216480073216525,-0.00228801597289922,-0.00228801597289922,-0.00228801597289922,-0.00251581327117173,-0.00267482471859333,-0.0027102906801112,-0.00275580047417202,-0.00282504504121194,-0.00289552132856607,-0.00295635699170666,-0.00289109120509751,-0.00280883225285049,-0.00355367691613994,-0.00392532990284764,-0.00355009697481408,-0.00323844779375149,-0.00306105429708202,-0.00290362108292211,-0.00323844779375149,-0.00323844779375149,-0.00323844779375149,-0.00323844779375149,-0.0032384477937515,-0.00323844779375149,-0.0032384477937515,-0.0032384477937515,-0.0032384477937515,-0.0032384477937515,-0.084191077348505,-0.0482985042672409,-0.0542820906351116,-0.0158088836186184,-0.109673991687498,0.0194495003291798
0.0978915466671104,0.0953648166314212,0.0989639526081842,0.10424136814282,0.105176635445939,0.0995335150675163,0.0973598686995316,0.115990321773083,0.115990321773083,0.115990321773083,0.0961779106923748,0.0938067929057094,0.0868085279960906,0.0836093001862401,0.0554832594465432,0.0822336783781468,0.057241856718504,0.0489614301111287,0.0408777661162056,-0.0351701322746776,-0.0903536072608827,-0.153401864901188,-0.256749008868286,-0.217356759379478,-0.431631361113782,0.439328136854397,-0.214393894455699,-0.173402492279217,-0.128192091983986,0.136713521487451,-0.112322905878237,-0.171958324167474,0.0627043141452324,0.0693606683245737,0.0700376483356851,0.0698510214137028,0.0709469971614209,0.0841165530263291,0.0639994762034094,0.0600341458452989,0.0568625343617205,0.0480705928774685,0.0573012162824053,0.0396962815343498,0.0332325300233481,0.0280521066535846,0.0237608804159016,0.0272177606361993,0.0269948269119773,0.0268339628094607,0.0266401939931488,0.0265925072413719,0.0264599088754617,0.0263609669755164,0.0263150539271258,0.0263406747504139,0.0265473166693381,0.0265123872658334,0.0258087547810457,0.0256110683861813,0.0255847895715774,0.0256437872757055,0.0255774232249233,0.0254525681104358,0.0251127720899812,0.0258786580459495,0.025769553317438,0.0150038795541184,0,-0.052621894901385,-0.0668335296254975,-0.138892522592829,-0.0668335296254975,-0.0296644568555629,-0.0226193171377974,-0.013479650816897,-0.000282864324279811,0.000229744030621331,0.00123842498703971,0.00414871758260749,0.0110021591083748,0.00169500590927972,0.00185003366863466,0.00209018581092633,0.0022068051466907,0.0022068051466907,0.0022068051466907,0.00242240809852695,0.00257290741392638,0.00260647482693325,0.0026495484103839,0.00271508620721312,0.00278178978843748,0.00283936882317361,0.00277759681642217,0.00269974131482532,0.00340471327578586,0.00375647109556949,0.00340132497433053,0.00310635886242316,0.00293846151768496,0.00278945595024693,0.00310635886242316,0.00310635886242316,0.00310635886242317,0.00310635886242317,0.00310635886242317,0.00310635886242316,0.00310635886242317,0.00310635886242317,0.00310635886242317,0.00310635886242317,0.0276454369644586,-0.189783011206866,-0.192812042991337,0.0150038795541184,0.0938067929057094,-0.0183303615276968
-0.0141316394425973,-0.0152052145384805,-0.0136759879504499,-0.0114175453297657,-0.0110362989140169,-0.0134339881866241,-0.0143575425731097,-0.00655475544674253,-0.00655475544674253,-0.00655475544674253,-0.0147044818464951,-0.0158671987817884,-0.0177921250378289,-0.0191262759242821,-0.0281152439976383,-0.0227116898972528,-0.0374921797041494,-0.0317571575143944,-0.0261584130796436,-0.0155460957769394,-0.00784536296497717,0.00095288300393144,0.0153747501076066,0.0130175024897102,0.165524131267251,0.116649699504765,-0.311309037961891,-0.253968224789475,-0.190725667103408,0.00203361280172709,-0.168527059898648,-0.185045724039166,-0.018589496202274,-0.00824424692337519,-0.00801883595085209,-0.00808097627300705,-0.00771605418505756,-0.00343059248926979,-0.00683055555643404,-0.00632515303726685,-0.00592091422514827,-0.00480033435582585,-0.00652221653778303,-0.00400831852098163,-0.00308532662483736,-0.00240427318897789,-0.00192027573585074,-0.00217529696820284,-0.00211411549122328,-0.00204936772678663,-0.00197137582258018,-0.00195218191590681,-0.00189881110398343,-0.00185898701190603,-0.00184050702043961,-0.00185081939594772,-0.00193399272100862,-0.0019199336440943,-0.00163672173004842,-0.00155715300137138,-0.00154657578450934,-0.00157032234691465,-0.00154361083166739,-0.00149335667666901,-0.00135658885622486,-0.00166485777816941,-0.00162094314992061,-0.000805004064499956,0,0.00315970376242993,0.00401013354327671,0.00832217186869699,0.00401013354327671,0.00179097021632204,0.00137093558312492,0.000834362399792439,5.96030716635707e-05,3.06103152446665e-05,-2.64399473860805e-05,-0.000191043983828893,-0.0005786696611866,-5.22638328874702e-05,-6.10320904122885e-05,-7.46149212389217e-05,-8.12108262085206e-05,-8.1210826208521e-05,-8.1210826208521e-05,-9.3405172644781e-05,-0.000101917304666952,-0.000103815853177948,-0.000106252063788122,-0.000109958833998816,-0.000113731540128588,-0.000116988168533057,-0.000113494388675341,-0.000109090938025175,-0.000148963640354086,-0.000168858807278157,-0.000148772000483552,-0.000132088931328329,-0.000122592779397065,-0.000114165132675186,-0.000132088931328329,-0.000132088931328329,-0.000132088931328329,-0.000132088931328329,-0.000132088931328329,-0.000132088931328329,-0.000132088931328328,-0.000132088931328329,-0.000132088931328329,-0.000132088931328329,-0.0565456403840465,-0.238081515474106,-0.247094133626449,-0.000805004064499956,-0.0158671987817884,0.00111913880148304
-0.0172941382847973,-0.0177081337720616,-0.0171184284884012,-0.0162440906094794,-0.0161005030977563,-0.0170251077598119,-0.0173812517777889,-0.014396346062796,-0.0143963460627961,-0.014396346062796,-0.0174820380789724,-0.0179634102687126,-0.0184828303019289,-0.0189919619517157,-0.0218288442457121,-0.0210124504615382,-0.0275967686717042,-0.0234183609089096,-0.0193392420434488,-0.00612305635332957,0.0034671501859108,0.014424158834984,0.0323846163112999,0.0274169295314269,0.0476823108104191,0.0301005950137413,0.156998714870111,-0.575916110568721,-0.281341467748626,-0.0111305229649421,-0.177943581456524,0.0350027235308582,-0.0167828814700904,-0.0111957091301629,-0.0111220126811502,-0.0111423289995267,-0.0110230204239628,-0.00964892102940267,-0.00986588181584128,-0.00920543949705492,-0.00867719436907467,-0.00721285982539233,-0.00907650033426213,-0.00598278326993108,-0.00484690752626265,-0.00397165570953631,-0.00329458489231619,-0.00375933440644251,-0.00370260305297036,-0.00364934410145342,-0.00358519104410872,-0.00356940289522307,-0.0035255021751074,-0.00349274445122904,-0.00347754354077121,-0.00348602609321132,-0.00355444118252695,-0.00354287674161895,-0.00330991781662081,-0.0032444677257992,-0.00323576732533066,-0.00325530030885284,-0.00323332847232883,-0.00319199139099681,-0.00307949158839369,-0.00333306141757432,-0.00329693898034215,-0.00183658119727311,0,0.00664250768266961,0.00843471175467662,0.0175219436690784,0.00843471175467661,0.0037504057816372,0.00286288244692883,0.00171648530949081,6.1199686653475e-05,-2.43834801309236e-06,-0.000127661577518273,-0.00048896138723814,-0.00133978550126606,-0.000184344056997575,-0.000203590059973888,-0.000233403874380707,-0.000247881643346444,-0.000247881643346444,-0.000247881643346444,-0.000274647785552253,-0.000293331602464543,-0.000297498846662134,-0.000302846239404833,-0.000310982463769326,-0.000319263415052608,-0.000326411594698083,-0.000318742876329593,-0.00030907746400802,-0.000396596580038067,-0.000440265740159235,-0.000396175937566258,-0.000359557213982162,-0.000338713509538572,-0.000320215134755037,-0.000359557213982162,-0.000359557213982163,-0.000359557213982164,-0.000359557213982164,-0.000359557213982164,-0.000359557213982164,-0.000359557213982164,-0.000359557213982164,-0.000359557213982164,-0.000359557213982164,-0.0195133507596616,0.0862460637502287,0.0949540823495988,-0.00183658119727311,-0.0179634102687126,0.0023249146195067
-0.0172941382847973,-0.0177081337720617,-0.0171184284884009,-0.0162440906094796,-0.0161005030977565,-0.0170251077598121,-0.017381251777789,-0.014396346062796,-0.014396346062796,-0.0143963460627961,-0.0174820380789724,-0.0179634102687128,-0.0184828303019289,-0.0189919619517157,-0.021828844245712,-0.0210124504615382,-0.0275967686717042,-0.0234183609089096,-0.0193392420434488,-0.00612305635332957,0.00346715018591082,0.014424158834984,0.0323846163112999,0.0274169295314268,0.0476823108104191,0.0301005950137414,0.156998714870112,0.42408388943128,-0.281341467748625,-0.0111305229649421,-0.177943581456524,0.0350027235308581,-0.0167828814700904,-0.0111957091301629,-0.0111220126811502,-0.0111423289995267,-0.0110230204239628,-0.00964892102940269,-0.00986588181584129,-0.00920543949705493,-0.00867719436907469,-0.00721285982539235,-0.00907650033426215,-0.00598278326993107,-0.00484690752626265,-0.00397165570953631,-0.00329458489231619,-0.00375933440644251,-0.00370260305297037,-0.00364934410145343,-0.00358519104410872,-0.00356940289522308,-0.00352550217510739,-0.00349274445122904,-0.00347754354077123,-0.00348602609321132,-0.00355444118252696,-0.00354287674161895,-0.00330991781662081,-0.00324446772579921,-0.00323576732533067,-0.00325530030885284,-0.00323332847232884,-0.00319199139099682,-0.00307949158839369,-0.00333306141757434,-0.00329693898034215,-0.00183658119727311,0,0.00664250768266963,0.00843471175467664,0.0175219436690784,0.00843471175467664,0.0037504057816372,0.00286288244692883,0.00171648530949081,6.1199686653475e-05,-2.43834801309234e-06,-0.000127661577518273,-0.00048896138723814,-0.00133978550126606,-0.000184344056997576,-0.000203590059973888,-0.000233403874380707,-0.000247881643346443,-0.000247881643346444,-0.000247881643346444,-0.000274647785552254,-0.000293331602464544,-0.000297498846662135,-0.000302846239404833,-0.000310982463769326,-0.000319263415052607,-0.000326411594698083,-0.000318742876329594,-0.000309077464008021,-0.000396596580038069,-0.000440265740159236,-0.000396175937566259,-0.000359557213982163,-0.000338713509538572,-0.000320215134755037,-0.000359557213982163,-0.000359557213982163,-0.000359557213982163,-0.000359557213982164,-0.000359557213982164,-0.000359557213982163,-0.000359557213982164,-0.000359557213982164,-0.000359557213982164,-0.000359557213982164,-0.0195133507596616,0.0862460637502289,0.094954082349599,-0.00183658119727311,-0.017963410268713,0.0023249146195067
-0.0744185558806438,-0.0938990698609175,-0.0661505499470736,-0.0252227749014722,-0.0182521780726026,-0.0617593529078451,-0.0785176721036414,0.0634367410697534,0.0634367410697536,0.0634367410697535,-0.0853201510701671,-0.105911078481387,-0.144264498144929,-0.168555456497134,-0.34133698002006,-0.223812848846549,-0.478418470462446,-0.404576746383153,-0.332489677133468,-0.280122337085203,-0.242122446742487,-0.198706788753755,-0.127540916380471,-0.107948056608951,-0.0417465171900271,0.0364962043092974,-0.214714305486254,-0.252511341781576,-0.294198599356417,0.219984261926605,-0.308831136214605,-0.245501434369279,-0.189579670376752,-0.0264124419740533,-0.0221190043176861,-0.0233026006445765,-0.0163518731954849,0.0656888733047543,-0.0128177887057476,-0.0108006933130203,-0.00918734906845756,-0.00471503956094292,-0.0175255060281527,-0.00455195408809318,0.000211358991773808,0.00315575494204723,0.00440209316026766,0.00540488285430493,0.00600584031234206,0.00674599928908993,0.00763755760796538,0.00785697124250185,0.00846707548139163,0.00892232145781091,0.0091335740268089,0.00901568891725563,0.00806489959340129,0.00822561482540136,0.0114631295462096,0.0123727132100031,0.012493625832664,0.0122221688721941,0.0125275194578831,0.0131019958782596,0.0146654464608826,0.0111414945250137,0.0116435011439556,0.00884390973615837,0,-0.0260124692514273,-0.0330810314657459,-0.0689216286087698,-0.0330810314657459,-0.0145188136860086,-0.0109916601262504,-0.00629181508516962,0.000494302632683627,0.000774288900225617,0.0013252296202276,0.00291482907465954,0.00665817327549087,0.00157461374950796,0.00165928978588579,0.00179046069115795,0.0018541580777333,0.0018541580777333,0.0018541580777333,0.00197192023509671,0.00205412283906019,0.00207245733280961,0.00209598408914258,0.00213178078059659,0.00216821422254135,0.00219966384459745,0.00216592402462855,0.00212339941282445,0.00250845452592179,0.00270058436168874,0.00250660383841599,0.00234549358741307,0.00225378819394064,0.00217240147390173,0.00234549358741307,0.00234549358741307,0.00234549358741307,0.00234549358741307,0.00234549358741307,0.00234549358741307,0.00234549358741307,0.00234549358741307,0.00234549358741307,0.00234549358741307,-0.448342096432397,-0.232569572408804,-0.23037200109526,0.00884390973615837,-0.105911078481387,-0.00878617186794811
0.538641954190306,0.511995284634603,0.549951451579311,0.605736057864538,0.615469850574719,0.555958006466766,0.533034925773331,0.728603079140084,0.728603079140084,0.728603079140084,0.521815639511098,0.495564505409064,0.430173177782913,0.396636246560208,0.123778955534369,0.358054714907418,0.0611061145555435,0.0769095634736611,0.0923374848927341,0.0726050872856122,0.0582864500476237,0.0419271118605227,0.015111289471357,0.0127853142178385,-0.00415034777610217,-0.0192289426158906,0.0236255257258928,0.0291657613383233,0.0352762200313316,-0.05458995800152,0.0374210363912316,0.0288773501492739,0.0714365338937489,0.014183148954598,0.0131186434247657,0.0134121017059627,0.0116887535644234,-0.0122296984081176,0.00994657963898118,0.00895222565323349,0.0081569061627681,0.00595222174361354,0.0104374297585454,0.00496925908209495,0.00296158924530529,0.00161272537713226,0.00085078258344826,0.000866586621754797,0.00066722150457722,0.000426888830993817,0.000137396166360706,6.61516539445998e-05,-0.000131951709661423,-0.000279771956511179,-0.000348366537275067,-0.000310088755819119,-1.36353948724566e-06,-5.35484384151319e-05,-0.00110478282597362,-0.00140012839447267,-0.00143938922192592,-0.00135124602685287,-0.0014503946218768,-0.00163692948581419,-0.00214458834065683,-0.00100034660755241,-0.00116335022795972,-0.0013062232572488,0,0.00305829372167141,0.00389744129788995,0.00815227407871641,0.00389744129788995,0.00167988019865701,0.00125687499053619,0.000670359861915584,-0.000176510762824407,-0.000214393262059347,-0.000288936244424876,-0.000504011078790991,-0.00101049032532349,-0.000322678235307528,-0.000334135011068218,-0.000351882601913451,-0.000360500939589053,-0.000360500939589053,-0.000360500939589053,-0.000376434309733913,-0.000387556426933071,-0.000390037107330481,-0.000393220307480291,-0.000398063645507275,-0.000402993136688096,-0.000407248310679086,-0.000402683269988414,-0.000396929635753858,-0.00044902808385054,-0.00047502349576966,-0.000448777683469699,-0.000426979260947266,-0.00041457140420287,-0.000403559677139698,-0.000426979260947266,-0.000426979260947266,-0.000426979260947267,-0.000426979260947267,-0.000426979260947267,-0.000426979260947266,-0.000426979260947267,-0.000426979260947267,-0.000426979260947267,-0.000426979260947267,0.0569444422748541,0.0266713676186567,0.0262964947703165,-0.0013062232572488,0.495564505409064,0.000981642037495689
-0.0978915466671104,-0.0953648166314209,-0.0989639526081844,-0.10424136814282,-0.105176635445939,-0.0995335150675165,-0.0973598686995318,-0.115990321773083,-0.115990321773083,-0.115990321773083,-0.096177910692375,-0.0938067929057095,-0.0868085279960908,-0.0836093001862401,-0.0554832594465431,-0.0822336783781465,-0.057241856718504,-0.0489614301111287,-0.0408777661162057,0.0351701322746776,0.0903536072608828,0.153401864901188,0.256749008868286,0.217356759379478,0.431631361113782,0.560671863145603,0.214393894455699,0.173402492279217,0.128192091983986,-0.136713521487451,0.112322905878237,0.171958324167474,-0.0627043141452324,-0.0693606683245737,-0.0700376483356851,-0.0698510214137028,-0.070946997161421,-0.0841165530263291,-0.0639994762034094,-0.0600341458452989,-0.0568625343617206,-0.0480705928774685,-0.0573012162824053,-0.0396962815343498,-0.0332325300233481,-0.0280521066535846,-0.0237608804159016,-0.0272177606361993,-0.0269948269119773,-0.0268339628094607,-0.0266401939931488,-0.0265925072413719,-0.0264599088754616,-0.0263609669755164,-0.0263150539271258,-0.0263406747504139,-0.0265473166693381,-0.0265123872658334,-0.0258087547810457,-0.0256110683861813,-0.0255847895715774,-0.0256437872757055,-0.0255774232249233,-0.0254525681104359,-0.0251127720899812,-0.0258786580459495,-0.025769553317438,-0.0150038795541184,0,0.052621894901385,0.0668335296254975,0.138892522592829,0.0668335296254975,0.0296644568555629,0.0226193171377974,0.013479650816897,0.000282864324279811,-0.000229744030621331,-0.00123842498703971,-0.00414871758260749,-0.0110021591083748,-0.00169500590927971,-0.00185003366863466,-0.00209018581092633,-0.0022068051466907,-0.0022068051466907,-0.0022068051466907,-0.00242240809852695,-0.00257290741392638,-0.00260647482693325,-0.0026495484103839,-0.00271508620721312,-0.00278178978843748,-0.00283936882317361,-0.00277759681642217,-0.00269974131482532,-0.00340471327578586,-0.00375647109556949,-0.00340132497433053,-0.00310635886242316,-0.00293846151768496,-0.00278945595024693,-0.00310635886242316,-0.00310635886242316,-0.00310635886242317,-0.00310635886242317,-0.00310635886242317,-0.00310635886242317,-0.00310635886242317,-0.00310635886242317,-0.00310635886242317,-0.00310635886242317,-0.0276454369644586,0.189783011206866,0.192812042991337,-0.0150038795541184,-0.0938067929057096,0.0183303615276968
0.0562707288049474,0.0572465367251754,0.0558565720900567,0.0537912236265905,0.053457271399715,0.0556366104989768,0.0564760596335075,0.0494719501381517,0.0494719501381518,0.0494719501381518,0.0566704107455194,0.0578482361034129,0.058780734617991,0.0599737814515256,0.0658363181259525,0.0655713028235864,0.0822490524195479,0.0698252430679393,0.0576966529484482,0.0146000898022098,-0.0166725444808299,-0.0524021737559165,-0.110969298031574,-0.0939463977668942,-0.0912483089581294,-0.0514640544862952,-0.227900167382335,-0.310143625431612,-0.400851907233331,0.0418345352982199,-0.432691187483986,-0.22175564487236,0.0521456419773787,0.0368844774218797,0.0367280889933113,0.0367712014790247,0.0365180212933153,0.03364379255969,0.0327226739874918,0.0305564616101113,0.0288238483266009,0.0240209162265206,0.029984239510613,0.0199109594188529,0.0162124975758718,0.0133474116248463,0.0111094273053618,0.012684583207025,0.0125074782594061,0.0123449047061835,0.0121490767714315,0.0121008832679914,0.0119668758222015,0.0118668824987374,0.0118204815472549,0.0118463746347324,0.012055212470388,0.0120199118834275,0.0113088021241635,0.0111090149800208,0.0110824569089671,0.0111420815625848,0.0110750122825334,0.0109488303731907,0.0106054234505025,0.0113794482284186,0.0112691840793013,0.0063270259974245,0,-0.0227581512331996,-0.0288995430969813,-0.060038994800663,-0.0288995430969812,-0.0128458857520033,-0.00980402650380546,-0.00587189637339237,-0.000194284087527613,2.43941385903355e-05,0.000454696454499847,0.00169622444794368,0.00461989594359637,0.000649473432284372,0.000715608123790359,0.000818056794344891,0.000867806489667206,0.000867806489667209,0.000867806489667209,0.000959782499427013,0.0010239853611417,0.0010383051869142,0.00105668033576121,0.00108463869620787,0.00111309437914474,0.00113765753941572,0.00111130566135716,0.00107809258002531,0.00137883293357548,0.00152889247770491,0.00137738748746692,0.00125155523073508,0.0011799303866095,0.00111636475632372,0.00125155523073508,0.00125155523073508,0.00125155523073508,0.00125155523073508,0.00125155523073508,0.00125155523073508,0.00125155523073508,0.00125155523073508,0.00125155523073508,0.00125155523073508,0.0429931906070792,-0.224336597361107,-0.224775190594489,0.0063270259974245,0.0578482361034129,-0.00795880251089942
-0.0172941382847971,-0.0177081337720617,-0.0171184284884012,-0.0162440906094794,-0.0161005030977563,-0.0170251077598118,-0.0173812517777889,-0.0143963460627961,-0.0143963460627958,-0.0143963460627958,-0.0174820380789722,-0.017963410268713,-0.0184828303019289,-0.0189919619517156,-0.021828844245712,-0.0210124504615383,-0.0275967686717042,-0.0234183609089096,-0.0193392420434488,-0.00612305635332956,0.00346715018591082,0.014424158834984,0.0323846163112997,0.0274169295314268,0.047682310810419,0.0301005950137414,0.156998714870112,0.424083889431279,0.718658532251375,-0.0111305229649421,-0.177943581456525,0.0350027235308579,-0.0167828814700904,-0.0111957091301629,-0.0111220126811502,-0.0111423289995267,-0.0110230204239629,-0.00964892102940271,-0.0098658818158413,-0.00920543949705491,-0.00867719436907469,-0.00721285982539233,-0.00907650033426213,-0.00598278326993106,-0.00484690752626266,-0.0039716557095363,-0.00329458489231619,-0.00375933440644252,-0.00370260305297036,-0.00364934410145344,-0.0035851910441087,-0.00356940289522306,-0.00352550217510739,-0.00349274445122903,-0.00347754354077121,-0.00348602609321132,-0.00355444118252696,-0.00354287674161896,-0.00330991781662078,-0.00324446772579921,-0.00323576732533066,-0.00325530030885283,-0.00323332847232884,-0.00319199139099682,-0.00307949158839368,-0.00333306141757431,-0.00329693898034215,-0.00183658119727312,0,0.00664250768266961,0.00843471175467661,0.0175219436690783,0.00843471175467664,0.00375040578163718,0.00286288244692883,0.0017164853094908,6.11996866534749e-05,-2.43834801309231e-06,-0.000127661577518273,-0.00048896138723814,-0.00133978550126606,-0.000184344056997576,-0.000203590059973889,-0.000233403874380709,-0.000247881643346445,-0.000247881643346444,-0.000247881643346445,-0.000274647785552252,-0.000293331602464544,-0.000297498846662134,-0.000302846239404833,-0.000310982463769325,-0.000319263415052607,-0.000326411594698083,-0.000318742876329593,-0.000309077464008019,-0.000396596580038067,-0.000440265740159235,-0.000396175937566261,-0.000359557213982162,-0.000338713509538571,-0.000320215134755036,-0.000359557213982161,-0.000359557213982161,-0.000359557213982163,-0.000359557213982162,-0.000359557213982164,-0.000359557213982162,-0.000359557213982164,-0.000359557213982164,-0.000359557213982164,-0.000359557213982164,-0.0195133507596616,0.0862460637502289,0.0949540823495989,-0.00183658119727312,-0.0179634102687127,0.0023249146195067
-0.0963403295101344,-0.0971342710542465,-0.0960033613272467,-0.0943083022994919,-0.0940512307333095,-0.0958243951171483,-0.0965073917687005,-0.0909112436318452,-0.0909112436318452,-0.0909112436318452,-0.0965246586595546,-0.097623828602969,-0.0974312196012854,-0.0983790853711077,-0.100462183953668,-0.105656016139496,-0.123001303613459,-0.104497786901393,-0.0864339577151574,-0.0124258594512682,0.0412774528786821,0.102634594174385,0.203209702071466,0.172035607384259,0.00531817815293356,-0.0216501131683862,-0.278016924066702,-0.276075482893482,-0.273934220874364,-0.0848938155471354,-0.273182622010813,-0.365590007983849,-0.0834643214552083,-0.0642274784512025,-0.064156695455168,-0.0641762086054259,-0.064061616674008,-0.0629116969507842,-0.0574920668358304,-0.053742465277248,-0.0507434013183725,-0.0424297743276501,-0.0524021728843673,-0.0351390557749006,-0.0288008045460377,-0.0238548175204739,-0.0199406121680224,-0.0227861517991628,-0.0225006088418813,-0.0222475804163012,-0.0219427950866291,-0.0218677870299255,-0.0216592187089896,-0.0215035897478019,-0.0214313716073585,-0.0214716714410518,-0.0217967052962517,-0.021741763691276,-0.0206349970663576,-0.0203240496488254,-0.0202827148389998,-0.0203755142638237,-0.0202711280706219,-0.0200747393639424,-0.0195402630530133,-0.0207449502055902,-0.0205733357978588,-0.0116619746408282,0,0.0416683313295267,0.0529150829697285,0.109940865934131,0.0529150829697285,0.0235118727219496,0.0179400494455502,0.0107307360025812,0.000321190738586772,-8.06391566815391e-05,-0.000871336692532087,-0.00315269351728121,-0.00852505560267422,-0.0012292470980318,-0.00135077221113163,-0.00153902569795616,-0.00163044273208837,-0.00163044273208837,-0.00163044273208837,-0.00179945229021898,-0.00191742758961995,-0.00194374083622239,-0.00197750589947451,-0.00202888049332225,-0.00208116893692863,-0.00212630471607942,-0.00207788209720066,-0.0020168517457567,-0.00256947404801025,-0.00284521439935649,-0.00256681798357837,-0.00233559623168497,-0.00220398274585915,-0.00208717838442894,-0.00233559623168497,-0.00233559623168497,-0.00233559623168497,-0.00233559623168497,-0.00233559623168498,-0.00233559623168497,-0.00233559623168498,-0.00233559623168498,-0.00233559623168498,-0.00233559623168498,-0.154326571745371,-0.328805706434574,-0.322554779373913,-0.0116619746408282,-0.097623828602969,0.0145569472347521
0.03897659052015,0.0395384029531136,0.0387381436016558,0.0375471330171109,0.0373567683019584,0.0386115027391649,0.0390948078557184,0.0350756040753557,0.0350756040753558,0.0350756040753557,0.0391883726665471,0.0398848258347,0.0402979043160619,0.04098181949981,0.0440074738802404,0.0445588523620481,0.0546522837478437,0.0464068821590297,0.0383574109049994,0.00847703344888024,-0.0132053942949191,-0.0379780149209325,-0.0785846817202738,-0.0665294682354673,-0.0435659981477104,-0.0213634594725538,-0.0709014525122228,0.113940263999667,0.317806625018044,0.0307040123332778,0.38936523105949,-0.186752921341502,0.0353627605072883,0.0256887682917168,0.0256060763121611,0.025628872479498,0.0254950008693525,0.0239948715302873,0.0228567921716505,0.0213510221130564,0.0201466539575262,0.0168080564011282,0.0209077391763508,0.0139281761489219,0.0113655900496091,0.00937575591531005,0.00781484241304555,0.00892524880058252,0.00880487520643575,0.0086955606047301,0.00856388572732276,0.00853148037276834,0.00844137364709407,0.00837413804750839,0.00834293800648373,0.00836034854152104,0.00850077128786099,0.00847703514180854,0.00799888430754273,0.00786454725422154,0.00784668958363643,0.00788678125373193,0.00784168381020453,0.00775683898219386,0.00752593186210884,0.00804638681084424,0.00797224509895911,0.00449044480015138,0,-0.01611564355053,-0.0204648313423046,-0.0425170511315848,-0.0204648313423046,-0.00909547997036608,-0.00694114405687662,-0.00415541106390156,-0.000133084400874138,2.19557905772432e-05,0.000327034876981573,0.00120726306070554,0.00328011044233031,0.000465129375286796,0.000512018063816471,0.000584652919964182,0.000619924846320762,0.000619924846320764,0.000619924846320764,0.000685134713874761,0.000730653758677158,0.000740806340252066,0.000753834096356379,0.000773656232438543,0.00079383096409213,0.000811245944717633,0.00079256278502757,0.000769015116017284,0.000982236353537411,0.00108862673754567,0.000981211549900663,0.000891998016752912,0.000841216877070922,0.000796149621568681,0.000891998016752912,0.000891998016752913,0.000891998016752914,0.000891998016752914,0.000891998016752915,0.000891998016752913,0.000891998016752915,0.000891998016752915,0.000891998016752915,0.000891998016752915,0.0234798398474176,-0.138090533610878,-0.12982110824489,0.00449044480015138,0.0398848258346999,-0.00563388789139271
0.00208307450862866,0.00164862265973209,0.0022674664845368,0.00317914849572498,0.00333568964543784,0.00236539838071204,0.00199165656022493,0.00516509833977841,0.00516509833977852,0.00516509833977841,0.0018295205383001,0.0013807324305829,0.000454953693396543,-8.84699177348125e-05,-0.00414072533388632,-0.00111925490860598,-0.00651790862308893,-0.00549259794493284,-0.00449165108487158,-0.00620676692594916,-0.00745132534396184,-0.00887325898998342,-0.0112040574406786,-0.00948461356228819,0.0776200417746854,0.0570081578858143,0.350215010905865,0.212060610117703,0.0596868090145037,0.00867095199459181,0.00620247373861904,-0.144941495528719,-0.0011899808611173,0.00194406891287965,0.00204400022425154,0.00201645159246788,0.00217823228304022,0.00409588819302606,0.00199930848099293,0.00189718687699422,0.00181550640583214,0.00158908210178946,0.00168245546630658,0.00130054029801959,0.00116031798073085,0.00103240340526835,0.000905229855773119,0.00104337366524195,0.00104630487227193,0.00105387232273485,0.00106298769338473,0.001065230997678,0.00107146875706491,0.00107612323195912,0.00107828309680073,0.0010770778290746,0.00106735687542144,0.00106900004208565,0.00110210067727668,0.00111140034063801,0.00111263656192436,0.0011098611620904,0.00111298309332897,0.00111885659076653,0.0011348414470027,0.00109881225253752,0.00110394481235269,0.000679479151198221,0,-0.00229405303426276,-0.00291438085624307,-0.00605970502403061,-0.00291438085624307,-0.00129064087643045,-0.000982715452333763,-0.000581036654353769,-1.05165824606254e-06,2.17684911241204e-05,6.66726560138357e-05,0.000196232213728423,0.000501331726489954,8.69985924631198e-05,9.39000730792268e-05,0.000104591096169793,0.000109782721776652,0.000109782721776652,0.000109782721776652,0.000119380871160122,0.000126080755827797,0.000127575100138545,0.000129492637375023,0.000132410229916649,0.000135379720508273,0.00013794300719821,0.000135193059001921,0.000131727110468809,0.000163110846799077,0.000178770298918504,0.000162960007382236,0.000149828791965026,0.000142354386897005,0.000135721000465798,0.000149828791965026,0.000149828791965026,0.000149828791965027,0.000149828791965026,0.000149828791965026,0.000149828791965026,0.000149828791965026,0.000149828791965025,0.000149828791965025,0.000149828791965026,-0.0243924258511432,0.0630446279702278,0.0983886751007678,0.000679479151198221,0.0013807324305829,-0.000794220328598751
0.121284233548068,0.123726020726875,0.120247879430136,0.115235745915897,0.114244052711435,0.119697464351722,0.121798037724276,0.103178300959525,0.103178300959525,0.103178300959525,0.123785682315269,0.125231667275569,0.137704227942377,0.140932905943364,0.184239009765432,0.125921573071969,0.127411405613116,0.134531692341285,0.141482784137299,0.127717690449819,0.117729173748392,0.106317087528857,0.0876106781586922,0.0741881500827185,0.0890927959057502,0.0869640939932877,0.101574282164949,0.105042367513146,0.108867401996595,0.0819720465327789,0.110210017493967,0.103365127885963,-0.467680709377992,-0.062671914484619,-0.0659504598543907,-0.0650466446443454,-0.0703543437700029,-0.00975884127318022,-0.0616249645590175,-0.0566426301980306,-0.0526575829391022,-0.041610737354804,-0.0493328762078579,-0.0298599434706942,-0.0227103459172369,-0.0174768597162655,-0.0138199828408668,-0.0156245227148692,-0.015129586108676,-0.014421972499361,-0.0135696166950631,-0.0133598508491505,-0.0127765733694446,-0.0123413449136396,-0.0121393812848493,-0.0122520828942009,-0.0131610652699965,-0.0130074168120839,-0.00991225813837923,-0.00904266957763669,-0.00892707357728988,-0.0091865943635077,-0.00889467028120417,-0.00834545403704665,-0.00685074959582437,-0.0102197506168607,-0.00973981762045187,-0.00402880720401655,0,0.0180563380576865,0.0228988151582664,0.0474522201752914,0.0228988151582664,0.0102927428076545,0.00791026384203615,0.00491679994658817,0.00059453012681935,0.000439496369325589,0.000134429943289478,-0.000745761712158973,-0.0028185230734294,-3.65882428140168e-06,-5.05455669941108e-05,-0.00012317740889383,-0.000158447871513315,-0.000158447871513316,-0.000158447871513316,-0.000223655032946272,-0.000269172188770059,-0.000279324349026605,-0.000292351564496715,-0.000312172877987121,-0.000332346772416714,-0.000349761030344146,-0.000331078645979864,-0.000307531954165899,-0.000520744343293922,-0.00062713031224557,-0.000519719582185134,-0.000430509751277983,-0.000379730718944402,-0.000334665333672124,-0.000430509751277984,-0.000430509751277983,-0.000430509751277984,-0.000430509751277984,-0.000430509751277984,-0.000430509751277983,-0.000430509751277984,-0.000430509751277984,-0.000430509751277984,-0.000430509751277984,0.124306330711411,0.102612898935201,0.102485069178862,-0.00402880720401655,0.125231667275569,0.00650552615061129
0.109977665202592,0.111861955016868,0.109177926582718,0.10527906160476,0.104544865343426,0.108753179686313,0.110374160025795,0.0962233270519072,0.0962233270519071,0.0962233270519073,0.111608974233804,0.113023839426873,0.120629284233682,0.123072349224955,0.150787475259269,0.117267949539026,0.126432988282417,0.171640009966744,0.215772805393226,0.185640586687759,0.163775412601484,0.138794000512336,0.0978450879125991,0.0828559782679386,0.094422015507061,0.0901931693945699,0.106243914630428,0.109062829869643,0.112171879074998,0.0802760455487413,0.113263178424916,0.108211108394923,0.0479662424310646,-0.09210781775554,-0.0824179266289963,-0.0850891939125298,-0.0694020458455037,-0.00995302958696559,-0.0611319072170199,-0.056411686584725,-0.0526362871575902,-0.0421706008606046,-0.0711447154671432,-0.0405418284857477,-0.0293058051889925,-0.0213067732724985,-0.0160550200692756,-0.0179732813382474,-0.0170825864034342,-0.0162658283634658,-0.015282002661261,-0.0150398819065093,-0.0143666379711031,-0.0138642785819926,-0.0136311634815703,-0.0137612485228181,-0.0148104350475647,-0.0146330873938779,-0.0110605222277367,-0.0100568057374073,-0.00992337986567645,-0.0102229299109159,-0.00988597858869268,-0.00925204959525354,-0.0075267974891973,-0.0114154432619332,-0.0108614839707283,-0.00442056998180738,0,0.020172862223449,0.0255805186501304,0.0529996216586557,0.0255805186501304,0.0115074219468577,0.00884818630642228,0.0055140914569428,0.000699983771840685,0.000528276921989582,0.000190402152927732,-0.00078444963977531,-0.00308012594660257,3.74626405097916e-05,-1.44665329884541e-05,-9.4909560191649e-05,-0.000133973181735019,-0.000133973181735021,-0.000133973181735021,-0.000206193041837655,-0.000256605336340669,-0.000267849309814673,-0.000282277536072392,-0.000304230531048249,-0.000326574025250623,-0.000345861098076258,-0.000325169518263213,-0.000299090499466591,-0.000535232796977981,-0.000653060035976429,-0.000534097828022289,-0.000435293933383839,-0.000379053874306141,-0.000329141935980448,-0.00043529393338384,-0.000435293933383839,-0.00043529393338384,-0.00043529393338384,-0.00043529393338384,-0.000435293933383839,-0.000435293933383839,-0.000435293933383839,-0.000435293933383839,-0.000435293933383839,0.124080012801449,0.107384806003797,0.107244388603998,-0.00442056998180738,0.113023839426873,0.0072836013087641
-0.00268326562153476,-0.00285509971376463,-0.00261033503584684,-0.00225446906124915,-0.00218783215637774,-0.00257160108058407,-0.00271942318472451,-0.00143118450281499,-0.00143118450281499,-0.00143118450281499,-0.00282898272730847,-0.00296105547033321,-0.00363404171453308,-0.00385633845473343,-0.00632564795909296,-0.00338590968381247,-0.00430337064121566,-0.00848789681151452,-0.0125729886965793,-0.0101785723064225,-0.00844108554125889,-0.00645597109813867,-0.00320202061920893,-0.00270148035095197,-0.00222565513036921,-0.00155467645557206,-0.00321868184715957,-0.00338898039825697,-0.00357680675344341,1.88446513345042e-05,-0.00364273519837122,-0.00342259573928416,0.00469735323008547,-0.0772595591899927,0.536327052137002,-0.35714817585044,0.0172798787032633,0.00882657039876136,0.0142710889033906,0.012553807932709,0.0111802658680475,0.00737270572986781,-0.0563598307587636,-0.0258494598068095,-0.0146474042942947,-0.00718760097607196,-0.00308184638607994,-0.00290022622209768,-0.0017546578354537,-0.00150749200564981,-0.0012097684643213,-0.00113649832269741,-0.000932762469712634,-0.00078073938675155,-0.00071019451983112,-0.000749560617979761,-0.00106706353232894,-0.00101339490852331,6.77282523236511e-05,0.000371471107710519,0.000411848201892467,0.000321198913025622,0.000423166508182693,0.000615004945066971,0.00113709759374275,-3.96773043273568e-05,0.000127960846983077,0.000710170349254344,0,-0.000608265712866596,-0.000788846805581223,-0.00170446924751388,-0.000788846805581001,-0.00028830263766122,-0.000190112910878698,-1.60689374858469e-05,0.000235233580193568,0.000251159571876752,0.000282497813575916,0.000372916347003019,0.000585842749190907,0.000296683114889815,0.000301499600580193,0.000308960776318487,0.00031258396847625,0.00031258396847625,0.000312583968476251,0.000319282436780529,0.000323958230341948,0.000325001120757724,0.000326339353982447,0.00032837551745356,0.000330447900140382,0.000332236796516271,0.000330317630633837,0.000327898774095378,0.000349801221606791,0.000360729822474893,0.00034969595203738,0.000340531786451426,0.000335315461570328,0.000330686076572842,0.000340531786451426,0.000340531786451425,0.000340531786451426,0.000340531786451426,0.000340531786451426,0.000340531786451426,0.000340531786451426,0.000340531786451427,0.000340531786451427,0.000340531786451426,-0.00418963694517016,-0.00333694350731406,-0.00332238822606401,0.000710170349254344,-0.00296105547033498,-0.000108439592632875
0.00268326562153831,0.00285509971376552,0.00261033503584773,0.00225446906124915,0.00218783215637752,0.00257160108058407,0.00271942318472296,0.00143118450281543,0.00143118450281543,0.00143118450281521,0.00282898272730936,0.00296105547033454,0.00363404171453285,0.00385633845473476,0.00632564795909296,0.00338590968381225,0.00430337064121555,0.00848789681151474,0.0125729886965788,0.0101785723064232,0.00844108554125861,0.00645597109813839,0.00320202061920877,0.00270148035095208,0.00222565513036899,0.00155467645557261,0.00321868184716034,0.00338898039825697,0.0035768067534433,-1.88446513348373e-05,0.00364273519837122,0.00342259573928372,-0.00469735323008544,0.0772595591899927,0.463672947862998,0.357148175850439,-0.0172798787032631,-0.00882657039876136,-0.014271088903391,-0.0125538079327093,-0.0111802658680474,-0.00737270572986803,0.0563598307587641,0.0258494598068093,0.0146474042942946,0.00718760097607204,0.00308184638607997,0.00290022622209764,0.00175465783545373,0.00150749200564974,0.0012097684643213,0.00113649832269745,0.000932762469712634,0.000780739386751494,0.000710194519831134,0.000749560617979775,0.00106706353232895,0.00101339490852334,-6.7728252323658e-05,-0.000371471107710505,-0.000411848201892454,-0.000321198913025629,-0.000423166508182755,-0.000615004945066958,-0.00113709759374275,3.96773043273776e-05,-0.000127960846983036,-0.000710170349254347,0,0.000608265712866526,0.000788846805581042,0.00170446924751394,0.000788846805581056,0.000288302637661247,0.000190112910878712,1.606893748584e-05,-0.000235233580193569,-0.000251159571876752,-0.000282497813575917,-0.00037291634700302,-0.000585842749190907,-0.000296683114889815,-0.000301499600580193,-0.000308960776318487,-0.00031258396847625,-0.00031258396847625,-0.00031258396847625,-0.000319282436780529,-0.000323958230341948,-0.000325001120757724,-0.000326339353982448,-0.00032837551745356,-0.000330447900140382,-0.000332236796516271,-0.000330317630633837,-0.000327898774095378,-0.000349801221606792,-0.000360729822474893,-0.00034969595203738,-0.000340531786451426,-0.000335315461570328,-0.000330686076572841,-0.000340531786451426,-0.000340531786451426,-0.000340531786451426,-0.000340531786451426,-0.000340531786451426,-0.000340531786451426,-0.000340531786451427,-0.000340531786451427,-0.000340531786451427,-0.000340531786451427,0.00418963694517038,0.00333694350731395,0.00332238822606434,-0.000710170349254347,0.00296105547033432,0.000108439592632889
0.121284233548068,0.123726020726874,0.120247879430135,0.115235745915896,0.114244052711434,0.119697464351722,0.121798037724276,0.103178300959525,0.103178300959525,0.103178300959525,0.123785682315269,0.125231667275569,0.137704227942377,0.140932905943364,0.184239009765432,0.125921573071969,0.127411405613116,0.134531692341285,0.141482784137299,0.127717690449819,0.117729173748392,0.106317087528857,0.0876106781586922,0.0741881500827185,0.0890927959057502,0.0869640939932877,0.101574282164949,0.105042367513146,0.108867401996595,0.0819720465327789,0.110210017493967,0.103365127885963,0.532319290622008,-0.062671914484619,-0.0659504598543907,-0.0650466446443454,-0.0703543437700029,-0.00975884127318022,-0.0616249645590175,-0.0566426301980306,-0.0526575829391022,-0.041610737354804,-0.0493328762078578,-0.0298599434706942,-0.0227103459172369,-0.0174768597162655,-0.0138199828408668,-0.0156245227148692,-0.015129586108676,-0.014421972499361,-0.0135696166950631,-0.0133598508491505,-0.0127765733694446,-0.0123413449136396,-0.0121393812848494,-0.0122520828942009,-0.0131610652699965,-0.0130074168120839,-0.00991225813837923,-0.00904266957763668,-0.00892707357728988,-0.00918659436350771,-0.00889467028120417,-0.00834545403704665,-0.00685074959582437,-0.0102197506168607,-0.00973981762045187,-0.00402880720401655,0,0.0180563380576865,0.0228988151582664,0.0474522201752914,0.0228988151582664,0.0102927428076545,0.00791026384203615,0.00491679994658817,0.00059453012681935,0.000439496369325589,0.000134429943289478,-0.000745761712158973,-0.0028185230734294,-3.65882428140168e-06,-5.05455669941109e-05,-0.00012317740889383,-0.000158447871513315,-0.000158447871513316,-0.000158447871513316,-0.000223655032946272,-0.000269172188770059,-0.000279324349026605,-0.000292351564496715,-0.000312172877987121,-0.000332346772416714,-0.000349761030344146,-0.000331078645979864,-0.000307531954165899,-0.000520744343293922,-0.00062713031224557,-0.000519719582185135,-0.000430509751277983,-0.000379730718944401,-0.000334665333672124,-0.000430509751277984,-0.000430509751277983,-0.000430509751277984,-0.000430509751277984,-0.000430509751277984,-0.000430509751277983,-0.000430509751277984,-0.000430509751277984,-0.000430509751277984,-0.000430509751277984,0.124306330711411,0.102612898935201,0.102485069178862,-0.00402880720401655,0.125231667275569,0.00650552615061129
0.00268326562153831,0.00285509971376685,0.00261033503584951,0.0022544690612496,0.00218783215637908,0.00257160108058407,0.00271942318472318,0.00143118450281499,0.00143118450281499,0.00143118450281543,0.00282898272730936,0.00296105547033454,0.00363404171453174,0.0038563384547361,0.00632564795909252,0.0033859096838138,0.00430337064121566,0.00848789681151474,0.012572988696579,0.0101785723064233,0.00844108554125911,0.00645597109813822,0.00320202061920871,0.00270148035095208,0.00222565513036954,0.00155467645557261,0.00321868184716001,0.00338898039825752,0.00357680675344385,-1.88446513347262e-05,0.00364273519837122,0.00342259573928394,-0.00469735323008547,0.0772595591899927,-0.536327052137003,-0.64285182414956,-0.0172798787032634,-0.00882657039876136,-0.0142710889033911,-0.0125538079327092,-0.0111802658680474,-0.00737270572986798,0.0563598307587636,0.0258494598068092,0.0146474042942945,0.00718760097607199,0.00308184638608,0.00290022622209765,0.00175465783545359,0.00150749200564981,0.0012097684643213,0.00113649832269738,0.000932762469712578,0.000780739386751494,0.000710194519831092,0.000749560617979789,0.00106706353232897,0.00101339490852337,-6.77282523237066e-05,-0.000371471107710589,-0.000411848201892454,-0.000321198913025622,-0.000423166508182762,-0.000615004945066999,-0.00113709759374275,3.96773043273568e-05,-0.000127960846983133,-0.000710170349254372,0,0.000608265712866596,0.000788846805581167,0.00170446924751422,0.000788846805581195,0.000288302637661331,0.00019011291087867,1.60689374858677e-05,-0.000235233580193566,-0.000251159571876751,-0.000282497813575917,-0.000372916347003018,-0.0005858427491909,-0.000296683114889815,-0.000301499600580193,-0.000308960776318487,-0.00031258396847625,-0.000312583968476251,-0.000312583968476251,-0.000319282436780529,-0.000323958230341948,-0.000325001120757724,-0.000326339353982448,-0.00032837551745356,-0.000330447900140383,-0.000332236796516272,-0.000330317630633837,-0.000327898774095378,-0.000349801221606794,-0.000360729822474895,-0.000349695952037379,-0.000340531786451426,-0.000335315461570329,-0.000330686076572842,-0.000340531786451426,-0.000340531786451426,-0.000340531786451427,-0.000340531786451427,-0.000340531786451427,-0.000340531786451426,-0.000340531786451427,-0.000340531786451426,-0.000340531786451426,-0.000340531786451427,0.00418963694517016,0.00333694350731473,0.00332238822606468,-0.000710170349254372,0.00296105547033454,0.000108439592632861
0.0247488435518477,0.0263337388493081,0.0240761752774503,0.0207938795330129,0.0201792604210604,0.0237189163496438,0.0250823393739878,0.0132003932334133,0.0132003932334124,0.0132003932334124,0.0260928513252887,0.0273110116253186,0.0335182358138271,0.0355685685133524,0.058344008303548,0.0312296137858032,0.0396917270844033,0.0782873035700344,0.115965757446105,0.0938810871241369,0.0778555443007596,0.0595460312987868,0.0295335306048301,0.0249168453646322,0.0205281170003206,0.0143394094359728,0.0296872038456155,0.0312579362264778,0.0329903346301657,-0.000173811837311355,0.0335984193296581,0.0315679841059477,-0.0433255877711074,0.71259614699706,0.34047282762999,0.443058175131182,-0.159379306763076,-0.0814110269758096,-0.131628022119574,-0.11578884550701,-0.103120111782948,-0.0680014454020803,0.51982950284945,0.238420017579826,0.135098931097377,0.0662941494282387,0.02842511507161,0.0267499588782836,0.0161839185461526,0.0139042081797697,0.011158183601772,0.0104823834657304,0.00860324533234941,0.00720107498205902,0.00655041115631472,0.00691350059349433,0.00984195832477874,0.00934695091159293,-0.000624685050687579,-0.00342622819558541,-0.00379864245788047,-0.00296254742120444,-0.00390303577228138,-0.00567243922737298,-0.01048791078484,0.000365959817572703,-0.00118023462057781,-0.00655018822131412,0,0.0056102805644182,0.00727585298339151,0.0157210089105815,0.00727585298339151,0.00265913177502475,0.0017534882311897,0.000148210306385455,-0.00216965440455132,-0.00231654626401216,-0.00260559153585447,-0.00343955822182572,-0.00540346450583525,-0.00273642830435606,-0.00278085269896837,-0.00284967013902264,-0.00288308830498839,-0.0028830883049884,-0.0028830883049884,-0.0029448709860502,-0.00298799772028158,-0.00299761672018029,-0.00300995978619981,-0.00302874014502379,-0.00304785456831608,-0.00306435428276178,-0.00304665303999507,-0.00302434294830524,-0.00322635807588393,-0.00332715697963546,-0.00322538713208945,-0.00314086232822751,-0.00309275005512207,-0.00305005136583674,-0.00314086232822751,-0.00314086232822751,-0.00314086232822752,-0.00314086232822752,-0.00314086232822752,-0.00314086232822751,-0.00314086232822752,-0.00314086232822752,-0.00314086232822752,-0.00314086232822752,0.0386427152283266,0.0307779789451215,0.0306437297021054,-0.00655018822131412,0.0273110116253186,0.0010001822001352
-0.00431370566804601,-0.00832656717124181,-0.00261054923425563,0.00566141323801439,0.00725620955637418,-0.00170599068053878,-0.00515809743846063,0.0251968392220214,0.0251968392220212,0.0251968392220216,-0.00808820915584763,-0.0108009642542917,-0.029026590627246,-0.0342781228512667,-0.0990312476944095,-0.0161105513807953,-0.0275764583530164,-0.0742084565566635,-0.119732367674284,-0.0908684005573481,-0.0699235218545452,-0.0459935662105899,-0.0067681750003955,-0.00548316653409875,0.0135021289861896,0.0272762167630994,-0.00642030256927373,-0.00977104761697056,-0.0134666646695771,0.0595780151055471,-0.0147638536880428,-0.0105495865964798,-0.31402106617868,-0.538524724632826,-0.54744514979551,-0.544986005561472,-0.55942745062214,0.243049037828832,-0.482740275460259,-0.438970708504658,-0.403962260619929,-0.306916255189985,-0.409210234075504,-0.220431078913297,-0.15111974280851,-0.102824766361236,-0.0727288904615345,-0.0802993225038948,-0.0742806192510075,-0.0660005391203389,-0.0560267705741698,-0.0535722134684707,-0.0467470419245625,-0.0416542533719214,-0.0392909932425929,-0.0406097614856029,-0.0512461410151583,-0.0494482367256952,-0.0132305022191226,-0.00305508604724983,-0.00170244933555246,-0.00473920961993675,-0.00132328493770076,0.00510332197152952,0.0225934781557316,-0.016828599157746,-0.0112127042465897,0.0143185615124922,0,-0.000109376047506105,-0.000572971581586229,-0.00292359682481058,-0.000572971581586229,0.00139157481341111,0.00185218407231683,0.00369183362979168,0.00634810811277967,0.00661538026946285,0.00714130290035555,0.00865871901571811,0.0122320788327799,0.007379362554711,0.00746019347210124,0.00758540793727466,0.00764621284043843,0.00764621284043844,0.00764621284043844,0.0077586274458064,0.00783709724876915,0.00785459917744987,0.00787705758928582,0.00791122876136162,0.00794600776923745,0.00797602927131895,0.00794382156867569,0.00790322798953776,0.0082707978400983,0.00845420310500444,0.00826903119187885,0.00811523691965491,0.00802769584663003,0.00795000487849386,0.00811523691965491,0.00811523691965491,0.00811523691965492,0.00811523691965492,0.00811523691965493,0.00811523691965491,0.00811523691965493,0.00811523691965493,0.00811523691965493,0.00811523691965493,-0.0253777932313024,-0.00881511725904005,-0.00852037083568324,0.0143185615124922,-0.0108009642542917,0.00271547327928794
0.0725250912555249,0.0726183350551362,0.0724855163095433,0.0722955016493079,0.0722562499671191,0.0724644977729074,0.072544711742544,0.0718240018241748,0.0718240018241748,0.0718240018241749,0.0726339121423604,0.0726758307313735,0.0732419303249824,0.0733673779674474,0.075274757190001,0.0725370989148362,0.0722375113829616,0.0738790352045339,0.0754815525194547,0.070770414009774,0.0673518186296722,0.0634460029421592,0.0570436865059265,0.0483776261775374,0.0629553994015002,0.0653589794823701,0.0643170623870251,0.0652504147548966,0.0662798314600463,0.070995647429436,0.0666411643650351,0.0641896213770763,0.0855194248677988,0.0947525359273364,0.0958027738763486,0.0955132488201343,0.0972134989051565,0.0718470453286146,-0.527546819058585,-0.313377000537891,-0.286740200787099,-0.21290102283316,0.0590868924322123,0.00702056932868182,-0.0120958761139754,-0.0235149151363108,-0.0276443682807518,-0.033285425709681,-0.0358960647782271,-0.0326511698683382,-0.0287425324787069,-0.0277806118532272,-0.0251058835833985,-0.0231100618774712,-0.022183919781817,-0.0227007341473226,-0.0268690433001852,-0.0261644594815168,-0.0119710289236658,-0.0079833674975625,-0.00745328035934038,-0.00864336159452714,-0.00730468896829297,-0.00478615488184394,0.00206809264712258,-0.0133810933502383,-0.0111802705895762,0.00152149023607896,0,0.0121369368977404,0.015263411914588,0.0311159612957872,0.015263411914588,0.00734868263578551,0.00587927127497399,0.00440612661824273,0.00227904945535275,0.0022536463225325,0.00220365951278942,0.00205943527484217,0.00171980193939161,0.00218103290965281,0.00217335025929399,0.00216144913300649,0.00215566987395324,0.00215566987395324,0.00215566987395324,0.0021449853223466,0.00213752708632315,0.00213586359909573,0.00213372901827788,0.00213048118717704,0.00212717558375246,0.00212432216192841,0.0021273833732354,0.00213124162803937,0.00209630560683018,0.00207887368140195,0.00209647351956723,0.00211109104042231,0.00211941146381723,0.00212679567475409,0.00211109104042231,0.00211109104042231,0.00211109104042231,0.00211109104042231,0.00211109104042231,0.00211109104042231,0.00211109104042231,0.00211109104042231,0.00211109104042231,0.00211109104042231,0.071198294355175,0.0642431518493402,0.0642522485309012,0.00152149023607896,0.0726758307313736,0.00518797119703472
0.0718775457978863,0.0719699570635725,0.0718383241996365,0.0716500060988677,0.0716111048781271,0.0718174933285065,0.0718969911019856,0.0711827160936018,0.0711827160936017,0.0711827160936019,0.0719853950696608,0.0720269393855577,0.0725879845185093,0.072712312092738,0.0746026611436617,0.0718894462459537,0.0715925336027566,0.0732194009616362,0.0748076100862452,0.0701385353132581,0.0667504631061929,0.0628795207730327,0.0565343678764093,0.0479456830866665,0.0623932976211297,0.0647754171655632,0.0637428029014267,0.0646678217660136,0.0656880472505816,0.0703617577202446,0.0660461539689187,0.0636164997576381,0.0847558585743363,0.0939065311422709,0.0949473919667383,0.0946604519556688,0.0963455212363604,0.0712055538524663,-0.162717531983657,-0.310578991604517,-0.284180020422929,-0.211000120843578,0.0585593308926389,0.00695788567396145,-0.0119878772201006,-0.0233049605368794,-0.0273975435639594,-0.0329882344087018,-0.0355755641998501,-0.0323596415659423,-0.0284859027244327,-0.0275325706759662,-0.0248817239085467,-0.0229037220392795,-0.0219858490694794,-0.0224980490210072,-0.0266291411278621,-0.0259308482361461,-0.0118641447368473,-0.00791208743061998,-0.00738673321327484,-0.00856618872314744,-0.00723946853107607,-0.00474342135611319,0.00204962753420184,-0.0132616193024683,-0.0110804467450264,0.00150790550182825,0,0.0120285713897248,0.0151271314510649,0.0308381402127891,0.0151271314510649,0.007283069397966,0.00582677778144743,0.00436678620200842,0.00225870079950139,0.00223352448036703,0.00218398398142522,0.00204104745988823,0.00170444656493276,0.00216155940153091,0.00215394534626458,0.00214215048003322,0.00213642282150723,0.00213642282150723,0.00213642282150723,0.00212583366768279,0.00211844202305241,0.00211679338838952,0.00211467786632897,0.0021114590337201,0.00210818294461181,0.00210535499976834,0.00210838887883151,0.00211221268493187,0.00207758859248348,0.00206031230924657,0.00207775500599966,0.00209224201327568,0.002100488147176,0.00210780642765807,0.00209224201327568,0.00209224201327568,0.00209224201327568,0.00209224201327568,0.00209224201327568,0.00209224201327568,0.00209224201327568,0.00209224201327568,0.00209224201327568,0.00209224201327568,0.0705625952984323,0.0636695522792568,0.0636785677404468,0.00150790550182825,0.0720269393855578,0.00514165002563263
0.515168963403839,0.510529537864099,0.5171380489182,0.52671746462319,0.528545393201383,0.518183844307095,0.514192729177441,0.549176016297248,0.549176016297248,0.549176016297248,0.51095787988889,0.507668790984741,0.487629147931751,0.481582402871103,0.409632676107886,0.499633885375821,0.482282728299485,0.432524879745686,0.383949395909996,0.387897556645493,0.390762504050994,0.394035765515465,0.399401214720114,0.338090130206268,0.469227530527707,0.504946716220415,0.452733725667846,0.455079595399116,0.457666911371734,0.588712258584424,0.458575078484074,0.446337108686027,0.198311890125269,-0.0287650773959224,-0.0348000005932332,-0.0331363190631636,-0.0429063704015128,-0.162035124739201,-0.0412351078586806,-0.0402812268790452,-0.0395182791304949,-0.037403331572912,-0.0293382804957073,-0.0301750683641616,-0.0304822997698166,-0.0295951362184996,-0.027312190992721,-0.0317560568687494,-0.0323334457197422,-0.0331530732675568,-0.0341403554347535,-0.0343833268299291,-0.0350589360665147,-0.0355630603898385,-0.0357969944912098,-0.0356664524234887,-0.0346135798022266,-0.0347915505296499,-0.0383766671532289,-0.039383909990657,-0.0395178046261673,-0.0392172021747524,-0.0395553373046832,-0.0401914934745096,-0.0419228068915206,-0.0380204991785156,-0.0385764046893533,-0.0251540125475256,0,0.0816926578744837,0.103812002389133,0.215966425280315,0.103812002389133,0.0458631507402285,0.034867852254584,0.0204418257639822,-0.000387949071228223,-0.0012184261929063,-0.00285259085169218,-0.00756755773605802,-0.0186708227091892,-0.0035922978940952,-0.00384345846558866,-0.00423252910399773,-0.00442146416401305,-0.00442146416401306,-0.00442146416401306,-0.00477076264335758,-0.00501458667991964,-0.00506896926707334,-0.00513875280700677,-0.00524493063331698,-0.00535299714766693,-0.00544628097845014,-0.00534620411103914,-0.00522007036340363,-0.00636219588555819,-0.00693207895302789,-0.00635670649621621,-0.0058788317107835,-0.00560682111582847,-0.00536541710128835,-0.0058788317107835,-0.0058788317107835,-0.00587883171078351,-0.00587883171078351,-0.00587883171078351,-0.0058788317107835,-0.00587883171078351,-0.00587883171078351,-0.00587883171078351,-0.00587883171078351,0.477641101742793,0.449023951234327,0.449480538856913,-0.0251540125475256,0.507668790984741,0.0280981754331406
0.0725250912555251,0.0726183350551366,0.0724855163095433,0.0722955016493081,0.0722562499671193,0.0724644977729074,0.0725447117425442,0.0718240018241749,0.0718240018241747,0.0718240018241749,0.0726339121423605,0.0726758307313737,0.0732419303249823,0.0733673779674475,0.075274757190001,0.0725370989148362,0.0722375113829619,0.0738790352045338,0.0754815525194547,0.070770414009774,0.0673518186296722,0.0634460029421591,0.0570436865059266,0.0483776261775374,0.0629553994015003,0.06535897948237,0.0643170623870253,0.0652504147548967,0.0662798314600465,0.0709956474294361,0.0666411643650352,0.0641896213770764,0.0855194248677988,0.0947525359273364,0.0958027738763486,0.0955132488201343,0.0972134989051564,0.0718470453286147,0.472453180941415,-0.313377000537891,-0.286740200787099,-0.21290102283316,0.0590868924322123,0.00702056932868184,-0.0120958761139755,-0.0235149151363108,-0.0276443682807519,-0.0332854257096811,-0.0358960647782271,-0.0326511698683382,-0.0287425324787069,-0.0277806118532272,-0.0251058835833985,-0.0231100618774712,-0.022183919781817,-0.0227007341473226,-0.0268690433001852,-0.0261644594815168,-0.0119710289236658,-0.0079833674975625,-0.00745328035934038,-0.00864336159452716,-0.00730468896829298,-0.00478615488184395,0.00206809264712258,-0.0133810933502383,-0.0111802705895762,0.00152149023607896,0,0.0121369368977404,0.015263411914588,0.0311159612957873,0.015263411914588,0.00734868263578553,0.00587927127497398,0.00440612661824274,0.00227904945535275,0.0022536463225325,0.00220365951278942,0.00205943527484217,0.00171980193939161,0.00218103290965281,0.00217335025929399,0.00216144913300649,0.00215566987395324,0.00215566987395324,0.00215566987395324,0.0021449853223466,0.00213752708632315,0.00213586359909573,0.00213372901827788,0.00213048118717704,0.00212717558375246,0.00212432216192841,0.0021273833732354,0.00213124162803937,0.00209630560683018,0.00207887368140195,0.00209647351956723,0.00211109104042231,0.00211941146381723,0.00212679567475409,0.00211109104042231,0.00211109104042231,0.00211109104042231,0.00211109104042231,0.00211109104042231,0.00211109104042231,0.00211109104042231,0.00211109104042231,0.00211109104042231,0.00211109104042231,0.0711982943551751,0.0642431518493403,0.0642522485309013,0.00152149023607896,0.0726758307313737,0.00518797119703474
0.0720634921755501,0.072156142508109,0.0720241691114807,0.0718353638339686,0.0717963619762207,0.0720032843511278,0.072082987784426,0.0713668649548764,0.0713668649548764,0.0713668649548764,0.0721716204521408,0.0722132722427009,0.0727757687929074,0.0729004180011295,0.0747956573631315,0.0720754234099388,0.0717777426571762,0.0734088187030519,0.0750011365062532,0.0703199828909596,0.0669231457803746,0.0630421893642765,0.0566806216306721,0.0480697180129516,0.0625547083587163,0.064942990418794,0.0639077047935279,0.0648351166711933,0.065857981467262,0.0705437827717252,0.0662170146035278,0.0637810749049708,0.0849751209978477,0.0941494662496268,0.0951930197689798,0.0949053374474283,0.0965947659828131,0.0713897617947582,0.154572194598499,0.187663085459338,-0.653063540991096,-0.211545975709962,0.0587108232027482,0.00697588564353344,-0.0120188897194871,-0.0233652501996013,-0.0274684206915249,-0.0330735745886666,-0.0356675977719884,-0.0324433555835106,-0.0285595954245284,-0.027603797117105,-0.0249460926398308,-0.0229629737026599,-0.0220427262061283,-0.0225562512129925,-0.0266980304072338,-0.0259979310399027,-0.0118948371417341,-0.00793255590907388,-0.0074058426064592,-0.00858834935406179,-0.00725819695223491,-0.00475569253216842,0.00205492989687038,-0.0132959269578547,-0.0111091117322942,0.00151180643587951,0,0.0120596891644563,0.0151662651647518,0.0309179181239965,0.0151662651647518,0.00730191061406199,0.00584185158801506,0.00437808302728653,0.00226454403228336,0.00223930258230328,0.00218963392266507,0.00204632762600399,0.00170885594843566,0.00216715133064255,0.00215951757790351,0.00214769219848995,0.00214194972257777,0.00214194972257777,0.00214194972257777,0.00213133317473515,0.0021239224080058,0.00212226950834416,0.00212014851345256,0.00211692135376105,0.00211363678944822,0.00211080152874422,0.00211384325641736,0.00211767695465977,0.00208296329008563,0.00206564231330428,0.00208313013411165,0.00209765461910753,0.00210592208566065,0.00211325929844948,0.00209765461910753,0.00209765461910753,0.00209765461910754,0.00209765461910753,0.00209765461910754,0.00209765461910753,0.00209765461910754,0.00209765461910754,0.00209765461910754,0.00209765461910754,0.070745139914399,0.0638342646728479,0.0638433034569312,0.00151180643587951,0.0722132722427009,0.00515495141463902
0.0723391448778611,0.0724321496105993,0.0722996713976992,0.0721101439142076,0.072070992869026,0.0722787067502853,0.0723587150601041,0.0716398529629004,0.0716398529629004,0.0716398529629004,0.0724476867598806,0.0724894978742301,0.0730541460505849,0.073179272059057,0.0750817609705313,0.0723511217508511,0.0720523023285423,0.0736896174631181,0.0752880260994466,0.0705889664320726,0.0671791359554907,0.0632833343509158,0.0568974327516638,0.0482535912512524,0.0627939886639136,0.0651914062291392,0.0641521604949238,0.0650831198497169,0.0661098972433661,0.0708136223779558,0.0664703037304262,0.0640250462297437,0.0853001624442875,0.0945096008199805,0.095557146074107,0.0952683633283748,0.0969642541587037,0.0716628373863228,0.155163454359258,0.188380922398254,0.0821433197810687,-0.212355167966776,0.058935400122103,0.00700256935910982,-0.012064863614589,-0.0234546254735889,-0.0275734911531864,-0.0332000855297162,-0.0358040312060888,-0.0325674558507699,-0.0286688397786113,-0.0277093854120884,-0.0250415148521143,-0.0230508102140908,-0.0221270426451681,-0.0226425319553373,-0.0268001540208134,-0.0260973766777602,-0.011940336518779,-0.0079628990191086,-0.00743417096615602,-0.00862120096361283,-0.00728596054713416,-0.00477388370578872,0.00206279028445404,-0.013346785694852,-0.0111516056023084,0.00151758930202769,0,0.0121058191230089,0.0152242782009011,0.03103618338458,0.0152242782009011,0.00732984141968954,0.00586419746840637,0.00439482979296466,0.00227320622257078,0.00224786822059624,0.00219800957154958,0.00205415510872641,0.0017153925558887,0.00217544098054118,0.00216777802765505,0.00215590741454975,0.00215014297288271,0.00215014297288271,0.00215014297288271,0.00213948581529425,0.00213204670136976,0.0021303874791411,0.00212825837115429,0.00212501886713609,0.00212172173891605,0.00211887563295253,0.00212192899564956,0.00212577735831147,0.00209093090922803,0.00207354367734424,0.00209109839145524,0.00210567843459045,0.00211397752533258,0.00212134280396268,0.00210567843459045,0.00210567843459046,0.00210567843459046,0.00210567843459046,0.00210567843459046,0.00210567843459046,0.00210567843459046,0.00210567843459046,0.00210567843459046,0.00210567843459046,0.0710157497392083,0.0640784394557494,0.0640875128144169,0.00151758930202769,0.0724894978742302,0.00517466980802835
0.0720634921755503,0.0721561425081092,0.0720241691114804,0.0718353638339683,0.0717963619762209,0.072003284351128,0.0720829877844259,0.0713668649548762,0.0713668649548763,0.0713668649548763,0.07217162045214,0.0722132722427007,0.072775768792907,0.0729004180011291,0.0747956573631313,0.0720754234099389,0.0717777426571761,0.0734088187030518,0.0750011365062533,0.0703199828909596,0.0669231457803744,0.0630421893642764,0.0566806216306721,0.0480697180129515,0.0625547083587163,0.0649429904187941,0.0639077047935278,0.0648351166711932,0.0658579814672617,0.070543782771725,0.0662170146035274,0.0637810749049705,0.0849751209978476,0.0941494662496268,0.0951930197689798,0.0949053374474283,0.0965947659828132,0.0713897617947581,0.154572194598499,0.187663085459339,0.346936459008903,-0.211545975709962,0.0587108232027482,0.00697588564353347,-0.0120188897194871,-0.0233652501996014,-0.0274684206915249,-0.0330735745886666,-0.0356675977719883,-0.0324433555835106,-0.0285595954245284,-0.027603797117105,-0.0249460926398308,-0.0229629737026599,-0.0220427262061283,-0.0225562512129925,-0.0266980304072338,-0.0259979310399027,-0.0118948371417341,-0.00793255590907389,-0.00740584260645918,-0.00858834935406176,-0.0072581969522349,-0.0047556925321684,0.00205492989687038,-0.0132959269578547,-0.0111091117322941,0.00151180643587952,0,0.0120596891644563,0.0151662651647518,0.0309179181239964,0.0151662651647518,0.00730191061406198,0.00584185158801506,0.00437808302728651,0.00226454403228335,0.00223930258230328,0.00218963392266506,0.00204632762600399,0.00170885594843567,0.00216715133064255,0.00215951757790351,0.00214769219848995,0.00214194972257776,0.00214194972257777,0.00214194972257777,0.00213133317473515,0.0021239224080058,0.00212226950834415,0.00212014851345255,0.00211692135376105,0.00211363678944822,0.00211080152874422,0.00211384325641736,0.00211767695465977,0.00208296329008563,0.00206564231330428,0.00208313013411165,0.00209765461910753,0.00210592208566065,0.00211325929844948,0.00209765461910753,0.00209765461910753,0.00209765461910753,0.00209765461910753,0.00209765461910754,0.00209765461910753,0.00209765461910754,0.00209765461910754,0.00209765461910754,0.00209765461910754,0.0707451399143991,0.0638342646728479,0.0638433034569313,0.00151180643587952,0.0722132722427007,0.00515495141463902
0.0825455560292061,0.082673116453795,0.0824914162694199,0.0822307130104972,0.0821777727659873,0.0824626622560842,0.0825723974670845,0.0815917493156808,0.0815917493156809,0.0815917493156809,0.0826871401812066,0.0827517723312195,0.0834770067053243,0.0836474422568667,0.0861178189966295,0.0826524260694101,0.082437890556798,0.0848648095851954,0.0872340592505421,0.0815809272571991,0.0774787827594653,0.0727919981154119,0.0651095366885612,0.0552376525523542,0.0716682433763711,0.0742990835030242,0.0733380289376532,0.0744159132449078,0.0756047376913888,0.0804687020373877,0.0760220238968873,0.073220528549692,0.0959891834322575,0.118036476057407,0.113436297878017,0.114704455105849,0.107257139620836,0.0802845677876053,0.0847672038059453,0.0719309668549934,0.0616640904934052,0.0332035502713433,0.352665950924644,-0.304811305872383,-0.179052140580664,-0.0947885236768094,-0.0475619815269658,-0.0476234664386285,-0.0350211627850405,-0.0316775285488852,-0.0276499547273543,-0.0266587636949371,-0.0239026457731651,-0.0218460929508031,-0.0208917691577161,-0.0214243097342922,-0.0257194569046725,-0.0249934332139942,-0.0103681089247255,-0.00625910643411137,-0.00571288920590358,-0.00693918357668573,-0.00555977630822857,-0.00296460542281356,0.00409821088938547,-0.0118210803838332,-0.00955328850316747,0.0028397885887611,0,0.0139543159461644,0.0175158188611576,0.0355741435005604,0.0175158188611576,0.00855998753417175,0.00690458516435394,0.00534981221307147,0.00310487175658557,0.0030959827578785,0.00307849150235812,0.00302802492905342,0.00290918130842357,0.00307057405975567,0.00306788576656011,0.00306372135514948,0.00306169909172962,0.00306169909172962,0.00306169909172963,0.00305796038099307,0.00305535061428286,0.00305476853112334,0.00305402160410987,0.0030528851314291,0.00305172844320584,0.00305072998120179,0.0030518011523657,0.00305315122293403,0.00304092650051274,0.00303482676613392,0.00304098525610454,0.0030461001812951,0.00304901164238626,0.00305159550642913,0.0030461001812951,0.0030461001812951,0.0030461001812951,0.0030461001812951,0.00304610018129511,0.0030461001812951,0.00304610018129511,0.00304610018129511,0.00304610018129511,0.00304610018129511,0.0812476606279528,0.0732698835513614,0.0732782706758278,0.0028397885887611,0.0827517723312196,0.00617497951599601
0.0825455560292064,0.082673116453795,0.0824914162694201,0.0822307130104972,0.0821777727659874,0.0824626622560843,0.0825723974670846,0.0815917493156809,0.0815917493156808,0.0815917493156809,0.0826871401812068,0.0827517723312196,0.0834770067053244,0.0836474422568668,0.0861178189966295,0.0826524260694103,0.082437890556798,0.0848648095851955,0.0872340592505421,0.0815809272571991,0.0774787827594653,0.0727919981154119,0.0651095366885612,0.0552376525523542,0.0716682433763711,0.0742990835030243,0.0733380289376532,0.0744159132449078,0.0756047376913889,0.0804687020373877,0.0760220238968873,0.073220528549692,0.0959891834322576,0.118036476057407,0.113436297878017,0.114704455105849,0.107257139620836,0.0802845677876053,0.0847672038059453,0.0719309668549934,0.0616640904934052,0.0332035502713433,-0.647334049075357,-0.304811305872383,-0.179052140580664,-0.0947885236768094,-0.0475619815269658,-0.0476234664386285,-0.0350211627850405,-0.0316775285488852,-0.0276499547273543,-0.0266587636949371,-0.0239026457731651,-0.0218460929508031,-0.0208917691577161,-0.0214243097342922,-0.0257194569046725,-0.0249934332139942,-0.0103681089247255,-0.00625910643411137,-0.00571288920590358,-0.00693918357668574,-0.00555977630822857,-0.00296460542281357,0.00409821088938547,-0.0118210803838333,-0.00955328850316748,0.0028397885887611,0,0.0139543159461644,0.0175158188611576,0.0355741435005604,0.0175158188611576,0.00855998753417176,0.00690458516435394,0.00534981221307147,0.00310487175658557,0.0030959827578785,0.00307849150235812,0.00302802492905342,0.00290918130842357,0.00307057405975567,0.00306788576656011,0.00306372135514948,0.00306169909172962,0.00306169909172962,0.00306169909172963,0.00305796038099307,0.00305535061428286,0.00305476853112334,0.00305402160410987,0.0030528851314291,0.00305172844320584,0.00305072998120179,0.0030518011523657,0.00305315122293403,0.00304092650051274,0.00303482676613392,0.00304098525610454,0.0030461001812951,0.00304901164238626,0.00305159550642913,0.0030461001812951,0.0030461001812951,0.0030461001812951,0.0030461001812951,0.00304610018129511,0.0030461001812951,0.00304610018129511,0.00304610018129511,0.00304610018129511,0.00304610018129511,0.0812476606279528,0.0732698835513614,0.0732782706758279,0.0028397885887611,0.0827517723312197,0.00617497951599601
0.0825455560292065,0.082673116453795,0.0824914162694201,0.0822307130104973,0.0821777727659874,0.0824626622560845,0.0825723974670849,0.0815917493156809,0.0815917493156808,0.0815917493156808,0.0826871401812066,0.0827517723312197,0.0834770067053245,0.0836474422568669,0.0861178189966295,0.0826524260694099,0.0824378905567982,0.0848648095851956,0.0872340592505421,0.0815809272571991,0.0774787827594654,0.072791998115412,0.0651095366885612,0.0552376525523542,0.071668243376371,0.0742990835030244,0.0733380289376532,0.0744159132449078,0.0756047376913889,0.0804687020373877,0.0760220238968874,0.073220528549692,0.0959891834322575,0.118036476057407,0.113436297878017,0.114704455105849,0.107257139620836,0.0802845677876053,0.0847672038059453,0.0719309668549934,0.0616640904934052,0.0332035502713433,0.352665950924643,0.695188694127617,-0.179052140580664,-0.0947885236768095,-0.0475619815269658,-0.0476234664386285,-0.0350211627850405,-0.0316775285488852,-0.0276499547273543,-0.0266587636949372,-0.0239026457731651,-0.0218460929508031,-0.0208917691577161,-0.0214243097342922,-0.0257194569046725,-0.0249934332139943,-0.0103681089247255,-0.00625910643411137,-0.00571288920590358,-0.00693918357668573,-0.00555977630822856,-0.00296460542281356,0.00409821088938547,-0.0118210803838332,-0.00955328850316746,0.0028397885887611,0,0.0139543159461644,0.0175158188611577,0.0355741435005604,0.0175158188611576,0.00855998753417175,0.00690458516435394,0.00534981221307147,0.00310487175658557,0.0030959827578785,0.00307849150235812,0.00302802492905343,0.00290918130842357,0.00307057405975567,0.00306788576656011,0.00306372135514948,0.00306169909172963,0.00306169909172963,0.00306169909172962,0.00305796038099307,0.00305535061428286,0.00305476853112334,0.00305402160410987,0.00305288513142911,0.00305172844320584,0.0030507299812018,0.0030518011523657,0.00305315122293402,0.00304092650051273,0.00303482676613392,0.00304098525610454,0.0030461001812951,0.00304901164238626,0.00305159550642914,0.0030461001812951,0.0030461001812951,0.0030461001812951,0.0030461001812951,0.00304610018129511,0.0030461001812951,0.00304610018129511,0.00304610018129511,0.00304610018129511,0.00304610018129511,0.0812476606279529,0.0732698835513614,0.0732782706758278,0.0028397885887611,0.0827517723312197,0.00617497951599601
0.0433132215996441,0.0433698850471087,0.043289172248568,0.0431735503343463,0.0431498490828085,0.0432763994663414,0.0433251447992575,0.0428882381292612,0.0428882381292617,0.0428882381292613,0.0433778919516121,0.0434048246703705,0.0437389840524263,0.0438149810387219,0.0449462468354486,0.0433386309391677,0.0431956874021217,0.044324813108874,0.0454271081057632,0.0425692210335016,0.0404954209272193,0.0381260615596176,0.0342422663075697,0.029119195967569,0.0377003647179668,0.039101371250533,0.038519035146028,0.0390709085260434,0.0396795829089142,0.0423868904968431,0.0398932321355634,0.0384478142725219,0.0497474686894371,0.059997616095247,0.0579621240393899,0.0585232596872206,0.0552279630886844,0.0427401857163941,0.0463015756523455,0.0412067979174539,0.0371318144706872,0.0258356591254407,0.16445715887945,0.316951934603682,0.372941255275048,-0.270002640747691,-0.0781071697847827,-0.0579126716549209,-0.00124312964865175,-0.000430177385997821,0.000549064068050831,0.000790056633509312,0.00146016351195247,0.0019601821001486,0.00219221097415208,0.00206273207900223,0.00101843435862493,0.0011949556406764,0.00475087403164268,0.00574991359041829,0.00588271774907013,0.00558456349145806,0.00591994475053473,0.00655091987947042,0.00826813297641303,0.00439760679251684,0.00494898484717374,0.00537416990236443,0,0.00769497396644822,0.00954323613179398,0.0189147062659416,0.00954323613179398,0.00510767189659821,0.00431368501801992,0.00394160199319115,0.00340435040612132,0.00347040410201978,0.00360038072943288,0.00397539526098543,0.00485851614279046,0.00365921484148417,0.00367919141107057,0.00371013693980537,0.00372516427610766,0.00372516427610766,0.00372516427610766,0.00375294644485157,0.00377233948813164,0.00377666491839366,0.00378221529492439,0.00379066036543529,0.00379925565661111,0.00380667517682419,0.0037987153585536,0.00378868305303745,0.00387952434167624,0.00392485115665251,0.00387908773187111,0.00384107898373036,0.00381944406489718,0.00380024350301671,0.00384107898373036,0.00384107898373036,0.00384107898373037,0.00384107898373036,0.00384107898373037,0.00384107898373036,0.00384107898373037,0.00384107898373037,0.00384107898373037,0.00384107898373037,0.0425825986796809,0.0384777299723062,0.0384828136859949,0.00537416990236443,0.0434048246703705,0.00413907825222221
0.0373677462134785,0.0374014314802795,0.0373534493635048,0.0372850374640887,0.0372706245757425,0.0373458562043104,0.0373748343130927,0.0371128394221795,0.0371128394221797,0.0371128394221796,0.0374092989575998,0.0374222023755241,0.0376418401028226,0.0376875223425877,0.0384193100876709,0.0373442779584827,0.0371760023288772,0.0379365263154195,0.0386789784448556,0.0363738515743577,0.0347011569478171,0.0327900688586007,0.0296574605474112,0.0253218266499586,0.0326654754707563,0.0339045923887746,0.033286669052329,0.0337424923190399,0.0342452307289917,0.0368104621245284,0.0344216956427713,0.0332110658792039,0.0420013217671952,0.0488930181393128,0.0476968534162443,0.0480266069344955,0.0460901132341765,0.0377811632441508,0.0426434830506272,0.040676302615677,0.0391028821199551,0.0347412441954695,0.111403110543948,0.202658177028764,0.23616299157759,0.441052958999404,-0.146051792911173,0.11216352689774,0.0242856627647559,0.0235935189094333,0.0227597971936167,0.0225546172205444,0.0219840912750115,0.0215583777254395,0.0213608293984632,0.0214710671403195,0.0223601774651087,0.0222098880492127,0.019182395320057,0.0183318175880101,0.0182187487319471,0.0184725959094809,0.0181870538323823,0.0176498444802262,0.016187817067389,0.0194831654391406,0.0190137246736465,0.010385160979988,0,0.00719059343042809,0.00875477029383839,0.0166858079111299,0.00875477029383839,0.00531840091785099,0.0047438656494411,0.00507961505949169,0.00556440445156474,0.0057260582408263,0.00604415118098612,0.0069619275329227,0.00912319701191208,0.00618813641938294,0.00623702525332574,0.00631275851718993,0.00634953504911188,0.00634953504911189,0.00634953504911189,0.00641752659432778,0.00646498735922359,0.00647557302263775,0.00648915650779808,0.00650982420292245,0.00653085953439752,0.00654901739128402,0.00652953725822301,0.00650498510895025,0.00672730179131178,0.00683823050311824,0.00672623327230663,0.006633214129646,0.00658026680304786,0.00653327709956933,0.006633214129646,0.006633214129646,0.00663321412964601,0.00663321412964601,0.00663321412964602,0.006633214129646,0.00663321412964602,0.00663321412964602,0.00663321412964602,0.00663321412964602,0.0366640135380782,0.0332428223252936,0.033248218845544,0.010385160979988,0.0374222023755242,0.00490142220186484
0.00594547538616574,0.00596845356682951,0.00593572288506317,0.00588851287025782,0.00587922450706635,0.0059305432620308,0.00595031048616534,0.0057753987070821,0.0057753987070821,0.0057753987070821,0.00596859299401253,0.00598262229484647,0.00609714394960414,0.00612745869613462,0.00652693674777799,0.00599435298068485,0.00601968507324485,0.00638828679345499,0.0067481296609076,0.0061953694591439,0.00579426397940247,0.00533599270101714,0.00458480576015852,0.00379736931761038,0.00503488924721057,0.00519677886175851,0.00523236609369898,0.00532841620700336,0.00543435217992272,0.00557642837231476,0.00547153649279258,0.00523674839331817,0.00774614692224196,0.0111045979559343,0.0102652706231457,0.0104966527527254,0.009137849854508,0.00495902247224339,0.00365809260171829,0.00053049530177704,-0.00197106764926784,-0.00890558507002879,0.0530540483355015,0.114293757574917,0.136778263697458,0.288944400252905,0.0679446231263902,-0.170076198552661,-0.0255287924134076,-0.0240236962954312,-0.022210733125566,-0.0217645605870351,-0.020523927763059,-0.0195981956252909,-0.0191686184243111,-0.0194083350613173,-0.0213417431064838,-0.0210149324085364,-0.0144315212884143,-0.0125819039975918,-0.0123360309828769,-0.0128880324180228,-0.0122671090818475,-0.0110989246007558,-0.00791968409097592,-0.0150855586466238,-0.0140647398264727,-0.00501099107762353,0,0.000504380536020116,0.000788465837955624,0.00222889835481171,0.000788465837955624,-0.000210729021252756,-0.000430180631421168,-0.00113801306630053,-0.00216005404544342,-0.00225565413880651,-0.00244377045155325,-0.00298653227193727,-0.00426468086912162,-0.00252892157789876,-0.00255783384225517,-0.00260262157738456,-0.00262437077300422,-0.00262437077300422,-0.00262437077300422,-0.0026645801494762,-0.00269264787109195,-0.00269890810424409,-0.00270694121287369,-0.00271916383748716,-0.00273160387778641,-0.00274234221445982,-0.00273082189966939,-0.0027163020559128,-0.00284777744963553,-0.00291337934646572,-0.00284714554043551,-0.00279213514591563,-0.00276082273815068,-0.00273303359655262,-0.00279213514591563,-0.00279213514591564,-0.00279213514591564,-0.00279213514591564,-0.00279213514591565,-0.00279213514591564,-0.00279213514591564,-0.00279213514591564,-0.00279213514591564,-0.00279213514591564,0.00591858514160276,0.00523490764701284,0.00523459484045113,-0.00501099107762353,0.00598262229484647,-0.000762343949642606
-0.0531481986260007,-0.0531285946998374,-0.0531565190110799,-0.0531984148082008,-0.0532047208268305,-0.0531609380270575,-0.053144073541219,-0.0532819618603295,-0.0532819618603306,-0.0532819618603297,-0.0531440471287867,-0.0531165065932133,-0.053123963474053,-0.0531006236765506,-0.053056816480662,-0.0529132121896527,-0.0524742035316046,-0.052607106480413,-0.0527368513393482,-0.0501710106316555,-0.0483091313488941,-0.0461818958903792,-0.042694984159412,-0.0369024325276326,-0.0470825505612658,-0.0489800751357312,-0.0475880846432779,-0.0481462534870523,-0.0487618712878475,-0.0534299855143314,-0.0489779577057303,-0.047417666023347,-0.0556634508249094,-0.0567977934919432,-0.0575834891139141,-0.0573668919424514,-0.0586388694493719,-0.0577683495984779,-0.07263374670909,-0.080621388918646,-0.087010187699743,-0.104720410193544,-0.023068007403661,0.0261722633046344,0.044251107602994,0.211015329082344,0.557141039015831,-0.0716482795100052,-0.147174799266162,-0.140000834628061,-0.131359437234598,-0.129232778361665,-0.123319364658865,-0.118906909174208,-0.116859351139637,-0.118001948384097,-0.127217440193147,-0.125659713505512,-0.0942802168675595,-0.0854641094576084,-0.0842921681497008,-0.0869232551139286,-0.0839636553890405,-0.0783955630539158,-0.0632418737175541,-0.0973976529061961,-0.0925319715518932,-0.0403047649207889,0,-0.0126784996366008,-0.0147682921460336,-0.0253644231797775,-0.0147682921460336,-0.0116145042745138,-0.0112879871792702,-0.0146826438709507,-0.0195841969477187,-0.0202790170052656,-0.0216462435701158,-0.0255910284129625,-0.0348805934186794,-0.0222651206906942,-0.0224752545982797,-0.0228007711914676,-0.0229588440219475,-0.0229588440219475,-0.0229588440219475,-0.0232510851724669,-0.0234550809559667,-0.0235005802374632,-0.0235589647515777,-0.0236477986055892,-0.0237382126335733,-0.0238162587048991,-0.0237325292282423,-0.0236269992196447,-0.0245825604269489,-0.0250593540379929,-0.0245779677202759,-0.0241781529905894,-0.0239505748763867,-0.0237486038083145,-0.0241781529905894,-0.0241781529905894,-0.0241781529905894,-0.0241781529905894,-0.0241781529905895,-0.0241781529905894,-0.0241781529905895,-0.0241781529905895,-0.0241781529905895,-0.0241781529905895,-0.0518212572467533,-0.0474892488616432,-0.0475014132655369,-0.0403047649207889,-0.0531165065932135,-0.0128809919292198
0.0722013185267055,0.0722941460593544,0.0721619202545897,0.071972753874088,0.0719336774226234,0.0721409955507068,0.072220851422265,0.0715033589588883,0.0715033589588883,0.0715033589588883,0.0723096536060105,0.0723513850584653,0.072914957421746,0.073039845030093,0.0749387091668313,0.0722132725803949,0.0719150224928593,0.0735492180830848,0.07514458130285,0.0704544746615161,0.0670511408679325,0.063162761857596,0.0567890271911679,0.0481616546321019,0.0626743485113149,0.0650671983239667,0.0640299326442258,0.0649591182604551,0.0659839393553139,0.0706787025748404,0.0663436591669769,0.0639030605673571,0.0851376417210676,0.0943295335348037,0.0953750829215434,0.0950868503879015,0.0967795100707584,0.0715262995905405,0.154867824478879,0.188022003928796,0.214539889394986,0.288049428161631,0.0588231116624256,0.00698922750132165,-0.0120418766670381,-0.0234099378365951,-0.0275209559223557,-0.0331368300591914,-0.0357358144890386,-0.0325054057171403,-0.0286142176015699,-0.0276565912645967,-0.0249938037459726,-0.0230068919583753,-0.0220848844256482,-0.0225993915841649,-0.0267490922140236,-0.0260476538588314,-0.0119175868302566,-0.00794772746409124,-0.0074200067863076,-0.0086047751588373,-0.00727207874968453,-0.00476478811897856,0.00205886009066221,-0.0133213563263533,-0.0111303586673013,0.0015146978689536,0,0.0120827541437326,0.0151952716828264,0.0309770507542882,0.0151952716828264,0.00731587601687576,0.00585302452821071,0.00438645641012558,0.00226887512742707,0.00224358540144976,0.00219382174710732,0.0020502413673652,0.00171212425216218,0.00217129615559186,0.00216364780277928,0.00215179980651985,0.00214604634773024,0.00214604634773024,0.00214604634773024,0.0021354094950147,0.00212798455468778,0.00212632849374263,0.00212420344230342,0.00212097011044857,0.00211767926418214,0.00211483858084838,0.00211788612603346,0.00212172715648562,0.00208694709965683,0.00206959299532426,0.00208711426278344,0.00210166652684899,0.00210994980549662,0.00211730105120608,0.00210166652684899,0.00210166652684899,0.002101666526849,0.002101666526849,0.002101666526849,0.00210166652684899,0.002101666526849,0.002101666526849,0.002101666526849,0.002101666526849,0.0708804448268037,0.0639563520642987,0.0639654081356741,0.0015146978689536,0.0723513850584653,0.00516481061133369
0.0722013185267055,0.0722941460593544,0.0721619202545897,0.071972753874088,0.0719336774226234,0.0721409955507068,0.072220851422265,0.0715033589588883,0.0715033589588883,0.0715033589588883,0.0723096536060105,0.0723513850584653,0.072914957421746,0.073039845030093,0.0749387091668313,0.0722132725803949,0.0719150224928593,0.0735492180830848,0.07514458130285,0.0704544746615161,0.0670511408679325,0.063162761857596,0.0567890271911679,0.0481616546321019,0.0626743485113149,0.0650671983239667,0.0640299326442258,0.0649591182604551,0.0659839393553139,0.0706787025748404,0.0663436591669769,0.0639030605673571,0.0851376417210676,0.0943295335348037,0.0953750829215434,0.0950868503879015,0.0967795100707584,0.0715262995905405,0.154867824478879,0.188022003928796,0.214539889394986,0.288049428161631,0.0588231116624256,0.00698922750132165,-0.0120418766670381,-0.0234099378365951,-0.0275209559223557,-0.0331368300591914,-0.0357358144890386,-0.0325054057171403,-0.0286142176015699,-0.0276565912645967,-0.0249938037459726,-0.0230068919583753,-0.0220848844256482,-0.0225993915841649,-0.0267490922140236,-0.0260476538588314,-0.0119175868302566,-0.00794772746409124,-0.0074200067863076,-0.0086047751588373,-0.00727207874968453,-0.00476478811897856,0.00205886009066221,-0.0133213563263533,-0.0111303586673013,0.0015146978689536,0,0.0120827541437326,0.0151952716828264,0.0309770507542882,0.0151952716828264,0.00731587601687576,0.00585302452821071,0.00438645641012558,0.00226887512742707,0.00224358540144976,0.00219382174710732,0.0020502413673652,0.00171212425216218,0.00217129615559186,0.00216364780277928,0.00215179980651985,0.00214604634773024,0.00214604634773024,0.00214604634773024,0.0021354094950147,0.00212798455468778,0.00212632849374263,0.00212420344230342,0.00212097011044857,0.00211767926418214,0.00211483858084838,0.00211788612603346,0.00212172715648562,0.00208694709965683,0.00206959299532426,0.00208711426278344,0.00210166652684899,0.00210994980549662,0.00211730105120608,0.00210166652684899,0.00210166652684899,0.002101666526849,0.002101666526849,0.002101666526849,0.00210166652684899,0.002101666526849,0.002101666526849,0.002101666526849,0.002101666526849,0.0708804448268037,0.0639563520642987,0.0639654081356741,0.0015146978689536,0.0723513850584653,0.00516481061133369
0.0392323344295618,0.0393032314066862,0.0392022440208519,0.039057162676151,0.0390279236831785,0.0391862627897432,0.0392472526678275,0.0387035111864195,0.0387035111864196,0.0387035111864195,0.0393092482295947,0.0393469476608492,0.0397380226528987,0.0398324612181448,0.0411715721611809,0.0393137951302427,0.0392422031546764,0.0405399964763215,0.0418069511447789,0.0390117062236977,0.0369833618322463,0.0346659365557943,0.0308672703809915,0.0261184565847852,0.0339678786584045,0.0351977122524916,0.0348189937916253,0.0353450047188645,0.0359251547824744,0.0380818115405447,0.0361287917613238,0.0347727142771703,0.0462417147428206,0.05803885996216,0.0554741738386272,0.0561811954186281,0.052029176532152,0.0375443820712114,0.0384656281535999,0.0307241689375395,0.024532276022718,0.00736789114590253,0.188208792045194,0.378236759523935,0.448006604144288,0.175214117070881,0.0305451882578168,0.0102892052162925,-0.0337780331363888,-0.0312473511628875,-0.0281990187954052,-0.0274488203284465,-0.0253628092851176,-0.0238062750509517,-0.0230839801318682,-0.0234870418132945,-0.0267378912632975,-0.0261883888546707,-0.0151189829563682,-0.0120090200245297,-0.0115956069549737,-0.0125237470681438,-0.0114797210587633,-0.00951552530228399,-0.00416992208702756,-0.0162186871763501,-0.0145022733503412,-0.00253438131360332,0,0.00625934197971613,0.00797258272936364,0.0166594372346188,0.00797258272936364,0.00345231563757355,0.00259090014633404,0.00140821021988033,-0.000299478649535738,-0.000374421344141281,-0.000521889227074759,-0.000947370331932,-0.00194933483436689,-0.000588640781728496,-0.000611305644510448,-0.000646415584655887,-0.000663465184378029,-0.000663465184378028,-0.000663465184378029,-0.000694986063858489,-0.000716988873848775,-0.000721896387270317,-0.000728193690814521,-0.000737775234006184,-0.000747527213405269,-0.000755945195622399,-0.000746914206187903,-0.000735531830103422,-0.000838597841163506,-0.000890024390518594,-0.000838102475766569,-0.000794978802435261,-0.000770432422510917,-0.000748647996587569,-0.00079497880243526,-0.000794978802435261,-0.000794978802435261,-0.000794978802435261,-0.000794978802435261,-0.000794978802435261,-0.00079497880243526,-0.000794978802435259,-0.000794978802435259,-0.000794978802435259,0.038665061948272,0.0347921535790554,0.034795456989833,-0.00253438131360332,0.0393469476608492,0.00203590126377381
0.00594547538616608,0.00596845356682962,0.00593572288506294,0.00588851287025749,0.00587922450706602,0.00593054326203024,0.00595031048616557,0.00577539870708277,0.00577539870708188,0.00577539870708277,0.00596859299401231,0.00598262229484625,0.00609714394960337,0.00612745869613418,0.00652693674777782,0.00599435298068496,0.00601968507324435,0.00638828679345482,0.00674812966090799,0.00619536945914367,0.00579426397940219,0.00533599270101681,0.00458480576015852,0.00379736931761054,0.00503488924721052,0.0051967788617584,0.00523236609369904,0.00532841620700331,0.0054343521799225,0.00557642837231476,0.00547153649279242,0.00523674839331822,0.00774614692224196,0.0111045979559343,0.0102652706231459,0.0104966527527252,0.00913784985450816,0.00495902247224334,0.00365809260171823,0.000530495301777067,-0.0019710676492678,-0.00890558507002875,0.0530540483355015,0.114293757574917,0.136778263697458,0.288944400252905,0.0679446231263903,0.829923801447339,-0.0255287924134077,-0.0240236962954312,-0.0222107331255661,-0.0217645605870351,-0.0205239277630589,-0.0195981956252909,-0.0191686184243111,-0.0194083350613172,-0.0213417431064838,-0.0210149324085364,-0.0144315212884143,-0.0125819039975918,-0.0123360309828769,-0.0128880324180228,-0.0122671090818475,-0.0110989246007558,-0.00791968409097592,-0.0150855586466238,-0.0140647398264727,-0.00501099107762353,0,0.000504380536020144,0.000788465837955665,0.00222889835481177,0.00078846583795561,-0.000210729021252742,-0.000430180631421154,-0.00113801306630053,-0.00216005404544341,-0.00225565413880652,-0.00244377045155325,-0.00298653227193727,-0.00426468086912162,-0.00252892157789876,-0.00255783384225516,-0.00260262157738457,-0.00262437077300422,-0.00262437077300422,-0.00262437077300423,-0.00266458014947621,-0.00269264787109195,-0.00269890810424409,-0.00270694121287369,-0.00271916383748716,-0.00273160387778642,-0.00274234221445982,-0.00273082189966939,-0.00271630205591279,-0.00284777744963554,-0.00291337934646572,-0.00284714554043551,-0.00279213514591564,-0.00276082273815068,-0.00273303359655262,-0.00279213514591564,-0.00279213514591564,-0.00279213514591564,-0.00279213514591564,-0.00279213514591565,-0.00279213514591563,-0.00279213514591565,-0.00279213514591565,-0.00279213514591565,-0.00279213514591565,0.00591858514160282,0.00523490764701307,0.00523459484045086,-0.00501099107762353,0.00598262229484625,-0.000762343949642585
0.00311170627421431,0.00313033917485384,0.00310379801608462,0.00306549551550894,0.00305798374214494,0.00309959788367409,0.00311562703448609,0.00297393282261149,0.00297393282261127,0.00297393282261149,0.00313025867433603,0.00314182853100475,0.00323338639351833,0.003257937114854,0.00357818002646071,0.00315374355196618,0.00317947371113947,0.00343638935243229,0.00368720006759538,0.00333541621592737,0.0030801474209986,0.00278849756106891,0.00231043232675043,0.00184934974972528,0.00255044495116896,0.00262889187094917,0.00269078917461485,0.00275134290273615,0.0028181290613537,0.00281285879669935,0.00284157149878961,0.00269838681437506,0.0047487536035723,0.00636990267227866,0.00624829182516762,0.00628181697761487,0.00608493887648087,0.00222429646183231,0.0106588598930796,0.0132694468884025,0.01535748670993,0.0211456874472237,0.0138441701602798,0.02475544464901,0.0287615808814247,0.0302274894826997,0.0290585763227801,0.0340102443536777,0.0350209804435423,-0.759886965237223,-0.0535529185805558,-0.0645514800885976,-0.0951342148941223,-0.117954359519651,-0.125285765562304,-0.130974362497653,-0.394430379083266,-0.0865891311481479,-0.0663657025631928,-0.0360197841310968,-0.0349543504988312,-0.0287065215804533,-0.0438705966372859,-0.0317294557014552,-0.00970696919107234,0.00365192835960659,-0.0113795712692999,-0.00615395239957018,0,-7.88563523646257e-05,8.74894960538608e-05,0.000930933234513764,8.74894960538608e-05,-0.000672686680496609,-0.000854920326166686,-0.00162829269761754,-0.00274496695102951,-0.00285928000792108,-0.00308421860374,-0.00373322176544704,-0.00526155785975291,-0.00318603739081322,-0.00322060900265973,-0.00327416358334875,-0.00330017001230455,-0.00330017001230456,-0.00330017001230456,-0.00334825005677438,-0.00338181181330627,-0.0033892974376744,-0.00339890296389814,-0.00341351807078406,-0.00342839315075977,-0.00344123343205955,-0.00342745810659993,-0.00341009611805981,-0.00356730678212672,-0.003645749732345,-0.00356655118168961,-0.00350077293674068,-0.00346333137236215,-0.00343010272568707,-0.00350077293674068,-0.00350077293674068,-0.00350077293674068,-0.00350077293674068,-0.00350077293674069,-0.00350077293674068,-0.00350077293674069,-0.00350077293674069,-0.00350077293674069,-0.00350077293674069,0.00311735137912561,0.00269519549280106,0.00269465317671691,-0.00615395239957018,0.00314182853100453,-0.00121783945852559
0.00376544037666871,0.0037879878378424,0.0037558706834373,0.00370952126305957,0.00370043135153442,0.00375078815097085,0.00377018484408742,0.00359872228961933,0.00359872228961844,0.00359872228961933,0.00378789042508121,0.00380189097706607,0.00391268410531442,0.00394239265401641,0.00432991495960755,0.00381630920843579,0.00384744498145295,0.00415833567738322,0.00446183887162865,0.00403614923314699,0.00372725136727392,0.003374329188362,0.00279582788478455,0.00223787710167361,0.00308626443221333,0.00318119215775536,0.00325609338103594,0.00332936875882961,0.00341018592989273,0.00340380844256727,0.00343855335685117,0.00326528719851105,0.00574641273372029,0.0077081467863494,0.00756098688319695,0.00760155528893103,0.00736331533761087,0.00269159585416834,0.0128981651459989,0.0160572067819184,0.0185839200251396,0.0255881559149723,0.0167526728775687,0.0299562820553513,0.0348040619531435,0.0365779412815003,0.0351634527593494,0.0411554099340702,0.0423784901825081,-0.0062401755591866,-0.51723815465117,-0.454519309386903,-0.280122520259222,-0.149991582806151,-0.150350997834461,-0.155328796836245,-0.0928745001521001,-0.362809176450024,-0.0803083819730162,-0.0435871311666039,-0.0422978620441169,-0.0347374353191622,-0.0530873101023309,-0.0383954535227296,-0.0117462930322278,0.0044191569788946,-0.0137702897865643,-0.00744682781709205,0,-9.54231752563206e-05,0.000105870044260187,0.00112651172068165,0.000105870044260201,-0.000814010502398287,-0.00103452936469579,-0.00197037847673846,-0.00332165329217571,-0.0034599822223729,-0.00373217785921256,-0.00451752920484829,-0.00636695133260763,-0.00385538761558513,-0.00389722232993851,-0.00396202811901733,-0.00399349820295637,-0.00399349820295638,-0.00399349820295638,-0.00405167931801179,-0.00409229201793282,-0.00410135028685554,-0.0041129738249066,-0.0041306593995489,-0.00414865956467081,-0.00416419744305434,-0.00414752807836614,-0.00412651853347112,-0.00431675737028739,-0.00441168029230757,-0.004315843026791,-0.00423624552059654,-0.00419093790932074,-0.00415072830184936,-0.00423624552059654,-0.00423624552059654,-0.00423624552059654,-0.00423624552059655,-0.00423624552059655,-0.00423624552059654,-0.00423624552059655,-0.00423624552059655,-0.00423624552059655,-0.00423624552059655,0.00377227145392678,0.00326142541656571,0.0032607691660389,-0.00744682781709205,0.00380189097706607,-0.0014736936797129
0.00117971665529737,0.00118678079994394,0.0011767184597713,0.00116219713484966,0.00115934925546535,0.00117512609669967,0.0011812031022127,0.0011274836933175,0.00112748369331728,0.00112748369331772,0.00118675028041837,0.00119113666891657,0.00122584827914296,0.00123515600047264,0.00135656716954546,0.00119565391683052,0.00120540878912423,0.00130281118971398,0.00139789907781496,0.00126453004092464,0.00116775199620633,0.00105718108528063,0.000875935983865705,0.000701129383354648,0.000966930076994998,0.000996671038919761,0.00102013767542641,0.00104309493273469,0.00106841504225708,0.00106641696838894,0.00107730258865346,0.00102301810866012,0.00180035749661189,0.00241497095576793,0.00236886559454208,0.0023815757211505,0.0023069348795981,0.000843279972819633,0.00404100947655128,0.0050307407323596,0.00582236279990239,0.00801679768939481,0.00524863103313733,0.00938533646434754,0.010904151294633,0.0114599096598739,0.0110167488336801,0.0128940356765802,0.0132772280778694,-0.00078895942901408,0.159407870955498,-0.706918732383417,-0.335224848810503,-0.0578752843096135,-0.0452216185725539,-0.0439227737785798,-0.0258537084439394,0.0726454178019065,-0.0251607053349084,-0.0136558966415911,-0.0132519671924934,-0.0108832770961511,-0.0166323132616027,-0.0120293382652158,-0.00368012666300108,0.00138452679338047,-0.00431424709580697,-0.00233309943224368,0,-2.98961868706316e-05,3.31692025413166e-05,0.000352937374207163,3.31692025413166e-05,-0.000255030395173994,-0.000324119199838546,-0.000617321766837736,-0.00104067766845611,-0.00108401627603949,-0.0011692954716068,-0.00141534692111245,-0.00199477292937205,-0.00120789722522596,-0.00122100408773215,-0.00124130781348218,-0.00125116742575928,-0.00125116742575928,-0.00125116742575928,-0.00126939563377445,-0.00128211963780072,-0.00128495760352248,-0.00128859927091343,-0.00129414018110638,-0.00129977965284626,-0.00130464768741417,-0.00129942515692936,-0.00129284284316164,-0.00135244488218664,-0.00138218433916238,-0.00135215841735292,-0.00132722043018957,-0.00131302550521746,-0.0013004277905037,-0.00132722043018957,-0.00132722043018958,-0.00132722043018958,-0.00132722043018958,-0.00132722043018958,-0.00132722043018958,-0.00132722043018958,-0.00132722043018958,-0.00132722043018958,-0.00132722043018958,0.00118185683939487,0.00102180820808417,0.00102160260406503,-0.00233309943224368,0.00119113666891657,-0.000461709867864507
0.00117971665529715,0.00118678079994439,0.00117671845977074,0.00116219713484922,0.00115934925546513,0.0011751260966999,0.00118120310221292,0.00112748369331739,0.00112748369331739,0.00112748369331739,0.00118675028041804,0.00119113666891657,0.00122584827914296,0.00123515600047275,0.00135656716954541,0.00119565391683052,0.00120540878912417,0.00130281118971398,0.00139789907781507,0.00126453004092453,0.00116775199620667,0.00105718108528063,0.000875935983865483,0.000701129383354648,0.000966930076995165,0.00099667103891965,0.00102013767542641,0.00104309493273463,0.00106841504225708,0.00106641696838922,0.00107730258865335,0.00102301810866012,0.00180035749661211,0.00241497095576809,0.00236886559454202,0.00238157572115039,0.00230693487959821,0.000843279972819633,0.00404100947655131,0.00503074073235957,0.00582236279990239,0.00801679768939478,0.00524863103313736,0.00938533646434754,0.0109041512946329,0.0114599096598739,0.0110167488336801,0.0128940356765802,0.0132772280778694,-0.000788959429014024,0.159407870955498,0.293081267616583,-0.335224848810503,-0.0578752843096133,-0.045221618572554,-0.0439227737785796,-0.0258537084439394,0.0726454178019066,-0.0251607053349084,-0.0136558966415911,-0.0132519671924933,-0.0108832770961512,-0.0166323132616027,-0.0120293382652158,-0.00368012666300109,0.00138452679338043,-0.00431424709580698,-0.00233309943224368,0,-2.98961868706871e-05,3.31692025412611e-05,0.000352937374207357,3.31692025412611e-05,-0.000255030395174015,-0.000324119199838518,-0.000617321766837736,-0.00104067766845611,-0.00108401627603949,-0.00116929547160679,-0.00141534692111245,-0.00199477292937205,-0.00120789722522596,-0.00122100408773215,-0.00124130781348218,-0.00125116742575928,-0.00125116742575928,-0.00125116742575928,-0.00126939563377445,-0.00128211963780072,-0.00128495760352248,-0.00128859927091343,-0.00129414018110638,-0.00129977965284626,-0.00130464768741417,-0.00129942515692936,-0.00129284284316164,-0.00135244488218663,-0.00138218433916238,-0.00135215841735292,-0.00132722043018957,-0.00131302550521746,-0.0013004277905037,-0.00132722043018957,-0.00132722043018957,-0.00132722043018957,-0.00132722043018958,-0.00132722043018958,-0.00132722043018957,-0.00132722043018958,-0.00132722043018958,-0.00132722043018958,-0.00132722043018958,0.00118185683939487,0.00102180820808417,0.00102160260406492,-0.00233309943224368,0.00119113666891657,-0.000461709867864504
0.00117971665529715,0.00118678079994461,0.00117671845977108,0.00116219713484933,0.00115934925546501,0.0011751260966999,0.0011812031022127,0.00112748369331728,0.0011274836933175,0.00112748369331717,0.00118675028041815,0.00119113666891679,0.00122584827914318,0.00123515600047264,0.00135656716954524,0.00119565391683041,0.00120540878912412,0.0013028111897142,0.00139789907781507,0.00126453004092453,0.00116775199620667,0.00105718108528052,0.000875935983865483,0.000701129383354704,0.00096693007699522,0.00099667103891965,0.00102013767542641,0.00104309493273458,0.00106841504225696,0.00106641696838938,0.00107730258865324,0.00102301810866012,0.001800357496612,0.00241497095576809,0.00236886559454202,0.00238157572115039,0.00230693487959821,0.000843279972819522,0.00404100947655123,0.00503074073235954,0.00582236279990236,0.00801679768939481,0.00524863103313733,0.00938533646434754,0.0109041512946329,0.0114599096598739,0.0110167488336801,0.0128940356765802,0.0132772280778694,-0.000788959429013969,0.159407870955498,0.293081267616583,0.664775151189497,-0.0578752843096134,-0.045221618572554,-0.0439227737785797,-0.0258537084439394,0.0726454178019065,-0.0251607053349084,-0.0136558966415911,-0.0132519671924933,-0.0108832770961511,-0.0166323132616028,-0.0120293382652158,-0.00368012666300109,0.00138452679338041,-0.00431424709580697,-0.00233309943224368,0,-2.98961868706593e-05,3.31692025412056e-05,0.000352937374207385,3.31692025412056e-05,-0.000255030395174008,-0.000324119199838525,-0.00061732176683774,-0.00104067766845611,-0.00108401627603949,-0.00116929547160679,-0.00141534692111245,-0.00199477292937205,-0.00120789722522596,-0.00122100408773215,-0.00124130781348218,-0.00125116742575928,-0.00125116742575928,-0.00125116742575928,-0.00126939563377444,-0.00128211963780072,-0.00128495760352248,-0.00128859927091343,-0.00129414018110638,-0.00129977965284626,-0.00130464768741417,-0.00129942515692936,-0.00129284284316164,-0.00135244488218664,-0.00138218433916238,-0.00135215841735292,-0.00132722043018957,-0.00131302550521746,-0.0013004277905037,-0.00132722043018957,-0.00132722043018957,-0.00132722043018958,-0.00132722043018958,-0.00132722043018958,-0.00132722043018957,-0.00132722043018958,-0.00132722043018958,-0.00132722043018958,-0.00132722043018958,0.00118185683939476,0.0010218082080844,0.00102160260406481,-0.00233309943224368,0.00119113666891657,-0.0004617098678645
0.00319045597239587,0.00320956042631582,0.00318234757553637,0.00314307573206846,0.00313537385403756,0.00317804114801645,0.00319447595754963,0.00304919581068175,0.00304919581068125,0.00304919581068175,0.00320947788852632,0.00322134055005546,0.00331521551881325,0.00334038755904154,0.00366873503785703,0.00323355711114337,0.00325993843790484,0.00352335598761266,0.00378051411039737,0.00341982746723693,0.0031580984415587,0.00285906763483632,0.002368903735157,0.00189615228241627,0.00261499049385008,0.0026954227138842,0.00275888648737457,0.0028209726826996,0.0028894490361398,0.00288404539393822,0.00291348474450503,0.00276667640487085,0.00486893297786575,0.00653110937647342,0.00640642085535922,0.00644079444766657,0.00623893384186275,0.00228058798153236,0.0109286096462923,0.0136052642327828,0.0157461472506938,0.0216808332346361,0.0141945323492598,0.025381944589128,0.0294894663609785,0.030992473534464,0.0297939780327575,0.0348709607073155,0.0359072760630244,-0.0038980719135574,-0.0552854574990736,-0.0697621624415787,-0.110016265470484,-0.140052966201532,-0.12514840822786,-0.125960748022597,-0.0748278143186368,-0.0854430443752833,-0.0680452566682083,-0.0369313570364171,-0.035838959876884,-0.0294330136433566,-0.0449808544636303,-0.0325324508558054,-0.00995262891171795,0.00374434976148595,-0.0116675604700541,-0.00630969392893809,0,-8.08520143587843e-05,8.97036418636629e-05,0.000954492884681565,8.97036418636699e-05,-0.000689710740093351,-0.000876556274974832,-0.00166950081534741,-0.00281443537120246,-0.00293164141282175,-0.0031622726560081,-0.0038277005052015,-0.00539471505934271,-0.00326666822830609,-0.00330211476334863,-0.00335702467988682,-0.00338368926814513,-0.00338368926814514,-0.00338368926814514,-0.00343298610130158,-0.00346739722405393,-0.00347507229132179,-0.00348492090999204,-0.00349990588959559,-0.00351515742157394,-0.00352832265908354,-0.00351419871372643,-0.00349639733559203,-0.00365758661822225,-0.00373801476823441,-0.00365681189538055,-0.00358936896344635,-0.00355097984437132,-0.00351691026167399,-0.00358936896344635,-0.00358936896344635,-0.00358936896344636,-0.00358936896344636,-0.00358936896344636,-0.00358936896344636,-0.00358936896344636,-0.00358936896344636,-0.00358936896344636,-0.00358936896344636,0.00319624394114743,0.00276340431872973,0.00276284827794762,-0.00630969392893809,0.00322134055005541,-0.00124866000562773
0.00316852843993964,0.00318750159177061,0.00316047577089351,0.00312147383700268,0.00311382489284145,0.00315619894081359,0.00317252079632935,0.00302823913844341,0.00302823913844291,0.00302823913844341,0.00318741962125124,0.00319920075246061,0.00329243053242961,0.00331742956894499,0.00364352036405735,0.00321133335092927,0.00323753336273025,0.00349914048254318,0.0037545311955493,0.00339632349838995,0.00313639329763049,0.00283941768545598,0.00235262260982946,0.00188312030796667,0.00259701805059337,0.00267689747186439,0.00273992506821735,0.00280158455429616,0.00286959027987763,0.00286422377611045,0.002893460794371,0.00274766144676178,0.00483546952097322,0.00648622202680696,0.00636239047147358,0.00639652781916025,0.00619605457147196,0.00226491383732938,0.0108534989270738,0.0135117572621107,0.0156379263073901,0.0215318240715114,0.0140969754258972,0.0252074982345635,0.0292867896162295,0.0307794668435055,0.029589208424285,0.0346312977471277,0.0356604906605294,-0.00387128104129927,-0.0549054887190113,-0.069282697407616,-0.109260139934604,-0.13909040285994,-0.12428828171083,-0.125095038414194,-0.0743135338078558,-0.0848558069568964,-0.067577591673925,-0.0366775332767166,-0.0355926440014415,-0.029230724889794,-0.0446717076975572,-0.032308860128274,-0.00988422596387109,0.00371861539886405,-0.011587371051016,-0.00626632833492477,0,-8.02963304112891e-05,8.90871219883099e-05,0.000947932796127066,8.90871219883169e-05,-0.000684970460092707,-0.000870531833222426,-0.00165802658293953,-0.00279509217277495,-0.0029114926745893,-0.00314053882332076,-0.00380139328523448,-0.00535763797989705,-0.0032442169002765,-0.0032794198165215,-0.00333395234531715,-0.00336043367180049,-0.0033604336718005,-0.0033604336718005,-0.00340939169510707,-0.00344356631529754,-0.00345118863296219,-0.00346096956353161,-0.00347585155358463,-0.00349099826403734,-0.00350407301881492,-0.00349004614524721,-0.00347236711335428,-0.00363244856586334,-0.00371232394508503,-0.00363167916757724,-0.00356469976094844,-0.0035265744846162,-0.00349273905712641,-0.00356469976094844,-0.00356469976094844,-0.00356469976094845,-0.00356469976094845,-0.00356469976094845,-0.00356469976094844,-0.00356469976094845,-0.00356469976094845,-0.00356469976094845,-0.00356469976094845,0.00317427662883718,0.00274441184918522,0.00274385962998921,-0.00626632833492477,0.00319920075246055,-0.00124007814991895
0.000944656703275815,0.000950313308669237,0.000942255901788869,0.000930627968194653,0.00092834753217752,0.000940980818960657,0.000945846973870124,0.000902831221332168,0.000902831221331946,0.000902831221331946,0.000950288870195104,0.000953801265547893,0.000981596545995611,0.000989049692737609,0.00108626954142133,0.000957418446422054,0.00096522964876522,0.00104322450474981,0.00111936601762186,0.00101257092056017,0.000935076016794545,0.000846536491880046,0.000701404693308705,0.000561428516649531,0.000774268104745235,0.000798083144498918,0.000816874025665215,0.000835257022046454,0.000855532069516496,0.000853932114252887,0.00086264876168296,0.000819180529138097,0.00144163411598264,0.00193378510962094,0.00189686629666419,0.00190704391537133,0.00184727535061124,0.000675255431451527,0.00323583351382695,0.00402835963528475,0.00466225006075977,0.00641944117860657,0.00420283503349544,0.00751529696876493,0.00873148613081783,0.00917650897827008,0.00882164847578076,0.0103248836739586,0.0106317245318013,0.00283368019789032,0.00993526259575506,0.0204591034067749,0.0497218240292531,0.0715570039432739,-0.172010471835987,-0.0210789397941287,-0.0110617711417912,-0.00329869082758405,-0.020147404757808,-0.0109349429321126,-0.0106114969079951,-0.00871477114130495,-0.0133183049870722,-0.00963247825416225,-0.00294685703173091,0.00110865817682643,-0.00345462821123005,-0.00186822658490454,0,-2.39393359439954e-05,2.65601993345299e-05,0.000282614181027874,2.65601993345299e-05,-0.000204215284457313,-0.000259538062307982,-0.000494319667780921,-0.000833321400561351,-0.000868024738842205,-0.000936311952878721,-0.00113333735731196,-0.00159731204165479,-0.000967222261003011,-0.000977717565506692,-0.000993975749660609,-0.0010018708224202,-0.0010018708224202,-0.0010018708224202,-0.00101646703822587,-0.00102665576925884,-0.00102892826692232,-0.00103184432773787,-0.00103628120495964,-0.00104079700522244,-0.00104469507809079,-0.00104051314304021,-0.00103524236314927,-0.00108296862474024,-0.00110678245940792,-0.00108273923836665,-0.00106277017491882,-0.00105140360569458,-0.00104131600067783,-0.00106277017491882,-0.00106277017491882,-0.00106277017491882,-0.00106277017491882,-0.00106277017491882,-0.00106277017491882,-0.00106277017491882,-0.00106277017491882,-0.00106277017491882,-0.00106277017491882,0.000946370453138057,0.000818211702696581,0.000818047065523353,-0.00186822658490454,0.000953801265548337,-0.000369713625461621
0.00309089032799292,0.00310939858272263,0.00308303497262941,0.00304498869893699,0.0030375271760299,0.00307886293725979,0.00309478486010484,0.00295403852017984,0.00295403852017628,0.00295403852017984,0.00310931862071762,0.00312081108013196,0.00321175646082317,0.00323614294863006,0.00355424357602629,0.00313264639484601,0.00315820443057291,0.00341340141923396,0.00366253432103925,0.00331310374859939,0.00305954258962338,0.00276984373896738,0.00229497655077804,0.00183697841337693,0.00253338359631439,0.00261130574070911,0.00267278897863843,0.00273293762895577,0.00279927701754801,0.00279404200864697,0.00282256263538994,0.00268033579353144,0.00471698653080832,0.00632729082534311,0.00620649350130797,0.00623979438523037,0.00604423331199122,0.00220941689690868,0.0105875568089306,0.0131806801255783,0.0152547518791706,0.0210042320995993,0.0137515587515713,0.0245898416135372,0.0285691785567446,0.0300252808742896,0.0288641872292374,0.0337827307791088,0.0347867054891269,-0.0677372970182781,-0.0417785638431081,0.0441279931437828,0.283000817418549,0.461242313207674,-0.224554673413727,-0.382126060026355,-0.25042634403945,-0.187006961324268,-0.0659217452054648,-0.0357788276193567,-0.0347205212694373,-0.0285144875782772,-0.0435771216432328,-0.0315171995997143,-0.00964203383700885,0.00362749856526223,-0.011303446943064,-0.00611278516496894,0,-7.83288380541425e-05,8.69042298092815e-05,0.000924705700665829,8.69042298092815e-05,-0.000668186702500129,-0.000849201285240353,-0.00161740013571099,-0.00272660432956146,-0.00284015268238556,-0.00306358653794266,-0.00370824815397625,-0.00522636035208357,-0.00316472420211759,-0.00319906454508793,-0.00325226086918932,-0.00327809332657491,-0.00327809332657491,-0.00327809332657492,-0.00332585173669631,-0.00335918897983985,-0.00336662452867369,-0.0033761657981522,-0.00339068313640183,-0.00340545870863563,-0.0034182130941016,-0.00340452991950992,-0.00338728407503608,-0.00354344306891296,-0.00362136127029915,-0.00354269252311041,-0.00347735430568618,-0.00344016320890384,-0.00340715684725866,-0.00347735430568617,-0.00347735430568618,-0.00347735430568618,-0.00347735430568618,-0.00347735430568619,-0.00347735430568618,-0.00347735430568619,-0.00347735430568619,-0.00347735430568619,-0.00347735430568618,0.0030964976696346,0.00267716582049449,0.00267662713226446,-0.00611278516496894,0.00312081108013551,-0.00120969264824167
-0.00246816068140987,-0.00248294003032434,-0.00246188796475799,-0.0024315069719556,-0.00242554874131606,-0.00245855648011251,-0.0024712705720944,-0.00235888076029589,-0.00235888076029678,-0.00235888076029589,-0.00248287617847254,-0.00249205322244883,-0.00256467560271734,-0.00258414888192871,-0.0028381609554593,-0.00250150404577898,-0.00252191283812842,-0.00272569463126526,-0.00292463408476529,-0.00264560419102544,-0.00244312865274665,-0.0022117961767405,-0.00183260170576194,-0.00146687763439601,-0.00202297626892012,-0.00208519923790096,-0.00213429528930664,-0.00218232563590348,-0.00223529945677114,-0.00223111915861551,-0.00225389366112694,-0.00214032162793654,-0.00376664308812913,-0.0050525152230585,-0.00495605524746168,-0.0049826469164107,-0.00482648603699998,-0.00176427997603623,-0.00845445443061443,-0.0105251345043289,-0.0121813376721618,-0.0167724552831995,-0.010980996741101,-0.019635662800159,-0.0228132724656894,-0.0239760100936575,-0.023048844980032,-0.0269764368747274,-0.0277781382104103,-0.0561081044049936,-0.0729409503457989,-0.0678831971083356,-0.053819546524573,-0.0433255687189527,0.663353856139286,-0.142981644358065,-0.106589693102789,-0.102827750936196,0.0526403211698572,0.0285703749361264,0.0277252882961676,0.022769600219716,0.034797526549214,0.0251673481054305,0.00769942841059212,-0.00289665707307107,0.00902611233296036,0.00488122657134422,0,6.25477250213446e-05,-6.93954104815653e-05,-0.000738402858099896,-6.93954104815653e-05,0.00053356540412286,0.000678110511995234,0.00129153835868015,0.00217726832267388,0.00226793979598422,0.00244635785636909,0.002961137833873,0.00417339205182751,0.00252711905448278,0.00255454075998234,0.00259701948346007,0.00261764740902767,0.00261764740902767,0.00261764740902767,0.00265578380908073,0.00268240451186287,0.00268834200149496,0.00269596096680226,0.0027075534594708,0.00271935215905668,0.002729536885586,0.00271861049547172,0.00270483921576547,0.00282953645437194,0.00289175627475385,0.00282893712296807,0.00277676276473229,0.00274706465414406,0.00272070816931139,0.00277676276473229,0.0027767627647323,0.0027767627647323,0.0027767627647323,0.0027767627647323,0.0027767627647323,0.0027767627647323,0.0027767627647323,0.0027767627647323,0.0027767627647323,-0.00247263829747268,-0.00213779031754324,-0.0021373601602237,0.00488122657134422,-0.00249205322244883,0.000965972750293309
-0.00311170627421431,-0.00313033917485339,-0.0031037980160844,-0.00306549551550828,-0.00305798374214516,-0.00309959788367431,-0.00311562703448631,-0.00297393282261194,-0.00297393282261127,-0.00297393282261194,-0.00313025867433581,-0.00314182853100475,-0.00323338639351811,-0.00325793711485423,-0.00357818002646082,-0.00315374355196596,-0.00317947371113958,-0.00343638935243207,-0.00368720006759571,-0.00333541621592726,-0.0030801474209986,-0.00278849756106869,-0.00231043232675043,-0.0018493497497255,-0.00255044495116896,-0.00262889187094939,-0.00269078917461496,-0.00275134290273615,-0.0028181290613537,-0.00281285879669957,-0.00284157149878983,-0.00269838681437518,-0.0047487536035723,-0.00636990267227872,-0.00624829182516773,-0.00628181697761465,-0.00608493887648076,-0.00222429646183242,-0.0106588598930797,-0.0132694468884025,-0.0153574867099299,-0.0211456874472237,-0.0138441701602799,-0.02475544464901,-0.0287615808814247,-0.0302274894826997,-0.0290585763227801,-0.0340102443536778,-0.0350209804435422,-0.240113034762778,0.0535529185805557,0.0645514800885975,0.0951342148941222,0.117954359519651,0.125285765562304,0.130974362497653,-0.605569620916734,0.0865891311481479,0.0663657025631928,0.0360197841310967,0.0349543504988312,0.0287065215804533,0.0438705966372859,0.0317294557014552,0.00970696919107233,-0.00365192835960661,0.0113795712692999,0.00615395239957018,0,7.88563523646535e-05,-8.74894960538886e-05,-0.000930933234513764,-8.74894960538886e-05,0.000672686680496581,0.000854920326166686,0.00162829269761754,0.0027449669510295,0.00285928000792109,0.00308421860374,0.00373322176544704,0.00526155785975291,0.00318603739081322,0.00322060900265973,0.00327416358334875,0.00330017001230455,0.00330017001230456,0.00330017001230456,0.00334825005677438,0.00338181181330626,0.0033892974376744,0.00339890296389814,0.00341351807078405,0.00342839315075977,0.00344123343205956,0.00342745810659993,0.00341009611805981,0.00356730678212672,0.003645749732345,0.00356655118168961,0.00350077293674068,0.00346333137236215,0.00343010272568707,0.00350077293674068,0.00350077293674068,0.00350077293674068,0.00350077293674068,0.00350077293674069,0.00350077293674068,0.00350077293674069,0.00350077293674069,0.00350077293674069,0.00350077293674068,-0.00311735137912561,-0.00269519549280128,-0.00269465317671669,0.00615395239957018,-0.00314182853100498,0.00121783945852558
0.00311170627421453,0.00313033917485406,0.00310379801608462,0.00306549551550916,0.00305798374214505,0.00309959788367431,0.00311562703448598,0.00297393282261216,0.0029739328226116,0.00297393282261227,0.00313025867433614,0.00314182853100498,0.00323338639351833,0.00325793711485456,0.00357818002646104,0.00315374355196596,0.00317947371113947,0.00343638935243218,0.00368720006759582,0.00333541621592737,0.00308014742099871,0.0027884975610688,0.0023104323267506,0.00184934974972562,0.00255044495116896,0.00262889187094939,0.00269078917461496,0.00275134290273615,0.00281812906135381,0.00281285879669968,0.00284157149878994,0.00269838681437506,0.00474875360357246,0.00636990267227888,0.00624829182516778,0.00628181697761482,0.00608493887648093,0.00222429646183231,0.0106588598930796,0.0132694468884025,0.0153574867099301,0.0211456874472237,0.01384417016028,0.02475544464901,0.0287615808814247,0.0302274894826997,0.02905857632278,0.0340102443536777,0.0350209804435422,0.240113034762777,-0.0535529185805558,-0.0645514800885976,-0.0951342148941223,-0.117954359519651,-0.125285765562304,-0.130974362497653,-0.394430379083266,-0.0865891311481479,-0.0663657025631929,-0.0360197841310968,-0.0349543504988312,-0.0287065215804533,-0.0438705966372859,-0.0317294557014553,-0.00970696919107234,0.00365192835960657,-0.0113795712692999,-0.00615395239957018,0,-7.88563523646257e-05,8.74894960539024e-05,0.000930933234513903,8.74894960539024e-05,-0.000672686680496568,-0.000854920326166679,-0.00162829269761753,-0.0027449669510295,-0.00285928000792108,-0.00308421860374,-0.00373322176544704,-0.00526155785975291,-0.00318603739081322,-0.00322060900265973,-0.00327416358334875,-0.00330017001230455,-0.00330017001230456,-0.00330017001230456,-0.00334825005677438,-0.00338181181330626,-0.0033892974376744,-0.00339890296389814,-0.00341351807078405,-0.00342839315075977,-0.00344123343205956,-0.00342745810659993,-0.00341009611805981,-0.00356730678212672,-0.003645749732345,-0.00356655118168961,-0.00350077293674068,-0.00346333137236215,-0.00343010272568707,-0.00350077293674067,-0.00350077293674068,-0.00350077293674068,-0.00350077293674068,-0.00350077293674069,-0.00350077293674068,-0.00350077293674068,-0.00350077293674069,-0.00350077293674069,-0.00350077293674068,0.00311735137912572,0.00269519549280139,0.0026946531767168,-0.00615395239957018,0.00314182853100509,-0.00121783945852558
-0.002585723721372,-0.00260120703789846,-0.002579152223666,-0.00254732412821057,-0.00254108209606962,-0.00257566205427051,-0.0025889817418745,-0.00247123859630194,-0.00247123859630194,-0.00247123859630194,-0.00260114014466373,-0.00261075430814994,-0.00268683582617091,-0.00270723665354389,-0.0029733477900622,-0.00262065529160527,-0.00264203619232894,-0.00285552448766913,-0.00306393979381392,-0.00277161919222224,-0.00255949937106736,-0.00231714810308159,-0.00191989190091868,-0.00153674771831913,-0.00211933435521805,-0.00218452111883571,-0.00223595570561019,-0.00228627382609548,-0.00234177088763599,-0.00233739147417822,-0.00236125076819782,-0.00224226908985092,-0.00394605523710834,-0.00529317583058148,-0.00519212128865459,-0.00521997956778059,-0.00505638045801288,-0.00184831588134882,-0.0088571556694475,-0.0110264660495589,-0.0127615572252371,-0.0175713582255775,-0.0115040418444314,-0.0205709455910038,-0.0238999106585105,-0.0251180316216263,-0.0241467039256693,-0.0282613742574899,-0.0291012621046386,0.00545121613017252,-0.323353974393332,-0.252399422996514,-0.0551023285512808,0.0921162984965377,0.105129379261908,0.111406023057666,0.0670207917081607,-0.564545405748069,0.0551476766381078,0.0299312345250128,0.0290458948516236,0.0238541582230112,0.0364549968407281,0.0263661152575138,0.00806616636922675,-0.00303463018551413,0.00945604269075728,0.00511372838484838,0,6.5526988385689e-05,-7.27008417188979e-05,-0.000773574346474459,-7.27008417189257e-05,0.000558980107224272,0.000710410164857254,0.00135305670990073,0.00228097562371959,0.00237596594633341,0.00256288238760577,0.00310218228373584,0.00437217840323558,0.00264749039035917,0.00267621824220635,0.00272072030553515,0.00274233077719709,0.0027423307771971,0.0027423307771971,0.00278228368423734,0.0028101723801321,0.00281639268333307,0.00282437455399316,0.00283651921844252,0.00284887991182455,0.00285954975564017,0.00284810292143678,0.00283367569030948,0.00296431248810076,0.00302949595314519,0.00296368460943808,0.00290902509040696,0.00287791240410328,0.00285030051134566,0.00290902509040696,0.00290902509040696,0.00290902509040697,0.00290902509040697,0.00290902509040697,0.00290902509040697,0.00290902509040697,0.00290902509040697,0.00290902509040697,0.00290902509040697,-0.00259041461453213,-0.00223961720848143,-0.00223916656197432,0.00511372838484838,-0.00261075430814994,0.00101198381184841
0.00258572372137156,0.00260120703789823,0.002579152223666,0.00254732412821035,0.0025410820960694,0.00257566205427073,0.00258898174187472,0.00247123859630194,0.00247123859630149,0.00247123859630194,0.00260114014466373,0.00261075430814994,0.00268683582617091,0.00270723665354433,0.00297334779006242,0.00262065529160549,0.00264203619232894,0.00285552448766913,0.00306393979381392,0.00277161919222246,0.00255949937106725,0.00231714810308137,0.0019198919009189,0.00153674771831902,0.00211933435521816,0.00218452111883571,0.00223595570561019,0.00228627382609536,0.0023417708876361,0.002337391474178,0.00236125076819782,0.00224226908985115,0.00394605523710834,0.00529317583058142,0.00519212128865476,0.00521997956778075,0.00505638045801282,0.00184831588134871,0.00885715566944745,0.0110264660495589,0.0127615572252373,0.0175713582255775,0.0115040418444314,0.0205709455910038,0.0238999106585105,0.0251180316216263,0.0241467039256692,0.0282613742574899,0.0291012621046386,-0.00545121613017263,0.323353974393332,0.252399422996514,0.0551023285512812,-0.0921162984965377,-0.105129379261908,-0.111406023057666,-0.0670207917081608,-0.435454594251931,-0.0551476766381077,-0.0299312345250129,-0.0290458948516236,-0.0238541582230112,-0.0364549968407282,-0.0263661152575137,-0.00806616636922676,0.00303463018551417,-0.00945604269075728,-0.00511372838484837,0,-6.5526988385689e-05,7.27008417188701e-05,0.000773574346474459,7.27008417188701e-05,-0.000558980107224272,-0.000710410164857261,-0.00135305670990073,-0.00228097562371959,-0.00237596594633341,-0.00256288238760576,-0.00310218228373584,-0.00437217840323558,-0.00264749039035917,-0.00267621824220635,-0.00272072030553515,-0.00274233077719709,-0.0027423307771971,-0.0027423307771971,-0.00278228368423734,-0.0028101723801321,-0.00281639268333307,-0.00282437455399316,-0.00283651921844252,-0.00284887991182455,-0.00285954975564017,-0.00284810292143678,-0.00283367569030948,-0.00296431248810076,-0.00302949595314519,-0.00296368460943807,-0.00290902509040696,-0.00287791240410328,-0.00285030051134566,-0.00290902509040696,-0.00290902509040696,-0.00290902509040697,-0.00290902509040697,-0.00290902509040697,-0.00290902509040697,-0.00290902509040697,-0.00290902509040697,-0.00290902509040697,-0.00290902509040697,0.00259041461453213,0.00223961720848165,0.00223916656197432,-0.00511372838484837,0.00261075430814972,-0.0010119838118484
0.00350315403636214,0.0035241309266395,0.00349425093177946,0.00345113003678965,0.00344267329413395,0.00348952242931044,0.00350756802211916,0.00334804890093116,0.00334804890093138,0.00334804890093116,0.00352404029928211,0.00353706562574796,0.00364014132356832,0.00366778048708899,0.004028309454013,0.00355047953763271,0.00357944651041997,0.00386868173588395,0.00415104404509892,0.00375500633739145,0.0034676251289783,0.00313928617472492,0.00260108108476353,0.00208199504371095,0.00287128692037714,0.00295960233945974,0.00302928622671322,0.00309745751872803,0.00317264527120742,0.00316671201553709,0.00319903673045546,0.00303783963762227,0.0053461393486593,0.00717122642408369,0.00703431712340427,0.00707205968737526,0.00685041463032979,0.0025041094633213,0.0119997277271607,0.0149387224663898,0.017289434418056,0.0238057817173364,0.0155857450232274,0.0278696407057369,0.0323797425842785,0.0340300601852842,0.0327140995857047,0.0382886796779561,0.0394265647804955,0.0563453044365166,0.0810602259847671,0.0894493112168327,0.112776104336607,0.130182029477968,0.101906836738472,0.108226439605114,0.0864930586108098,0.0926522186215796,-0.0747144037137687,-0.0405510164032546,-0.0393515528933865,-0.0323177569097191,-0.0493894487924844,-0.0357209713954183,-0.0109280906698503,0.00411133521164193,-0.012811103462583,-0.00692810994623305,0,-8.87763576427822e-05,9.84955372492075e-05,0.00104804317332116,9.84955372492075e-05,-0.000757309608402583,-0.000962467960487642,-0.00183312936163282,-0.00309027948231072,-0.00321897294222279,-0.00347220846011428,-0.00420285520026022,-0.00592345357487343,-0.00358683589068795,-0.00362575655700766,-0.00368604821983623,-0.0037153262167098,-0.00371532621670981,-0.00371532621670981,-0.00376945465526093,-0.00380723842805349,-0.00381566573221045,-0.00382647961854701,-0.00384293328292515,-0.00385967962459947,-0.00387413519312023,-0.00385862695335288,-0.0038390808539226,-0.00401606837261903,-0.00410437932277475,-0.00401521771883365,-0.00394116467397937,-0.00389901301960656,-0.00386160426136762,-0.00394116467397937,-0.00394116467397938,-0.00394116467397938,-0.00394116467397938,-0.00394116467397939,-0.00394116467397938,-0.00394116467397939,-0.00394116467397939,-0.00394116467397939,-0.00394116467397938,0.00350950928660493,0.00303424685280662,0.0030336363142105,-0.00692810994623305,0.00353706562574796,-0.00137104174970793
0.00308269011117734,0.00310114926300176,0.00307485559628851,0.00303691026040248,0.0030294685331228,0.00307069462944243,0.00308657431098769,0.00294620137496338,0.00294620137496371,0.00294620137496338,0.0031010695131376,0.00311253148274393,0.00320323558284208,0.00322755737262981,0.00354481407033519,0.00312433539804141,0.00314982562759897,0.00340434557165137,0.00365281751703289,0.00330431399348502,0.00305142553921839,0.0027624952675589,0.00228888791504522,0.00183210485926366,0.00252666246015015,0.0026043778749576,0.00266569799617272,0.00272568707046933,0.00279185045884572,0.00278662933856605,0.00281507429930461,0.00267322478915766,0.00470447223616871,0.00631050434924449,0.00619002750382117,0.00622324003958644,0.00602819779523947,0.00220355525328328,0.0105594677303293,0.0131457114196969,0.0152142806040405,0.0209485072957532,0.013715075489038,0.0245246040893075,0.0284933837424628,0.0299456229806223,0.0287876097488561,0.0336931042677882,0.0346944154053643,0.0540512728837363,0.0756418131593975,0.0800370706274765,0.0922585773626967,0.101377989116194,0.101640377670249,0.113408870417148,0.0885435455180695,0.09175725183496,-0.0657468530073903,-0.0356839054083722,-0.0346284067742246,-0.0284388378606615,-0.0434615103443179,-0.0314335836047496,-0.00961645325678586,0.00361787471207665,-0.0112734585883028,-0.00609656777827006,0,-7.81210294982931e-05,8.66736705042309e-05,0.000922252431080434,8.66736705042309e-05,-0.000666413984851934,-0.000846948330939328,-0.0016131091287903,-0.00271937057349217,-0.00283261767942193,-0.00305545875883208,-0.00369841006991711,-0.00521249467472542,-0.00315632810201005,-0.00319057733910863,-0.00324363253190314,-0.00326939645507078,-0.00326939645507079,-0.00326939645507079,-0.00331702816082025,-0.00335027695934341,-0.00335769278146224,-0.00336720873769114,-0.00338168756104422,-0.00339642393327964,-0.00340914448101115,-0.00339549760825696,-0.0033782975174815,-0.00353404221726464,-0.00361175369952547,-0.00353329366268068,-0.00346812878933931,-0.00343103636155679,-0.00339811756669432,-0.00346812878933931,-0.00346812878933932,-0.00346812878933932,-0.00346812878933932,-0.00346812878933932,-0.00346812878933932,-0.00346812878933932,-0.00346812878933932,-0.00346812878933932,-0.00346812878933932,0.00308828257638843,0.00267006322614671,0.00266952596707304,-0.00609656777827006,0.00311253148274382,-0.00120648330046742
0.00323746953098536,0.00325685550214827,0.00322924165133232,0.00318939111029715,0.00318157573980682,0.00322487176564867,0.00324154875338034,0.00309412780383184,0.00309412780383217,0.00309412780383184,0.00325677174810679,0.00326880921409511,0.00336406749495133,0.00338961046246894,0.00372279636675371,0.00328120579459584,0.00330797586831516,0.00357527505642047,0.00383622258064958,0.00347022097223743,0.00320463518972308,0.0029011979588171,0.0024038111576416,0.00192409338776225,0.00265352417363046,0.00273514161763327,0.00279954057338633,0.00286254165141342,0.00293202705092166,0.00292654378234342,0.00295641694194748,0.00280744528066346,0.00494068004718978,0.0066273497559011,0.00650082386384568,0.00653570397462844,0.0063308688142473,0.00231419401077029,0.0110896502105133,0.0138057471395143,0.0159781775381346,0.022000315193448,0.0144036985261445,0.0257559649640845,0.0299240138885279,0.0314491689043355,0.0302330127487987,0.0353848082477609,0.0364363944215333,0.0567651443255975,0.0794397284644719,0.0840556683158854,0.0968908071884387,0.106468097356338,0.106743660231099,0.119103039643114,0.0929892465482654,0.0963643105044978,-0.0690479502295187,-0.0374755659309682,-0.0363670715494995,-0.0298667293013642,-0.0456436782277147,-0.0330118388485027,-0.0100992877299299,0.0037995253252353,-0.0118394899818578,-0.00640267159977316,0,-8.20434242848125e-05,9.10254865964938e-05,0.000968557992473557,9.10254865964938e-05,-0.000699874101246171,-0.000889472933329589,-0.00169410205575885,-0.0028559080081445,-0.00297484116123391,-0.00320887091408724,-0.00388410429936902,-0.00547420988851916,-0.00331480482679717,-0.00335077369086304,-0.00340649274270999,-0.0034335502519781,-0.00343355025197811,-0.00343355025197811,-0.00348357350780704,-0.00351849170207195,-0.00352627986672395,-0.00353627361155011,-0.00355147940511338,-0.00356695567888363,-0.00358031491520418,-0.00356598284381797,-0.0035479191501584,-0.00371148366750387,-0.00379309698151001,-0.00371069752858934,-0.00364226077876221,-0.00360330596966842,-0.00356873434828567,-0.00364226077876221,-0.00364226077876221,-0.00364226077876221,-0.00364226077876221,-0.00364226077876222,-0.00364226077876221,-0.00364226077876222,-0.00364226077876222,-0.00364226077876222,-0.00364226077876222,0.00324334278942889,0.00280412497808713,0.0028035607436625,-0.00640267159977316,0.003268809214095,-0.0012670598678549
0.00341281738469046,0.0034332533389968,0.00340414386654586,0.00336213494015059,0.00335389627349381,0.00339953729907483,0.00341711754596508,0.00326171198162806,0.00326171198162839,0.00326171198162811,0.0034331650486682,0.00344585448799706,0.00354627214871317,0.0035731985746662,0.00392443049687996,0.00345892249220181,0.00348714248689341,0.00376891913601657,0.00404400010238787,0.003658175111586,0.00337820466954281,0.00305833266862143,0.0025340063990702,0.00202830615104635,0.00279724437366541,0.0028832823824006,0.0029511693149713,0.00301758265795021,0.00309083152628842,0.00308505127286829,0.00311654242281023,0.00295950215707474,0.00520827720411304,0.00698630033267927,0.00685292154412623,0.00688969083178126,0.00667376138761078,0.0024395354074882,0.0116902879444411,0.0145534941396133,0.0168435877329218,0.0231918964618061,0.0151838317745965,0.027150959768924,0.0315447585965072,0.0331525190719275,0.0318704934558128,0.0373013205486861,0.0384098627422116,0.0589417846028842,0.0828762129415534,0.0883423005151101,0.103541370553827,0.114882572662227,0.164635672024726,0.121902704563936,0.0955279219609978,0.0995290601086117,-0.0727877259276651,-0.0395053178682387,-0.0383367852041625,-0.031484371361021,-0.0481158315362867,-0.0347998263595929,-0.010646285442323,0.00400531524989742,-0.0124807405441905,-0.00674945315624879,0,-8.6487060965007e-05,9.5955609815998e-05,0.00102101703912821,9.5955609815998e-05,-0.000737780688580068,-0.00093764857430326,-0.00178585802646105,-0.00301058972323522,-0.00313596453482642,-0.00338266980924781,-0.00409447519118496,-0.00577070409348232,-0.00349434131548579,-0.00353225832548903,-0.00359099523312067,-0.00361951823144786,-0.00361951823144787,-0.00361951823144787,-0.0036722508473066,-0.00370906028112172,-0.00371727026841728,-0.00372780529454014,-0.00374383466443044,-0.00376014916427911,-0.00377423196367678,-0.00375912363851192,-0.00374008157891473,-0.00391250507911218,-0.00399853873416177,-0.00391167636133473,-0.00383953293965111,-0.00379846825983864,-0.00376202416998922,-0.00383953293965111,-0.00383953293965111,-0.00383953293965112,-0.00383953293965112,-0.00383953293965113,-0.00383953293965112,-0.00383953293965112,-0.00383953293965112,-0.00383953293965112,-0.00383953293965112,0.00341900875061013,0.00295600202024054,0.00295540722574583,-0.00674945315624879,0.00344585448799684,-0.00133568637575483
0.00198319799637914,0.00199507338819349,0.00197815779004329,0.00195374628211109,0.00194895876922518,0.00197548090043898,0.00198569683246241,0.00189539021213048,0.00189539021213081,0.00189539021213059,0.00199502208242985,0.00200239595211438,0.00206074894352493,0.00207639596707754,0.00228049784710294,0.00200998980693712,0.00202638852700365,0.00219012974810595,0.00234998008870613,0.002125776077046,0.00196308444807225,0.00177720590849045,0.00147251840546508,0.00117865453711158,0.00162548674948798,0.00167548368378079,0.00171493297551828,0.00175352596010614,0.00179609108813672,0.00179273216625242,0.00181103176404174,0.00171977521402689,0.00302654486059528,0.00405975921361251,0.00398225241603095,0.00400361915482367,0.00387814193387442,0.00141762104058973,0.00679325994192226,0.00845707729557213,0.00978785726819673,0.0134768777261908,0.00882336830790376,0.0157775007989156,0.0183307499327387,0.0192650241683936,0.0185200353961871,0.021675904637121,0.0223200816935799,0.0380581028390532,0.0570153324555007,0.0616807307394114,0.0746533943349798,0.0843333023390123,0.0888251716567826,0.0863185772558906,0.0661019171142319,0.0695192096136492,0.138358576203156,-0.139001755437086,-0.0836960899735988,-0.089240724980114,0.0415259588753626,-0.0107368959000008,-0.006186587085735,-0.00853828900351077,-0.0460270636104911,-0.00392212663829451,0,-5.02578798350084e-05,5.57600808007014e-05,0.000593315937545275,5.57600808007014e-05,-0.000428726479747496,-0.000544870282895286,-0.00103776723471444,-0.00174946234563381,-0.00182231800918601,-0.00196567915359518,-0.00237931130795606,-0.00335337274336182,-0.00203057178700044,-0.00205260547055012,-0.00208673765648282,-0.00210331245283347,-0.00210331245283348,-0.00210331245283348,-0.00213395552755057,-0.00215534559539231,-0.00216011644261898,-0.00216623837659423,-0.00217555308953266,-0.00218503349230984,-0.0021932170475373,-0.00218443755633745,-0.00217337216074684,-0.00227356795254462,-0.00232356235689833,-0.00227308638226103,-0.00223116363246002,-0.00220730082893254,-0.00218612306351987,-0.00223116363246002,-0.00223116363246003,-0.00223116363246003,-0.00223116363246003,-0.00223116363246003,-0.00223116363246003,-0.00223116363246003,-0.00223116363246003,-0.00223116363246003,-0.00223116363246003,0.00198679581691941,0.00171774127444713,0.00171739563765599,-0.00392212663829451,0.0020023959521146,-0.000776171193944061
0.00217193386768577,0.00218493941010822,0.0021664139978288,0.00213967930924186,0.00213443618102271,0.00216348235550023,0.00217467051159559,0.0020757696416206,0.00207576964162082,0.0020757696416206,0.00218488322170618,0.0021929588436731,0.00225686513974444,0.00227400125043264,0.0024975269833627,0.00220127538619974,0.00221923473043284,0.00239855878395512,0.0025736216718486,0.00232808073892871,0.00214990616452815,0.00194633804065414,0.00161265420873735,0.00129082406906827,0.00178018015807457,0.00183493517248529,0.00187813875222731,0.00192040453226267,0.00196702047445346,0.00196334189258052,0.00198338301619838,0.0018834418141665,0.00331457337935936,0.00444611609470813,0.00436123317381443,0.00438463333038502,0.00424721476385742,0.001552532402323,0.00743975708264732,0.0092619156702585,0.0107193425627111,0.0147594376444586,0.00966306565960121,0.0172790051195938,0.0200752404306996,0.021098427151254,0.0202825397066542,0.0237387449362311,0.0244442266724288,0.0401917845073621,0.0591605015408236,0.0638287268926502,0.0768092514678828,0.0864950251570471,0.0909896163902591,0.0884815030809743,0.0682525923515253,0.0716719556104783,0.140553036444471,-0.074099807526392,-0.0944749855133185,-0.0724780685974927,0.0394385280107835,-0.0151353647103346,-0.00677534872535548,-0.00548278462360326,-0.0366041636778356,-0.004295385379885,0,-5.50407934714753e-05,6.10666248034852e-05,0.00064978029493018,6.10666248034991e-05,-0.000469527280199639,-0.000596724191470749,-0.0011365288831302,-0.0019159541940141,-0.00199574334437158,-0.00215274780152661,-0.00260574426807229,-0.00367250463422177,-0.00222381610056359,-0.00224794667331467,-0.00228532713191775,-0.00230347930916365,-0.00230347930916365,-0.00230347930916365,-0.0023370386067777,-0.00236046431256321,-0.00236568918909498,-0.002372393731839,-0.00238259490213853,-0.00239297753055418,-0.00240193989376202,-0.0023923248808824,-0.00238020641994887,-0.0024899375884971,-0.00254468983220087,-0.00248941018840365,-0.00244349775793249,-0.00241736399254249,-0.00239417079346421,-0.00244349775793249,-0.00244349775793249,-0.00244349775793249,-0.00244349775793249,-0.0024434977579325,-0.00244349775793249,-0.00244349775793249,-0.00244349775793249,-0.00244349775793249,-0.00244349775793249,0.00217587408358744,0.00188121430976895,0.00188083577961007,-0.004295385379885,0.00219295884367321,-0.000850037417508005
0.00283158301317599,0.00284853853542089,0.0028243866754103,0.00278953225778977,0.00278269671227882,0.0028205646489905,0.00283515081720509,0.00270621225808476,0.00270621225808565,0.00270621225808565,0.00284846528174931,0.00285899359217723,0.00294230919633698,0.0029646498028626,0.00325606367958908,0.0028698359943764,0.00289324986291728,0.00312703734206643,0.00335526947517728,0.00303515404945376,0.00280286516361006,0.00253747032348173,0.00210244166801221,0.00168286685030106,0.00232084778040242,0.00239223272033939,0.00244855788029152,0.00250366041659333,0.00256443432505193,0.00255963850225793,0.00258576641805153,0.00245547156230153,0.00432125941611794,0.00579646875795614,0.00568580561093857,0.00571631274876472,0.00553715808643185,0.00202405996021726,0.00969932376432414,0.0120748994578386,0.0139749689272701,0.0192421019534166,0.012597884762529,0.0225269001552822,0.0261723943968763,0.0275063383904458,0.0264426535963714,0.0309485605964541,0.0318683077996468,0.0378031677364143,0.0449520018574768,0.0467113390135466,0.0516033734526191,0.0552536988444647,0.0569475976522511,0.0560023525957047,0.0483785830492718,0.0496672553772308,0.0756268086824465,0.669650622919905,-0.150764057838959,0.153199617221675,-0.00781369150444866,-0.0528485037814863,-0.00883312454605539,0.0307877194050794,0.0876518275441387,-0.00559995884667019,0,-7.17575144181248e-05,7.9613481809071e-05,0.000847128392256646,7.9613481809071e-05,-0.000612129812337714,-0.000777958348207153,-0.00148170988414348,-0.00249785844334911,-0.00260188076472336,-0.00280656984871785,-0.00339714818942327,-0.00478789980339273,-0.00289922266440549,-0.00293068205684684,-0.00297941552575215,-0.00300308079360694,-0.00300308079360694,-0.00300308079360694,-0.00304683255717206,-0.00307737300389598,-0.00308418475440709,-0.00309292556812502,-0.00310622498804033,-0.00311976097764446,-0.00313144534602917,-0.00311891010840225,-0.00310311108770656,-0.0032461692707848,-0.00331755059850912,-0.00324548169131104,-0.00318562496171627,-0.00315155397675229,-0.00312131665253705,-0.00318562496171627,-0.00318562496171626,-0.00318562496171627,-0.00318562496171627,-0.00318562496171627,-0.00318562496171627,-0.00318562496171627,-0.00318562496171627,-0.00318562496171627,-0.00318562496171627,0.00283671993220569,0.00245256753114909,0.00245207403565839,-0.00559995884667019,0.00285899359217545,-0.00110820662994898
-0.000848385016798403,-0.00085346514722362,-0.000846228885364564,-0.000835785975677794,-0.000833737943052526,-0.000845083748552522,-0.000849453984745452,-0.000810822045954396,-0.000810822045953952,-0.000810822045954396,-0.000853443199319681,-0.000856597640060297,-0.000881560252814051,-0.00088825383578639,-0.000975565832485037,-0.000859846187438063,-0.000866861335912406,-0.000936907593960701,-0.00100528938647093,-0.000909377972408754,-0.000839780715537586,-0.000760264414990441,-0.000629923262546628,-0.000504212313188535,-0.000695361030913944,-0.000716749036557829,-0.000733624904774022,-0.00075013445648664,-0.00076834323691366,-0.000766906336007178,-0.000774734654009235,-0.000735696348273862,-0.00129471455552199,-0.00173670954434324,-0.00170355319490745,-0.00171269359394122,-0.00165901615255748,-0.000606438919627972,-0.00290606382240177,-0.00361782216226536,-0.00418711165907326,-0.00576522422722586,-0.00377451645462379,-0.00674939935636665,-0.00784164446413762,-0.00824131422205221,-0.00792261820018431,-0.00927265595933313,-0.00954822610606691,0.000254935102638743,0.0120633305980239,0.0149693917258647,0.0230500208823607,0.0290796034945474,0.0318775740045314,0.0303162246601857,0.0177233340649601,0.0198519542364181,0.0627317675207093,0.191347621643009,0.0670679678653601,-0.242440342201789,0.0493396503798115,0.0421116078814858,0.00264653746032045,-0.0393260084085904,-0.13367889115463,0.00167783220837564,0,2.14996345830887e-05,-2.38534010084668e-05,-0.000253812454711788,-2.38534010084668e-05,0.000183403332590176,0.000233088065311929,0.000443942649429076,0.000748396097715299,0.000779562755537348,0.000840890695122667,0.0010178368814672,0.00143452706003089,0.000868650877405053,0.000878076586296718,0.000892677869269328,0.000899768340773453,0.000899768340773452,0.000899768340773452,0.000912877029621492,0.000922027408503653,0.000924068311788109,0.00092668719153078,0.000930671898507672,0.00093472748533463,0.000938228298491859,0.000934472552064792,0.000929738926959713,0.000972601318240156,0.000993988241610809,0.000972395309050012,0.000954461329256232,0.000944253147819756,0.000935193589017176,0.00095446132925623,0.000954461329256234,0.000954461329256235,0.000954461329256237,0.000954461329256239,0.000954461329256235,0.000954461329256239,0.000954461329256239,0.000954461329256239,0.000954461329256239,-0.000849924115286393,-0.000734826256700405,-0.000734678398001787,0.00167783220837564,-0.000856597640059853,0.000332035436004963
-0.00228246729043224,-0.00229613470711243,-0.00227666650497316,-0.00224857124243893,-0.00224306128247331,-0.00227358566636093,-0.00228534320682172,-0.00218140910271769,-0.00218140910271725,-0.00218140910271813,-0.00229607565918721,-0.00230456226334397,-0.00237172085993143,-0.00238972905654977,-0.00262463039566141,-0.00231330204891878,-0.00233217537484176,-0.00252062553561405,-0.00270459767276376,-0.00244656074254701,-0.00225931855985118,-0.00204539050659469,-0.00169472493476142,-0.00135651630981237,-0.00187077656568357,-0.0019283181562626,-0.00197372043994037,-0.00201813719768373,-0.00206712550476196,-0.00206325971357657,-0.00208432076419185,-0.00197929338375635,-0.00348325767772284,-0.00467238653377811,-0.00458318377611655,-0.0046077748066069,-0.00446336277460913,-0.00163154342696981,-0.00781837902274218,-0.00973327037191241,-0.0112648682072383,-0.015510570625492,-0.0101548355691099,-0.018158363191183,-0.0210969036913817,-0.0221721621310677,-0.021314752781419,-0.0249468501960298,-0.0256882351022762,-0.0131925772655202,0.00185906440088313,0.00556329253026938,0.0158633146247362,0.0235489580224423,0.0271154078018304,0.0251252245583619,0.00907362153933755,0.0117868799220862,0.0664438893802862,0.0450616533179277,0.154197547289166,-0.416731330585452,0.0764212558940819,0.0818062766808888,0.00712015778977995,-0.069729342651343,-0.230922485787783,0.00451398487552981,0,5.78419134243946e-05,-6.41744096010477e-05,-0.000682848723531859,-6.41744096009922e-05,0.000493422325129472,0.000627092504382865,0.00119436877842841,0.00201346037412344,0.00209731013056943,0.00226230481260831,0.00273835504275329,0.0038594046652536,0.00233698989872068,0.00236234851751804,0.00240163133148041,0.0024207073040182,0.0024207073040182,0.0024207073040182,0.0024559744915848,0.00248059237153326,0.00248608315095235,0.00249312889932352,0.00250384922459641,0.00251476024269875,0.002524178715872,0.00251407437857088,0.00250133918847017,0.00261665476353371,0.00267419344239999,0.00261610052314906,0.0025678515307033,0.00254038777337351,0.00251601423279558,0.0025678515307033,0.00256785153070331,0.00256785153070331,0.00256785153070331,0.00256785153070331,0.00256785153070331,0.00256785153070331,0.00256785153070332,0.00256785153070332,0.00256785153070331,-0.0022866080306474,-0.00197695251785657,-0.00197655472365121,0.00451398487552981,-0.00230456226334397,0.00089329727298379
-0.00908099919915006,-0.00913537623248306,-0.00905792025807539,-0.00894614075628697,-0.00892421889030892,-0.00904566286753727,-0.00909244128839459,-0.00867893020760357,-0.00867893020760446,-0.00867893020760357,-0.00913514130505799,-0.00916890601479592,-0.00943610246680526,-0.00950774967934276,-0.0104423255575163,-0.00920367802933475,-0.00927876723579057,-0.0100285329679113,-0.0107604824846135,-0.00973385959872464,-0.00898889991486174,-0.00813776812057698,-0.0067426139423179,-0.00539702083560312,-0.00744305102026011,-0.00767198535818481,-0.00785262238349782,-0.00802933840619247,-0.00822424274467237,-0.00820886235048146,-0.0082926556142775,-0.00787479483632447,-0.0138584505961763,-0.0185895055535876,-0.0182346044453519,-0.0183324420481625,-0.017757885929695,-0.0064912406919504,-0.031106116587875,-0.0387246821993832,-0.044818280462245,-0.0617101852976942,-0.0404019168455013,-0.0722446636095433,-0.0839359084483381,-0.088213919822522,-0.084802640436331,-0.0992532631688392,-0.102202928983596,-0.147853618902319,-0.202842146553866,-0.216374893043243,-0.254004213638707,-0.282082361116667,-0.295111758617504,-0.287840973892448,-0.229199263172385,-0.239111675845521,-0.43879145447403,-0.0598857573526449,-0.0294872590656442,-0.0396110981448411,0.26757495578695,0.109093959597928,0.0283281812877987,-0.0295551241259653,-0.0342264347113925,0.0179592904623456,0,0.000230129199084494,-0.000255323598561674,-0.00271677440352802,-0.00025532359856173,0.00196312462313364,0.0024949433246938,0.00475190245479837,0.0080107312475347,0.00834433496414746,0.00900078098715962,0.010894789184703,0.0153549848540167,0.00929792224741692,0.00939881376860357,0.00955510393916947,0.00963099939320943,0.00963099939320944,0.00963099939320945,0.00977131303686654,0.00986925746263505,0.00989110301709997,0.00991913515389517,0.009961786921842,0.0100051973781778,0.010042669611713,0.0100024686067199,0.00995180051978151,0.010410593795458,0.0106395165488728,0.0104083887007737,0.0102164257913395,0.0101071587891954,0.0100101864893527,0.0102164257913395,0.0102164257913395,0.0102164257913395,0.0102164257913395,0.0102164257913395,0.0102164257913395,0.0102164257913395,0.0102164257913395,0.0102164257913395,0.0102164257913395,-0.00909747350252488,-0.00786548149306454,-0.00786389883342564,0.0179592904623456,-0.00916890601479592,0.00355406268233306
0.00908099919914918,0.00913537623248306,0.00905792025807628,0.00894614075628741,0.00892421889030981,0.00904566286753816,0.00909244128839504,0.00867893020760402,0.00867893020760491,0.00867893020760402,0.00913514130505799,0.00916890601479636,0.00943610246680482,0.00950774967934453,0.0104423255575172,0.00920367802933431,0.00927876723579146,0.0100285329679108,0.0107604824846139,0.00973385959872397,0.00898889991486262,0.00813776812057698,0.00674261394231745,0.00539702083560289,0.00744305102026122,0.00767198535818459,0.00785262238349871,0.00802933840619158,0.00822424274467348,0.0082088623504819,0.00829265561427839,0.00787479483632536,0.0138584505961763,0.0185895055535887,0.0182346044453525,0.0183324420481634,0.017757885929695,0.00649124069195128,0.0311061165878745,0.0387246821993832,0.0448182804622452,0.0617101852976942,0.0404019168455012,0.0722446636095434,0.0839359084483381,0.088213919822522,0.084802640436331,0.0992532631688392,0.102202928983596,0.147853618902319,0.202842146553866,0.216374893043243,0.254004213638707,0.282082361116667,0.295111758617504,0.287840973892447,0.229199263172385,0.239111675845522,0.43879145447403,0.0598857573526448,0.0294872590656441,0.0396110981448408,0.73242504421305,-0.109093959597928,-0.0283281812877986,0.0295551241259653,0.0342264347113924,-0.0179592904623456,0,-0.000230129199084494,0.000255323598561619,0.00271677440352791,0.000255323598561508,-0.00196312462313369,-0.0024949433246938,-0.00475190245479834,-0.0080107312475347,-0.00834433496414746,-0.00900078098715962,-0.010894789184703,-0.0153549848540167,-0.00929792224741692,-0.00939881376860356,-0.00955510393916946,-0.00963099939320944,-0.00963099939320945,-0.00963099939320944,-0.00977131303686653,-0.00986925746263504,-0.00989110301709997,-0.00991913515389518,-0.00996178692184201,-0.0100051973781779,-0.010042669611713,-0.0100024686067199,-0.00995180051978152,-0.010410593795458,-0.0106395165488728,-0.0104083887007737,-0.0102164257913395,-0.0101071587891954,-0.0100101864893527,-0.0102164257913395,-0.0102164257913395,-0.0102164257913395,-0.0102164257913395,-0.0102164257913395,-0.0102164257913395,-0.0102164257913395,-0.0102164257913395,-0.0102164257913395,-0.0102164257913395,0.00909747350252577,0.00786548149306476,0.00786389883342542,-0.0179592904623456,0.00916890601479814,-0.00355406268233308
-0.00728598417129334,-0.00732961265263743,-0.00726746717821314,-0.0071777828094719,-0.00716019417577307,-0.00725763267085355,-0.00729516453562162,-0.00696339100242316,-0.0069633910024236,-0.00696339100242316,-0.00732942416264315,-0.00735651469919052,-0.00757089519601362,-0.00762838010984623,-0.00837822105861274,-0.00738441342949425,-0.00744465996819299,-0.00804622166163638,-0.00863348881979009,-0.00780979553093086,-0.00721208988798949,-0.00652919887072967,-0.00540982081151098,-0.00433020722918132,-0.00597180450415902,-0.00615548604908689,-0.00630041707245921,-0.00644220214653757,-0.0065985803042663,-0.00658624010841713,-0.00665347019844154,-0.00631820676022299,-0.0111190904731995,-0.014914971386442,-0.0146302225608699,-0.0147087208857573,-0.0142477356248982,-0.0052081357895104,-0.0249574598697133,-0.0310700855000088,-0.035959179697219,-0.0495121102233672,-0.0324157859912397,-0.057964268466059,-0.0673445385189576,-0.0707769276727675,-0.0680399460844446,-0.079634155728715,-0.0820007695743518,-0.0911875295092968,-0.102253438997417,-0.104976773375928,-0.112549310295766,-0.11819976597907,-0.12082180624068,-0.119358631118318,-0.10755755386146,-0.109552331065623,-0.149735955746632,-0.550489162075585,-0.600563409358556,-0.497452879209635,0.044796419387747,0.14979014517271,0.0227286310611908,-0.0950342774328193,-0.281970149654086,0.014409329102085,0,0.000184640221313925,-0.000204854516213659,-0.00217975741071941,-0.000204854516213659,0.00157507941766682,0.00200177504406079,0.00381260754570212,0.00642727301148665,0.00669493423966437,0.00722162246285277,0.00874124750024884,0.0123198091028681,0.00746002866368976,0.00754097724767955,0.00766637398915032,0.00772726740678878,0.00772726740678879,0.00772726740678878,0.00783984565553458,0.00791842968799243,0.00793595709445444,0.00795844819928753,0.00799266911477527,0.00802749875089738,0.00805756395566316,0.00802530936785552,0.00798465669612561,0.00835276162281559,0.00853643387311,0.00835099240286373,0.00819697425035206,0.0081093057426683,0.00803150167879681,0.00819697425035205,0.00819697425035205,0.00819697425035205,0.00819697425035205,0.00819697425035206,0.00819697425035205,0.00819697425035208,0.00819697425035208,0.00819697425035208,0.00819697425035208,-0.00729920204644108,-0.00631073435877516,-0.00630946453892056,0.014409329102085,-0.00735651469919052,0.00285154132044074
0.519482669071885,0.518856105035341,0.519748598152455,0.521056051385176,0.521289183645009,0.519889834987633,0.519350826615902,0.523979177075227,0.523979177075227,0.523979177075227,0.519046089044738,0.518469755239033,0.516655738558997,0.515860525722369,0.508663923802295,0.515744436756616,0.509859186652502,0.506733336302349,0.50368176358428,0.478765957202841,0.460686025905539,0.440029331726055,0.406169389720509,0.343573296740366,0.455725401541517,0.477670499457316,0.459154028237119,0.464850643016087,0.471133576041312,0.529134243478877,0.473338932172116,0.456886695282506,0.512332956303949,0.509759647236904,0.512645149202276,0.511849686498308,0.516521080220627,0.594915837431967,0.441505167601579,0.398689481625612,0.364443981489435,0.269512923617073,0.379871953579797,0.190256010549136,0.120637443038693,0.0732296301427359,0.0454166994688135,0.0485432656351454,0.0419471735312653,0.0328474658527821,0.0218864151394163,0.0191888866385416,0.0116881058580478,0.00609119298208295,0.00349399875138311,0.00494330906211421,0.0166325612129317,0.0146566861960453,-0.0251461649341063,-0.0363288239434072,-0.0378153552906148,-0.0344779925548157,-0.0382320523669824,-0.0452948154460392,-0.0645162850472522,-0.0211919000207697,-0.0273637004427636,-0.0394725740600178,0,0.0818020339219898,0.10438497397072,0.218890022105125,0.10438497397072,0.0444715759268174,0.0330156681822671,0.0167499921341905,-0.00673605718400789,-0.00783380646236914,-0.00999389375204773,-0.0162262767517761,-0.0309029015419691,-0.0109716604488062,-0.0113036519376899,-0.0118179370412724,-0.0120676770044515,-0.0120676770044515,-0.0120676770044515,-0.012529390089164,-0.0128516839286888,-0.0129235684445232,-0.0130158103962926,-0.0131561593946786,-0.0132990049169044,-0.0134223102497691,-0.0132900256797148,-0.0131232983529414,-0.0146329937256565,-0.0153862820580323,-0.0146257376880951,-0.0139940686304384,-0.0136345169624585,-0.0133154219797822,-0.0139940686304384,-0.0139940686304384,-0.0139940686304384,-0.0139940686304384,-0.0139940686304384,-0.0139940686304384,-0.0139940686304384,-0.0139940686304384,-0.0139940686304384,-0.0139940686304384,0.503018894974095,0.457839068493367,0.458000909692597,-0.0394725740600178,0.518469755239033,0.0253827021538527
0.0163669833704425,0.0164649888851214,0.0163253874362912,0.0161239235657589,0.0160844130660855,0.0163032955383935,0.0163876058240167,0.0156423212100272,0.0156423212100281,0.0156423212100276,0.016464565467702,0.0165254207139869,0.0170069976628184,0.0171361297891908,0.0188205466161286,0.0165880914588286,0.016723427203984,0.0180747546295481,0.0193939713044031,0.0175436551296557,0.0162009898028521,0.0146669669913075,0.012152434753828,0.00972722806478421,0.0134148555244207,0.0138274714072724,0.0141530394559592,0.0144715405527309,0.0148228230489398,0.0147951024588973,0.0149461258127204,0.014193001596547,0.0249775410693767,0.0335044769400306,0.0328648270062233,0.0330411629339198,0.0320056215545927,0.0116993764814619,0.0560635764575881,0.0697947676993917,0.0807774601594637,0.111222295521062,0.0728177028367412,0.130208932075602,0.151280446967296,0.15899084749529,0.152842586520776,0.178887418897554,0.184203698557948,0.239041148411616,0.305095585551283,0.321351666419171,0.366553523934473,0.400282127095736,0.415933564858184,0.407199605010765,0.336756817033845,0.348664006911145,0.588527410220661,0.61037491942823,0.6300506684242,0.537063977354476,0.687628624825303,0.741115895229363,-0.0510568123489896,0.124589401558785,0.316196584365478,-0.0323686195644306,0,-0.000414769420398198,0.000460178114775056,0.00489653181424687,0.000460178114775056,-0.00353820404080049,-0.00449671836875462,-0.00856451000050047,-0.0144380042590214,-0.0150392692038118,-0.0162224034500124,-0.0196360366849518,-0.0276747939568849,-0.0167579509111067,-0.0169397910162831,-0.0172214779283198,-0.0173582667999982,-0.0173582667999982,-0.0173582667999982,-0.0176111586924011,-0.0177876871506275,-0.0178270601115544,-0.0178775833531827,-0.0179544560366173,-0.0180326961290752,-0.0181002335673762,-0.0180277779745754,-0.0179364572159071,-0.0187633554182736,-0.0191759504219828,-0.0187593811036375,-0.0184134000416916,-0.0182164645318637,-0.0180416881681496,-0.0184134000416916,-0.0184134000416915,-0.0184134000416916,-0.0184134000416916,-0.0184134000416916,-0.0184134000416916,-0.0184134000416916,-0.0184134000416916,-0.0184134000416916,-0.0184134000416916,0.0163966755489664,0.0141762158518404,0.0141733633723464,-0.0323686195644306,0.016525420713986,-0.00640560400277387
0.0176673612280274,0.0177731534067644,0.0176224604434576,0.0174049900095661,0.0173623403499292,0.0175986133158872,0.017689622162034,0.0168851237278955,0.0168851237278955,0.0168851237278955,0.0177726963482869,0.0178383866220801,0.0183582254782411,0.0184976173179654,0.0203158632259939,0.0179060366381201,0.0180521249821092,0.0195108171078612,0.0209348472425063,0.0189375210703315,0.0174881792582148,0.0158322763633343,0.0131179613088399,0.0105000688323706,0.0144806830316528,0.014926081776538,0.0152775166249911,0.0156213230431234,0.0160005153849931,0.0159705923584577,0.016133614711779,0.0153206538089957,0.0269620387992457,0.0361664506804907,0.0354759797375997,0.0356663257813156,0.0345485093089061,0.0126289069746296,0.060517899639339,0.0753400516675581,0.0871953331544817,0.120059049802012,0.0786031628855282,0.140554199025422,0.163299872848586,0.171622874605087,0.164986126396675,0.193100254168985,0.198838919078915,0.173170227928621,0.142251012126847,0.134641753851243,0.113483357115509,0.0976954402851755,0.090369207518073,0.0944574595874291,0.127430804868258,0.121857205434953,0.00958029186147458,-0.0391081058651645,-0.0392668430069126,-0.05728583804331,-0.0197128208349819,-0.0355230068758156,-0.0551133416894687,-0.14494063440174,-0.104222273621966,-0.0349403479770157,0,-0.000447723383757426,0.000496739857245104,0.00528556755810305,0.000496739857245132,-0.00381931889783467,-0.00485398842067325,-0.00924497132398428,-0.0155851222477895,-0.0162341584649671,-0.0175112942471553,-0.0211961450285509,-0.0298735918941799,-0.0180893916421213,-0.0182856791772877,-0.0185897464764056,-0.0187374033996894,-0.0187374033996895,-0.0187374033996895,-0.019010387877867,-0.0192009417489086,-0.0192434429421687,-0.0192979803202582,-0.01938096063716,-0.019465417005489,-0.0195383203800372,-0.0194601080972952,-0.019361531787019,-0.0202541281139875,-0.0206995043208562,-0.0202498380349473,-0.0198763683331027,-0.0196637860439903,-0.0194751234736211,-0.0198763683331027,-0.0198763683331027,-0.0198763683331028,-0.0198763683331028,-0.0198763683331028,-0.0198763683331027,-0.0198763683331028,-0.0198763683331028,-0.0198763683331028,-0.0198763683331028,0.0176994124882837,0.0153025344153027,0.0152994553026489,-0.0349403479770157,0.0178383866220804,-0.00691453747090987
0.0176673612280274,0.0177731534067644,0.0176224604434576,0.0174049900095661,0.0173623403499292,0.0175986133158872,0.017689622162034,0.0168851237278955,0.0168851237278955,0.0168851237278955,0.0177726963482869,0.0178383866220801,0.0183582254782411,0.0184976173179654,0.0203158632259939,0.0179060366381201,0.0180521249821092,0.0195108171078612,0.0209348472425063,0.0189375210703315,0.0174881792582148,0.0158322763633343,0.0131179613088399,0.0105000688323706,0.0144806830316528,0.014926081776538,0.0152775166249911,0.0156213230431234,0.0160005153849931,0.0159705923584577,0.016133614711779,0.0153206538089957,0.0269620387992457,0.0361664506804907,0.0354759797375997,0.0356663257813156,0.0345485093089061,0.0126289069746296,0.060517899639339,0.0753400516675581,0.0871953331544817,0.120059049802012,0.0786031628855282,0.140554199025422,0.163299872848586,0.171622874605087,0.164986126396675,0.193100254168985,0.198838919078915,0.173170227928621,0.142251012126847,0.134641753851243,0.113483357115509,0.0976954402851755,0.090369207518073,0.0944574595874291,0.127430804868258,0.121857205434953,0.00958029186147458,-0.0391081058651645,-0.0392668430069126,-0.05728583804331,-0.0197128208349819,-0.0355230068758156,-0.0551133416894687,-0.14494063440174,-0.104222273621966,-0.0349403479770157,0,-0.000447723383757426,0.000496739857245104,0.00528556755810305,0.000496739857245132,-0.00381931889783467,-0.00485398842067325,-0.00924497132398428,-0.0155851222477895,-0.0162341584649671,-0.0175112942471553,-0.0211961450285509,-0.0298735918941799,-0.0180893916421213,-0.0182856791772877,-0.0185897464764056,-0.0187374033996894,-0.0187374033996895,-0.0187374033996895,-0.019010387877867,-0.0192009417489086,-0.0192434429421687,-0.0192979803202582,-0.01938096063716,-0.019465417005489,-0.0195383203800372,-0.0194601080972952,-0.019361531787019,-0.0202541281139875,-0.0206995043208562,-0.0202498380349473,-0.0198763683331027,-0.0196637860439903,-0.0194751234736211,-0.0198763683331027,-0.0198763683331027,-0.0198763683331028,-0.0198763683331028,-0.0198763683331028,-0.0198763683331027,-0.0198763683331028,-0.0198763683331028,-0.0198763683331028,-0.0198763683331028,0.0176994124882837,0.0153025344153027,0.0152994553026489,-0.0349403479770157,0.0178383866220804,-0.00691453747090987
-0.00156721931072068,-0.00157660382170122,-0.00156323629504873,-0.00154394513667477,-0.00154016181163164,-0.00156112088696081,-0.00156919401227373,-0.00149782933787995,-0.00149782933787984,-0.00149782933788001,-0.00157656327739641,-0.00158239046711039,-0.00162850383306934,-0.00164086887050519,-0.00180216008213097,-0.00158839149975676,-0.0016013505642607,-0.00173074682431179,-0.00185706832174798,-0.00167989143005243,-0.00155132460864255,-0.00140443436510029,-0.00116365551228365,-0.000931430020906621,-0.00128453852200805,-0.00132404852607404,-0.00135522327106535,-0.00138572132058706,-0.00141935835064388,-0.00141670396754656,-0.00143116519788555,-0.00135904984295182,-0.0023917226413836,-0.00320821876991867,-0.00314696913669807,-0.00316385417072115,-0.00306469598072384,-0.00112027295012998,-0.00536836371515212,-0.00668319294093436,-0.0077348398643505,-0.0106500828758736,-0.00697265387671445,-0.0124681468880632,-0.0144858482748705,-0.0152241571206339,-0.0146354308350065,-0.0171293518784577,-0.0176384118534318,-0.00647623095667722,0.0069691713797507,0.0102781019701381,0.0194789548872868,0.0263444231190429,0.0295302784070792,0.0277524780166155,0.0134138254284972,0.0158375378319202,0.0646618122173368,0.118340037981591,0.110759484676435,0.170609368833878,0.0629524811474128,0.0620299147236628,0.00488894137948895,-0.0545901356393939,0.0500219911525377,0.00309945482894238,0,3.97162158983153e-05,-4.40643221492759e-05,-0.000468867050277849,-4.4064322149262e-05,0.000338800472420929,0.000430582942676554,0.000820094036625115,0.0013825100552045,0.0014400841365735,0.00155337507088023,0.00188024727478162,0.00264999789684917,0.00160465637934358,0.00162206846548345,0.00164904137540394,0.0016621395839335,0.00166213958393351,0.00166213958393351,0.00168635522882835,0.00170325869859809,0.00170702885362839,0.00171186670298205,0.00171922764123308,0.00172671951563641,0.00173318655816381,0.00172624857810744,0.00171750416545574,0.00179668374311017,0.00183619174789544,0.00179630318289919,0.00176317379129704,0.00174431624577487,0.00172758054768863,0.00176317379129704,0.00176317379129704,0.00176317379129705,0.00176317379129705,0.00176317379129705,0.00176317379129704,0.00176317379129704,0.00176317379129705,0.00176317379129705,0.00176317379129704,-0.00157006248313118,-0.00135744252517922,-0.00135716938621155,0.00309945482894238,-0.00158239046711051,0.000613368148714852
-0.00156363299650875,-0.00157299603263561,-0.00155965909528888,-0.00154041208144196,-0.00153663741389343,-0.00155754852795198,-0.00156560317929344,-0.00149440181079097,-0.00149440181079086,-0.00149440181079097,-0.00157295558110948,-0.0015787694362932,-0.0016247772796758,-0.00163711402183109,-0.00179803614601615,-0.00158475673659941,-0.00159768614649347,-0.00172678630526302,-0.00185281873748766,-0.00167604728490356,-0.00154777466674638,-0.00140122055648451,-0.00116099268502456,-0.000929298602094508,-0.00128159907458925,-0.00132101866674661,-0.00135212207364865,-0.00138255033358348,-0.00141611039103151,-0.00141346208203741,-0.00142789022031609,-0.0013559398890779,-0.00238624959186096,-0.00320087730820262,-0.00313976783432574,-0.00315661422982705,-0.00305768294644304,-0.00111770939646832,-0.00535607912999153,-0.00666789959324343,-0.00771714000196078,-0.0106257119768442,-0.00695669814701938,-0.0124396156594864,-0.0144526998806488,-0.015189319232486,-0.0146019401465968,-0.0170901542769052,-0.0175980493549114,-0.00646141120620426,0.0069532236191563,0.0102545822859959,0.0194343806198101,0.0262841383979466,0.0294627033992827,0.0276889712019321,0.0133831301758004,0.015801296326584,0.0645138446836586,0.118069236979345,0.110506030478091,0.17021895837888,0.0628084251264805,0.0618879698387116,0.00487775387061141,-0.0544652154205394,-0.414623368094951,0.00309236225496311,0,3.96253321090917e-05,-4.39634884601414e-05,-0.000467794127965993,-4.39634884601414e-05,0.000338025185298685,0.000429597627018254,0.000818217391232383,0.00137934641663424,0.00143678874953328,0.00154982043685075,0.00187594464943887,0.00264393382843534,0.00160098439678215,0.00161835663833131,0.0016452678253458,0.00165833606085814,0.00165833606085815,0.00165833606085815,0.00168249629237794,0.00169936108143882,0.00170312260911207,0.00170794938787225,0.00171529348187099,0.00172276821239697,0.00172922045620005,0.00172229835252824,0.00171357394997415,0.00179257233866369,0.00183198993611535,0.00179219264929988,0.00175913906866249,0.0017403246754184,0.00172362727412412,0.00175913906866249,0.0017591390686625,0.0017591390686625,0.0017591390686625,0.0017591390686625,0.0017591390686625,0.0017591390686625,0.0017591390686625,0.0017591390686625,0.0017591390686625,-0.0015664696628036,-0.00135433624937797,-0.00135406373544211,0.00309236225496311,-0.00157876943629343,0.000611964560273855
-0.0322038701488241,-0.0323967069591919,-0.0321220254965757,-0.0317256228010159,-0.0316478814743326,-0.0320785572168618,-0.0322444471324994,-0.0307780163071198,-0.0307780163071194,-0.0307780163071198,-0.032395873838067,-0.032515613340756,-0.0334631698437358,-0.0337172517435951,-0.0370315302238402,-0.032638925039882,-0.0329052132534633,-0.0355641010861478,-0.0381598074257772,-0.0345191034257062,-0.0318772592410399,-0.0288588978050826,-0.0239112744203711,-0.0191394090417403,-0.0263952284667077,-0.0272070963602551,-0.0278476879052687,-0.0284743744320761,-0.0291655620283109,-0.0291110186673311,-0.029408174005356,-0.0279263178859614,-0.0491461053652464,-0.0659238052828603,-0.0646652225041753,-0.0650121831620822,-0.062974639690645,-0.0230198316026609,-0.110311356433534,-0.137329010800938,-0.158938686442652,-0.218842304751307,-0.143276973747322,-0.256200635503294,-0.297661197541653,-0.312832272857055,-0.300734881811746,-0.351981002182606,-0.362441376949486,-0.333402813694361,-0.2984244192526,-0.28981619195862,-0.265880049738115,-0.248019442087341,-0.239731396842508,-0.244356368393406,-0.281658565340814,-0.27535324502841,-0.148336240623945,-0.158193063230607,-0.142731829140701,-0.226256651126138,-0.0863352646039294,-0.0528718708107433,0.100459988128837,-0.601063380136587,-0.426954075813655,0.0636888788701259,0,0.000816105219507424,-0.00090545190388075,-0.00963447393796202,-0.00090545190388075,0.0069618121379498,0.00884779627165169,0.0168516312201111,0.0284083880237402,0.0295914440438274,0.0319193929865797,0.0386360981328813,0.0544532520630753,0.0329731425081168,0.0333309332507607,0.0338851837520615,0.0341543311545872,0.0341543311545873,0.0341543311545873,0.0346519242345277,0.0349992637177803,0.035076734421597,0.0351761445496621,0.035327400151216,0.0354813462829447,0.0356142337457105,0.0354716692639547,0.0352919854586082,0.0369190001462012,0.0377308269577015,0.0369111802376955,0.0362304238062459,0.0358429311667873,0.0354990391254294,0.0362304238062459,0.0362304238062459,0.036230423806246,0.036230423806246,0.036230423806246,0.0362304238062459,0.036230423806246,0.036230423806246,0.036230423806246,0.036230423806246,-0.0322622928306315,-0.0278932900560487,-0.0278876774836441,0.0636888788701259,-0.0325156133407551,0.0126037422328311
0.0015636329965083,0.00157299603263539,0.00155965909528888,0.00154041208144218,0.0015366374138932,0.00155754852795176,0.00156560317929388,0.00149440181079097,0.00149440181079097,0.00149440181079097,0.00157295558110948,0.00157876943629343,0.00162477727967558,0.0016371140218312,0.00179803614601626,0.00158475673659941,0.00159768614649347,0.00172678630526302,0.00185281873748766,0.00167604728490356,0.00154777466674627,0.00140122055648451,0.00116099268502434,0.000929298602094453,0.00128159907458936,0.0013210186667465,0.00135212207364888,0.00138255033358348,0.00141611039103129,0.00141346208203708,0.00142789022031597,0.00135593988907778,0.00238624959186085,0.00320087730820262,0.00313976783432579,0.00315661422982699,0.00305768294644299,0.00111770939646832,0.00535607912999164,0.00666789959324343,0.00771714000196061,0.0106257119768441,0.00695669814701944,0.0124396156594864,0.0144526998806488,0.015189319232486,0.0146019401465968,0.0170901542769052,0.0175980493549114,0.00646141120620428,-0.0069532236191563,-0.0102545822859959,-0.0194343806198102,-0.0262841383979467,-0.0294627033992826,-0.0276889712019321,-0.0133831301758004,-0.015801296326584,-0.0645138446836587,-0.118069236979345,-0.110506030478091,-0.17021895837888,-0.0628084251264805,-0.0618879698387116,-0.00487775387061141,0.0544652154205394,-0.585376631905049,-0.0030923622549631,0,-3.96253321090501e-05,4.39634884601414e-05,0.000467794127966048,4.39634884601692e-05,-0.000338025185298685,-0.000429597627018261,-0.000818217391232376,-0.00137934641663424,-0.00143678874953328,-0.00154982043685075,-0.00187594464943886,-0.00264393382843533,-0.00160098439678215,-0.00161835663833131,-0.0016452678253458,-0.00165833606085814,-0.00165833606085815,-0.00165833606085815,-0.00168249629237794,-0.00169936108143882,-0.00170312260911208,-0.00170794938787225,-0.00171529348187099,-0.00172276821239697,-0.00172922045620005,-0.00172229835252824,-0.00171357394997415,-0.00179257233866369,-0.00183198993611535,-0.00179219264929988,-0.00175913906866249,-0.0017403246754184,-0.00172362727412412,-0.00175913906866249,-0.0017591390686625,-0.0017591390686625,-0.0017591390686625,-0.0017591390686625,-0.0017591390686625,-0.0017591390686625,-0.0017591390686625,-0.0017591390686625,-0.0017591390686625,0.00156646966280372,0.00135433624937775,0.00135406373544222,-0.0030923622549631,0.0015787694362932,-0.000611964560273855
0.568053522591148,0.567717800879651,0.568196011085321,0.56890559775195,0.569021478185428,0.568271687742888,0.567982879572418,0.570399514592371,0.570399514592373,0.570399514592371,0.567906528350504,0.567510789293776,0.567125906065551,0.566713907255155,0.564516000642262,0.564971453255326,0.559487827109948,0.560372192018043,0.56123554231446,0.530828715758203,0.508764274949431,0.483555196522445,0.442233098894709,0.37243993384689,0.495535485532646,0.518705067224843,0.501154755598347,0.507796558000893,0.515121961118561,0.573040364605106,0.517693231990193,0.499006014765015,0.58645660273857,0.609187929459794,0.610175198712674,0.60990303259431,0.611501341465864,0.62963504551609,0.607880100492701,0.605813260125942,0.60416012809155,0.599577523889442,0.59596663016386,0.576665578128032,0.569579087547642,0.54505275049508,0.498994167801335,0.579411686715306,0.5885922490387,0.605291427958759,0.6254064199433,0.630356745016332,0.644121679530636,0.65439276216516,0.659158960452075,0.656499282466285,0.63504794358759,0.6386739381356,0.7117174859105,0.73223915871543,0.734967142274286,0.728842635925799,0.73573183706225,0.748692950594067,0.783966914474921,0.704460881674601,0.71578695973637,-0.135530072494574,0,0.0805711592820841,0.105750603989375,0.233421027857335,0.105750603989375,0.033971559748067,0.0196711535418609,-0.00866614908642105,-0.0495824494667694,-0.0524645197100084,-0.0581356901886398,-0.0744984115696092,-0.113030947561929,-0.0607027538680297,-0.0615743762047337,-0.0629245987216537,-0.0635802749590369,-0.063580274959037,-0.063580274959037,-0.0647924730160927,-0.0656386347970965,-0.0658273629776746,-0.0660695382991374,-0.0664380155825118,-0.0668130473289243,-0.0671367775628557,-0.066789472918245,-0.0663517410274566,-0.0703153492901313,-0.0722930594377166,-0.070296299029428,-0.0686378924783759,-0.0676939126611095,-0.0668561492733612,-0.0686378924783759,-0.0686378924783759,-0.068637892478376,-0.068637892478376,-0.0686378924783761,-0.0686378924783759,-0.0686378924783761,-0.0686378924783761,-0.0686378924783761,-0.0686378924783761,0.551677863353692,0.499908574401254,0.500061950548586,-0.135530072494574,0.567510789293776,0.00637335591824767
0.0905159448394792,0.0905300261801179,0.0905099683745854,0.0904834522722899,0.0904753454025728,0.0905067942313683,0.0905189078543118,0.0903948012825097,0.0903948012825107,0.0903948012825098,0.0905533460863868,0.0905387089687377,0.0907658035768758,0.0907881460191387,0.0914761265683326,0.0902574901481359,0.0896502058604816,0.0905436327958324,0.0914158297842036,0.0865448622060131,0.0830102882967111,0.0789719647489802,0.0723524447068234,0.0622242591775913,0.0797480260320221,0.0828846675245061,0.0808747536956071,0.0818887458060925,0.0830071020168393,0.09024044763886,0.0833996533485014,0.0806287319025508,0.0976647725921048,0.105690811631256,0.105280342530159,0.105393498876947,0.104728982683548,0.0955495128426288,0.115277229759717,0.121297691534323,0.126113069819698,0.139461654389014,0.134471117947609,0.17648591372413,0.191911883974596,0.23003762991706,0.296807168072996,0.183811806407745,0.171460462030918,0.163594353537494,0.154119234428215,0.151787395582209,0.145303455933877,0.140465286899647,0.138220180538101,0.139473015524416,0.149577617658255,0.147869601554724,0.113462612187617,0.103795927045618,0.102510916881648,0.105395851023409,0.102150709221423,0.096045407534142,0.079429690784943,0.116880818345337,0.11154569622554,0.0506899259007768,0,0.0198690930670289,0.023523062439872,0.0420502310909076,0.023523062439872,0.0169329051923648,0.0160318528287113,0.0197622589304424,0.0251486013992835,0.0260050752460919,0.027690394751102,0.0325529559458852,0.0440037904305915,0.0284532571100771,0.0287122798516054,0.0291135297086576,0.0293083790710594,0.0293083790710594,0.0293083790710594,0.0296686117667947,0.0299200683151903,0.029976153260101,0.0300481212593757,0.0301576228085117,0.0302690721679708,0.0303652760961832,0.0302620664864653,0.030131984328595,0.0313098622182607,0.0318975845411111,0.0313042009925826,0.0308113671202354,0.0305308416794345,0.0302818809078839,0.0308113671202354,0.0308113671202354,0.0308113671202355,0.0308113671202355,0.0308113671202355,0.0308113671202354,0.0308113671202355,0.0308113671202355,0.0308113671202355,0.0308113671202355,0.0884852707848319,0.080732071186937,0.0807496321110809,0.0506899259007768,0.0905387089687376,0.0177824141310846
0.0878613947238653,0.0878696865480758,0.087857875471149,0.0878432221196133,0.0878374876682457,0.0878560063708803,0.0878631395007839,0.0877833284338018,0.0877833284338028,0.0877833284338019,0.0878926620010722,0.0878747994246641,0.088070950465384,0.088085604765127,0.0886670339219882,0.0875944645833501,0.0869890892245897,0.0877807572398397,0.088553613341855,0.0838822558188547,0.0804925271547291,0.0766196922852327,0.0702714371898729,0.0604700655324441,0.0774588303758482,0.0805142448589228,0.0785224131692732,0.0794994889749175,0.0805771293079273,0.0876795384219784,0.0809553890642649,0.078278598299345,0.0944760478476653,0.101576449272868,0.101376071680548,0.101431310908701,0.101106915833566,0.0930684460419356,0.112850690112863,0.119553504677933,0.124914652861562,0.139776151933224,0.119746379717823,0.146271667827233,0.156010577601715,0.156530850380595,0.147011470222805,0.171422645955083,0.175401670698531,0.167273344373363,0.157482370837409,0.155072799815869,0.148372717128426,0.143373267049722,0.141053319752197,0.142347918168793,0.152789358634367,0.151024405574065,0.115470454382538,0.105481528933251,0.104153682774932,0.107134786601616,0.103781467541748,0.0974726447649827,0.0803030407635935,0.119002606922752,0.113489637757556,0.0512367568604479,0,0.0194816058065067,0.0230176697682825,0.0409470081660192,0.0230176697682825,0.0167588505543088,0.0159232960324703,0.0197766073234917,0.0253404128949178,0.0262087915623254,0.0279175366820629,0.0328476865357317,0.0444576854021166,0.0286910026800858,0.028953625787557,0.0293604529399129,0.0295580106707161,0.0295580106707162,0.0295580106707162,0.0299232505311566,0.0301782022768759,0.030235066791659,0.0303080351321858,0.0304190587316478,0.0305320572156192,0.0306295983598021,0.0305249541564975,0.0303930638818256,0.0315873140460405,0.0321832055953556,0.0315815741304218,0.0310818899626951,0.0307974652725959,0.0305450439945364,0.0310818899626951,0.0310818899626952,0.0310818899626952,0.0310818899626952,0.0310818899626952,0.0310818899626952,0.0310818899626952,0.0310818899626952,0.0310818899626952,0.0310818899626952,0.0858643111171247,0.0783810105851352,0.078398413980106,0.0512367568604479,0.0878747994246641,0.0177315328431838
0.481009167348453,0.480768225239695,0.481111429064295,0.481620115624894,0.481703853614156,0.481165740992388,0.480958467982529,0.482696858919943,0.482696858919952,0.482696858919944,0.480898164038267,0.480619656331787,0.480306234182431,0.480009656662176,0.478327196470165,0.478865584452155,0.475077714601778,0.475549244229849,0.476009569193483,0.455269399156002,0.440219480898038,0.423024639072092,0.394839279790383,0.347049518990252,0.43139689474889,0.447301570887314,0.435189803045282,0.439728831586017,0.444735034994107,0.484599840627279,0.446492249551986,0.433706910259749,0.492814365603846,0.50757137828458,0.508330918765068,0.508121531929902,0.509351166383448,0.523863221970435,0.504689279838443,0.502028486102853,0.499900289154526,0.494000769893256,0.493772607890859,0.473628537369629,0.466232527777277,0.44516770804146,0.407043255246013,0.472543840825702,0.479858627627841,0.493235624894719,0.509348883761432,0.513314377232047,0.524340876933503,0.532568601481377,0.536386598866918,0.534256044705123,0.517072295556445,0.519976924543933,0.578488983347867,0.594928016807984,0.597113287639897,0.592207207821429,0.597725851894556,0.608108445022087,0.636364907252056,0.57267602838193,0.581748864597532,0.699046831226999,0,0.147197013205116,0.164438237884028,0.251858532030623,0.164438237884028,0.158351262357287,0.161774259451605,0.230636629713194,0.330067174090904,0.342440119993648,0.36678688451195,0.43703328705656,0.602456383334986,0.377807483370878,0.381549424097327,0.38734603165667,0.390160899418442,0.390160899418443,0.390160899418443,0.395364957514718,0.398997594146629,0.399807818524086,0.400847495526569,0.402429396420303,0.404039436120431,0.405429234540825,0.403938229389364,0.402059013219205,0.419075083777786,0.427565543274666,0.41899329956532,0.411873634599117,0.407821057726739,0.404224476033345,0.411873634599117,0.411873634599117,0.411873634599118,0.411873634599118,0.411873634599119,0.411873634599118,0.411873634599118,0.411873634599118,0.411873634599118,0.411873634599118,0.469735538665713,0.43432978629595,0.434435634511255,0.699046831226999,0.480619656331787,0.19408918637436
-0.15080019925148,-0.150960105372481,-0.150732331188111,-0.15039106151776,-0.150339156610866,-0.150696285974633,-0.150833846914751,-0.149705836959424,-0.149705836959425,-0.149705836959425,-0.150838562469425,-0.15105870614379,-0.151028273104396,-0.151219381381401,-0.151662545049495,-0.152661086857536,-0.156121383818518,-0.154762532850861,-0.153435971411147,-0.17413845641104,-0.189161028859681,-0.206324627534806,-0.234458773816712,-0.28091669051952,-0.199320758910373,-0.184125875998376,-0.195265391089302,-0.190793466625772,-0.185861273913365,-0.148492151891926,-0.184130037659062,-0.196629178523056,-0.133975864306376,-0.11420213700806,-0.114024925737383,-0.114073778574164,-0.113786887895419,-0.113756691063406,-0.103656846075257,-0.0978750769231841,-0.0932506134404359,-0.0804312588168012,-0.0957318967675077,-0.0687682028053918,-0.0588683298388611,-0.0506522788951572,-0.0434616854647291,-0.0499016653415525,-0.0497011045772296,-0.0497477974724879,-0.0498040413883328,-0.049817883087451,-0.0498563714855089,-0.0498850906571483,-0.0498984175158195,-0.049890980739065,-0.049831000237975,-0.0498411389510488,-0.0500453774194119,-0.0501027584633181,-0.0501103862305988,-0.0500932613806402,-0.0501125244083984,-0.0501487652271519,-0.0502473954357819,-0.0500250870887831,-0.0500567561534215,-0.0400966982033936,0,-0.475199543397619,-0.458438811253822,-0.373454817285273,-0.458438811253822,-0.285743378788161,-0.227603391765153,-0.167443461885311,-0.0805783924002698,-0.0792209251180977,-0.07654977982092,-0.0688428687995552,-0.0506938812683168,-0.0753406819635035,-0.074930144154003,-0.0742941836340706,-0.0739853573512853,-0.0739853573512854,-0.0739853573512854,-0.0734144069361016,-0.0730158611560912,-0.0729269693842963,-0.0728129037829434,-0.0726393494229908,-0.072462707883207,-0.0723102295729219,-0.0724738115304094,-0.072679985103556,-0.0708131088369037,-0.0698815989872514,-0.0708220815903201,-0.0716031980946365,-0.0720478165837161,-0.0724424066849595,-0.0716031980946365,-0.0716031980946366,-0.0716031980946367,-0.0716031980946367,-0.0716031980946367,-0.0716031980946366,-0.0716031980946367,-0.0716031980946367,-0.0716031980946367,-0.0716031980946367,-0.161352120071657,-0.19605633163942,-0.195958985110175,-0.0400966982033936,-0.15105870614379,-0.199372244182515
0.126784568922751,0.126941243196079,0.126718072534472,0.126383863928077,0.126332844371878,0.126682755827436,0.126817536536243,0.125711177845659,0.12571117784566,0.125711177845659,0.126823731781019,0.127037851156409,0.127018669946094,0.127206170980289,0.127670419433707,0.128588296006592,0.131936438902491,0.130651708973143,0.129397507279739,0.149372083108465,0.163866454799565,0.180426573221671,0.207571509604297,0.252432870721537,0.173628829029741,0.158948010195864,0.169724038768389,0.165407603609048,0.160646903778336,0.124519824667028,0.158975862798521,0.171043327516544,0.110701288410829,0.0917724048180407,0.0915841935383101,0.0916360788100193,0.0913313800085096,0.0908734977996734,0.0819959898173588,0.0766677718309003,0.0724060746135935,0.0605923348941602,0.0749079360853541,0.0502884201603017,0.0412492254380229,0.0341893846036318,0.0285935969514316,0.032676930460933,0.0322728091159262,0.0319204370651918,0.0314959873955387,0.0313915297927944,0.0311010737035312,0.0308843419427353,0.0307837696288147,0.0308398919202538,0.0312925400598939,0.0312160273678058,0.0296747237596724,0.0292416926528504,0.0291841290345668,0.029313363224588,0.02916799308729,0.0288944985534048,0.0281501769882712,0.0298278465286548,0.0295888531402667,0.0168016948666747,0,-0.0599609290778096,-0.0330107956807821,0.103637768022456,-0.0330107956807821,-0.0338316577473703,-0.0258131512015212,-0.0154363585837565,-0.000453282413715906,0.000125326450795562,0.00126387937773748,0.00454888454399615,0.0122847358646106,0.0017792470389334,0.00195423528278561,0.0022253080365416,0.00235694260863069,0.0023569426086307,0.0023569426086307,0.00260030535907075,0.00277018210251518,0.00280807146295731,0.00285669095378793,0.00293066702117618,0.00300595897266713,0.00307095155343527,0.00300122613764111,0.00291334640851805,0.00370908651291504,0.00410613465062494,0.00370526195321181,0.00337231769772266,0.0031828028545395,0.00301461218547046,0.00337231769772266,0.00337231769772266,0.00337231769772266,0.00337231769772266,0.00337231769772267,0.00337231769772266,0.00337231769772266,0.00337231769772267,0.00337231769772267,0.00337231769772266,0.136986277372173,0.170489171913338,0.170395001680113,0.0168016948666747,0.127037851156409,-0.020943651446258
-0.12678456892275,-0.126941243196079,-0.126718072534472,-0.126383863928076,-0.126332844371878,-0.126682755827436,-0.126817536536243,-0.125711177845659,-0.12571117784566,-0.125711177845659,-0.126823731781018,-0.127037851156409,-0.127018669946094,-0.127206170980289,-0.127670419433707,-0.128588296006592,-0.13193643890249,-0.130651708973142,-0.129397507279739,-0.149372083108465,-0.163866454799565,-0.180426573221671,-0.207571509604297,-0.252432870721537,-0.173628829029741,-0.158948010195864,-0.169724038768389,-0.165407603609048,-0.160646903778336,-0.124519824667028,-0.158975862798521,-0.171043327516544,-0.110701288410829,-0.0917724048180402,-0.0915841935383104,-0.091636078810019,-0.0913313800085094,-0.090873497799673,-0.0819959898173583,-0.0766677718309003,-0.0724060746135935,-0.0605923348941599,-0.0749079360853542,-0.0502884201603018,-0.041249225438023,-0.0341893846036316,-0.0285935969514317,-0.0326769304609329,-0.032272809115926,-0.0319204370651918,-0.0314959873955386,-0.0313915297927945,-0.0311010737035313,-0.0308843419427353,-0.0307837696288146,-0.0308398919202537,-0.0312925400598938,-0.0312160273678057,-0.0296747237596722,-0.0292416926528504,-0.0291841290345668,-0.0293133632245879,-0.0291679930872899,-0.0288944985534048,-0.028150176988271,-0.0298278465286547,-0.0295888531402667,-0.0168016948666747,0,0.0599609290778096,-0.880719459483252,-0.579943964863282,-0.880719459483252,0.0338316577473702,0.0258131512015212,0.0154363585837565,0.000453282413715906,-0.000125326450795563,-0.00126387937773748,-0.00454888454399614,-0.0122847358646106,-0.0017792470389334,-0.00195423528278561,-0.00222530803654159,-0.00235694260863069,-0.0023569426086307,-0.0023569426086307,-0.00260030535907075,-0.00277018210251519,-0.00280807146295731,-0.00285669095378793,-0.00293066702117618,-0.00300595897266712,-0.00307095155343525,-0.00300122613764112,-0.00291334640851805,-0.00370908651291502,-0.00410613465062493,-0.00370526195321182,-0.00337231769772264,-0.00318280285453949,-0.00301461218547044,-0.00337231769772264,-0.00337231769772266,-0.00337231769772266,-0.00337231769772266,-0.00337231769772267,-0.00337231769772266,-0.00337231769772266,-0.00337231769772266,-0.00337231769772266,-0.00337231769772266,-0.136986277372173,-0.170489171913338,-0.170395001680113,-0.0168016948666747,-0.127037851156409,0.0209436514462579
0.126784568922751,0.126941243196079,0.126718072534472,0.126383863928077,0.126332844371878,0.126682755827436,0.126817536536243,0.125711177845659,0.12571117784566,0.125711177845659,0.126823731781019,0.127037851156409,0.127018669946094,0.127206170980289,0.127670419433707,0.128588296006592,0.131936438902491,0.130651708973143,0.129397507279739,0.149372083108465,0.163866454799565,0.180426573221671,0.207571509604297,0.252432870721538,0.173628829029741,0.158948010195864,0.169724038768389,0.165407603609047,0.160646903778336,0.124519824667028,0.158975862798521,0.171043327516544,0.110701288410829,0.0917724048180407,0.0915841935383101,0.0916360788100192,0.0913313800085096,0.0908734977996734,0.0819959898173589,0.0766677718309003,0.0724060746135935,0.0605923348941602,0.0749079360853541,0.0502884201603017,0.0412492254380229,0.0341893846036318,0.0285935969514316,0.032676930460933,0.0322728091159262,0.0319204370651918,0.0314959873955387,0.0313915297927944,0.0311010737035312,0.0308843419427353,0.0307837696288147,0.0308398919202538,0.0312925400598939,0.0312160273678058,0.0296747237596724,0.0292416926528504,0.0291841290345668,0.029313363224588,0.02916799308729,0.0288944985534048,0.0281501769882712,0.0298278465286548,0.0295888531402667,0.0168016948666747,0,-0.0599609290778095,-0.119280540516748,-0.420056035136718,-0.119280540516748,-0.0338316577473703,-0.0258131512015212,-0.0154363585837566,-0.000453282413715906,0.000125326450795562,0.00126387937773748,0.00454888454399615,0.0122847358646106,0.0017792470389334,0.00195423528278561,0.0022253080365416,0.00235694260863069,0.00235694260863069,0.0023569426086307,0.00260030535907075,0.00277018210251518,0.00280807146295731,0.00285669095378793,0.00293066702117618,0.00300595897266713,0.00307095155343527,0.00300122613764111,0.00291334640851805,0.00370908651291504,0.00410613465062494,0.00370526195321181,0.00337231769772266,0.0031828028545395,0.00301461218547046,0.00337231769772266,0.00337231769772266,0.00337231769772266,0.00337231769772266,0.00337231769772267,0.00337231769772266,0.00337231769772267,0.00337231769772266,0.00337231769772266,0.00337231769772266,0.136986277372173,0.170489171913338,0.170395001680113,0.0168016948666747,0.127037851156409,-0.020943651446258
-0.126784568922752,-0.126941243196079,-0.126718072534472,-0.126383863928077,-0.126332844371878,-0.126682755827436,-0.126817536536243,-0.125711177845659,-0.12571117784566,-0.125711177845659,-0.126823731781019,-0.127037851156409,-0.127018669946094,-0.127206170980289,-0.127670419433707,-0.128588296006592,-0.131936438902491,-0.130651708973143,-0.129397507279739,-0.149372083108465,-0.163866454799565,-0.180426573221671,-0.207571509604297,-0.252432870721537,-0.173628829029741,-0.158948010195864,-0.169724038768389,-0.165407603609048,-0.160646903778336,-0.124519824667028,-0.158975862798521,-0.171043327516544,-0.110701288410829,-0.0917724048180407,-0.0915841935383101,-0.0916360788100193,-0.0913313800085096,-0.0908734977996734,-0.0819959898173589,-0.0766677718309003,-0.0724060746135935,-0.0605923348941603,-0.074907936085354,-0.0502884201603017,-0.0412492254380229,-0.0341893846036318,-0.0285935969514316,-0.032676930460933,-0.0322728091159262,-0.0319204370651918,-0.0314959873955387,-0.0313915297927944,-0.0311010737035312,-0.0308843419427353,-0.0307837696288147,-0.0308398919202538,-0.0312925400598939,-0.0312160273678058,-0.0296747237596724,-0.0292416926528504,-0.0291841290345668,-0.029313363224588,-0.02916799308729,-0.0288944985534048,-0.0281501769882712,-0.0298278465286548,-0.0295888531402667,-0.0168016948666747,0,0.0599609290778096,0.119280540516748,-0.579943964863282,0.119280540516748,0.0338316577473703,0.0258131512015212,0.0154363585837565,0.000453282413715906,-0.000125326450795562,-0.00126387937773748,-0.00454888454399615,-0.0122847358646105,-0.0017792470389334,-0.00195423528278561,-0.0022253080365416,-0.00235694260863069,-0.00235694260863069,-0.00235694260863069,-0.00260030535907076,-0.00277018210251518,-0.00280807146295731,-0.00285669095378793,-0.00293066702117617,-0.00300595897266713,-0.00307095155343527,-0.0030012261376411,-0.00291334640851805,-0.00370908651291504,-0.00410613465062494,-0.00370526195321181,-0.00337231769772266,-0.0031828028545395,-0.00301461218547046,-0.00337231769772266,-0.00337231769772265,-0.00337231769772266,-0.00337231769772266,-0.00337231769772267,-0.00337231769772266,-0.00337231769772266,-0.00337231769772267,-0.00337231769772267,-0.00337231769772266,-0.136986277372173,-0.170489171913338,-0.170395001680113,-0.0168016948666747,-0.127037851156409,0.020943651446258
0,0,0,0,0,0,0,0,0,0,0,0,0,0,0,0,0,0,0,0,0,0,0,0,0,0,0,0,0,0,0,0,0,0,0,0,0,0,0,0,0,0,0,0,0,0,0,0,0,0,0,0,0,0,0,0,0,0,0,0,0,0,0,0,0,0,0,0,0,0,0,0,-1,0,0,0,0,0,0,0,0,0,0,0,0,0,0,0,0,0,0,0,0,0,0,0,0,0,0,0,0,0,0,0,0,0,0,0,0,0,0,0,0,0,0,0,0,0
0.0461625369281851,0.0462314613691448,0.0461332837120012,0.0459863330796861,0.0459638134142635,0.0461177471198267,0.0461770401027097,0.0456898029346832,0.0456898029346834,0.0456898029346831,0.0461804875885895,0.0462739613247314,0.0462703995446919,0.0463530023627395,0.04657100805456,0.0469470730390134,0.0484006392229732,0.0478568486730003,0.0473259798786707,0.0559713446404277,0.0622447759931899,0.0694123006247324,0.0811611296599408,0.100595145524757,0.0664514265053345,0.0600878953789824,0.0647650805641735,0.0628960351179282,0.0608346200818939,0.0451646930211539,0.060111048102119,0.0653377005030727,0.039270998613109,0.0311478714257752,0.0310583881772297,0.031083056532234,0.0309381904082372,0.0305404043949272,0.0271017962149852,0.0249121561329878,0.0231608045426309,0.0183059284708001,0.0242938532394115,0.0142880467972119,0.0106143582868528,0.00796252033770944,0.0061653287345553,0.00694093525589093,0.00666797204619882,0.00633043583549942,0.00592385667342135,0.00582379702528657,0.00554556994246272,0.00533796318952992,0.00524162524878996,0.00529538463620066,0.00572897503451919,0.00565568373884467,0.00417927328477385,0.00376447398781765,0.00370933395741765,0.00383312702982974,0.00369387737824656,0.00343189772230562,0.00271891415816239,0.0043259491607589,0.00409701805645996,-0.00291671390339666,0,0.181866461870001,0.174855206146414,0.139305177125408,0.174855206146414,-0.288086473061131,-0.125426527166982,-0.0890811763187261,-0.0366020355817328,-0.0354724701577809,-0.033249776904198,-0.0268367603036966,-0.0117347618509477,-0.0322436715255647,-0.0319020579036919,-0.03137286723829,-0.0311158890439547,-0.0311158890439547,-0.0311158890439547,-0.0306407940959936,-0.0303091591911423,-0.030235191241261,-0.0301402758344276,-0.0299958590910163,-0.0298488734668368,-0.0297219943667195,-0.0298581129498979,-0.0300296725466687,-0.0284762215653437,-0.0277011006235305,-0.028483687905159,-0.0291336646721439,-0.0295036372517484,-0.0298319805870552,-0.0291336646721439,-0.0291336646721439,-0.0291336646721439,-0.0291336646721439,-0.029133664672144,-0.0291336646721439,-0.029133664672144,-0.029133664672144,-0.029133664672144,-0.029133664672144,0.0505877071960793,0.0650971765479554,0.0650563031961048,-0.00291671390339666,0.0462739613247312,-0.108370806427459
0.0566064016658383,0.0566909196505327,0.05657053016883,0.0563903332587072,0.0563627187186253,0.0565514785604115,0.0566241860550248,0.0560267157972107,0.056026715797211,0.0560267157972109,0.0566284135040221,0.0567430348442981,0.0567386672431009,0.0568399582164374,0.0571072857633578,0.0575684321166341,0.0593508547634898,0.0586840364224241,0.058033063269661,0.0686343651654608,0.0763271047462594,0.0851162182838031,0.0995231157319416,0.123353905398798,0.0814854726437753,0.0736822490143691,0.0794176058833022,0.0771257054743957,0.0745979135614144,0.0553828044209752,0.0737106398358609,0.0801197760069594,0.048155713902174,0.038194801202245,0.0380850731620072,0.0381153225136402,0.0379376817133633,0.0374499001410135,0.0332333373444748,0.0305483106056283,0.0284007312441198,0.0224474825007187,0.0297901221637889,0.0175205907179996,0.0130157627503322,0.00976396997439688,0.00756017970357881,0.00851126032442229,0.00817654160842393,0.00776264082239611,0.00726407672932305,0.00714137947285143,0.00680020597909084,0.00654563003879235,0.00642749649301974,0.00649341846524176,0.00702510484729343,0.00693523204571808,0.00512479681515887,0.00461615285456501,0.00454853788111712,0.00470033803870609,0.00452958438793494,0.00420833415735206,0.00333404438259771,0.00530465680776748,0.00502393207065199,-0.00357659456664738,0,0.22301213657676,0.214414646402234,0.170821738475057,0.214414646402234,-0.0653202212217703,-0.153803167001214,-0.109235002734097,-0.0448829216459688,-0.0434978020587257,-0.040772244161247,-0.0329083394078663,-0.014389647688148,-0.0395385163600719,-0.0391196156847399,-0.0384707003226974,-0.0381555830900693,-0.0381555830900693,-0.0381555830900693,-0.0375730021219666,-0.0371663377599185,-0.0370756352171207,-0.03695924604094,-0.0367821562896221,-0.036601916471036,-0.0364463320993319,-0.0366132463052294,-0.0368236197398512,-0.0349187142457299,-0.0339682290624711,-0.0349278697787375,-0.0357248980270473,-0.0361785736228887,-0.0365812017269634,-0.0357248980270473,-0.0357248980270474,-0.0357248980270474,-0.0357248980270474,-0.0357248980270475,-0.0357248980270474,-0.0357248980270475,-0.0357248980270475,-0.0357248980270475,-0.0357248980270474,0.0620327274766108,0.0798248356393012,0.079774715053947,-0.00357659456664738,0.0567430348442979,-0.132888740647572
-0.0915583825414326,-0.0916271615703277,-0.0915291910416816,-0.0913821952727689,-0.0913600782807691,-0.0915136872275442,-0.0915728551181543,-0.0910891341511488,-0.0910891341511496,-0.0910891341511491,-0.0915728781110643,-0.0916695718624203,-0.0916429393686971,-0.0917248141550844,-0.0918771797430528,-0.0923836811677188,-0.0939257805188504,-0.0932819060368651,-0.0926533315425695,-0.101951954720263,-0.108699417179975,-0.116408532122165,-0.129045122594416,-0.149864910120889,-0.113313809334795,-0.10651466508826,-0.111482149498326,-0.109475785160518,-0.10726291782654,-0.0905699005485011,-0.106486184965939,-0.112090305372515,-0.083811304153305,-0.0747393805779274,-0.0746817233836448,-0.0746976180696362,-0.0746042757469998,-0.0751365888948328,-0.0694960564425142,-0.0665805161791048,-0.06424856394684,-0.0577842199764953,-0.0652257677408135,-0.0513373644675969,-0.0462381585388403,-0.0414436037155329,-0.036505317342754,-0.0421100310871609,-0.0422880976600031,-0.0428150649430173,-0.0434498232580632,-0.0436060380855264,-0.0440404109476051,-0.0443645301474435,-0.0445149345819122,-0.0444310045103456,-0.0437540757930692,-0.0438684994125979,-0.0461734965682616,-0.0468210882979322,-0.0469071738528568,-0.0467139059990471,-0.0469313049276047,-0.0473403120300135,-0.0484534341180166,-0.0459445036916413,-0.0463019148321524,-0.0458736107026907,0,-0.236931399624381,-0.229420195791151,-0.191335218608579,-0.229420195791151,-0.372947215560378,-0.414687518863488,-0.300552910204444,-0.135753670384556,-0.13273973426458,-0.126809085770432,-0.109697706508628,-0.069402157746763,-0.124124568984714,-0.123213066550055,-0.121801066123175,-0.121115390158303,-0.121115390158303,-0.121115390158303,-0.119847729344936,-0.118962852385017,-0.118765489159178,-0.118512233378741,-0.118126896832431,-0.117734705931011,-0.117396163784974,-0.11775935896229,-0.118217118782546,-0.114072160089629,-0.112003962042536,-0.114092081973546,-0.115826367047807,-0.116813537598027,-0.11768963190567,-0.115826367047807,-0.115826367047808,-0.115826367047808,-0.115826367047808,-0.115826367047808,-0.115826367047808,-0.115826367047808,-0.115826367047808,-0.115826367047808,-0.115826367047808,-0.0962713497942482,-0.111834854861187,-0.111791444970374,-0.0458736107026907,-0.0916695718624203,-0.361127765922024
0.0461625369281853,0.0462314613691435,0.0461332837120016,0.0459863330796852,0.0459638134142639,0.0461177471198266,0.0461770401027093,0.0456898029346835,0.0456898029346831,0.0456898029346831,0.0461804875885887,0.0462739613247312,0.0462703995446923,0.0463530023627396,0.0465710080545603,0.0469470730390129,0.0484006392229732,0.0478568486730011,0.0473259798786714,0.0559713446404277,0.0622447759931906,0.0694123006247322,0.0811611296599406,0.100595145524757,0.0664514265053342,0.0600878953789821,0.0647650805641735,0.0628960351179284,0.0608346200818937,0.045164693021154,0.0601110481021192,0.0653377005030726,0.0392709986131092,0.0311478714257754,0.0310583881772297,0.0310830565322342,0.0309381904082373,0.0305404043949273,0.0271017962149853,0.0249121561329879,0.023160804542631,0.0183059284707998,0.0242938532394115,0.0142880467972121,0.0106143582868528,0.00796252033770939,0.00616532873455522,0.00694093525589101,0.00666797204619884,0.00633043583549942,0.00592385667342132,0.00582379702528668,0.0055455699424628,0.00533796318952995,0.00524162524879002,0.00529538463620061,0.0057289750345193,0.00565568373884484,0.00417927328477374,0.00376447398781765,0.00370933395741768,0.00383312702982963,0.00369387737824645,0.00343189772230557,0.00271891415816239,0.0043259491607589,0.0040970180564599,-0.00291671390339659,0,0.181866461870001,0.174855206146414,0.139305177125408,0.174855206146414,0.711913526938869,-0.125426527166981,-0.089081176318726,-0.0366020355817328,-0.0354724701577809,-0.033249776904198,-0.0268367603036966,-0.0117347618509477,-0.0322436715255647,-0.0319020579036919,-0.03137286723829,-0.0311158890439547,-0.0311158890439547,-0.0311158890439547,-0.0306407940959936,-0.0303091591911423,-0.030235191241261,-0.0301402758344276,-0.0299958590910163,-0.0298488734668368,-0.0297219943667195,-0.0298581129498978,-0.0300296725466687,-0.0284762215653437,-0.0277011006235305,-0.028483687905159,-0.0291336646721439,-0.0295036372517484,-0.0298319805870552,-0.0291336646721439,-0.0291336646721439,-0.0291336646721439,-0.0291336646721439,-0.029133664672144,-0.0291336646721439,-0.0291336646721439,-0.0291336646721439,-0.0291336646721439,-0.0291336646721439,0.0505877071960796,0.0650971765479551,0.0650563031961051,-0.00291671390339659,0.0462739613247312,-0.108370806427459
0.00497555540611283,0.00501313136750614,0.00495960725032463,0.00487965090146114,0.00486721608578755,0.00495113707081118,0.00498346219096857,0.00471672774798193,0.00471672774798126,0.00471672774798193,0.0049868583348387,0.00503630132968769,0.00504460228924797,0.00508988115048026,0.0052376614199946,0.0053844396429551,0.00613623472952018,0.00588470229530691,0.00563914686943157,0.0100543642131804,0.013258227054927,0.0169187063911972,0.0229188735506516,0.0328805944637056,0.0153666866205187,0.0120967369295912,0.0145134043875118,0.013557141409454,0.0125024560430108,0.00442833396766495,0.0121322536503359,0.0148092751118777,0.00160461840932435,-0.00239520852394859,-0.00245803415336832,-0.0024407146555282,-0.00254242425558898,-0.0031717190127496,-0.00406587141279385,-0.00493538606384047,-0.0056308546385474,-0.00755874493804359,-0.00494503616405167,-0.00866739013717083,-0.0100340734826396,-0.0105263120989008,-0.0101103103908382,-0.0118314860519956,-0.0121802230077166,-0.0127476142499907,-0.01343106523552,-0.0135992633910277,-0.0140669572418021,-0.0144159398093524,-0.0145778818533225,-0.0144875134583475,-0.0137586571551069,-0.013881858275409,-0.016363673070646,-0.017060941929317,-0.0171536311560012,-0.0169455376154733,-0.0171796133391841,-0.0176199956084728,-0.0188185059233872,-0.0161171140205389,-0.0165019423724191,-0.0232418897482896,0,0.0745396204364876,0.0709457068957008,0.0527230466888946,0.0709457068957008,0.121451717189894,0.135848022013691,0.449991272330089,-0.0964165223350142,-0.0939627670860771,-0.0891344099833299,-0.0752034124409774,-0.0423973374787814,-0.0869488470212768,-0.08620675966626,-0.0850571986533392,-0.0844989648584286,-0.0844989648584286,-0.0844989648584287,-0.0834669159858414,-0.0827465054002708,-0.0825858248045073,-0.0823796400428424,-0.0820659235155251,-0.0817466266078817,-0.0814710071074158,-0.0817666975392132,-0.0821393764935753,-0.0787648145438507,-0.0770810191308494,-0.0787810336756723,-0.0801929783668407,-0.0809966698927297,-0.0817099302009673,-0.0801929783668406,-0.0801929783668407,-0.0801929783668408,-0.0801929783668408,-0.0801929783668409,-0.0801929783668408,-0.0801929783668409,-0.0801929783668409,-0.0801929783668409,-0.0801929783668409,0.007256176880996,0.014684997223537,0.0146638781052568,-0.0232418897482896,0.00503630132968746,0.283265488747533
-0.0982549112952826,-0.0982447950893039,-0.0982592048601865,-0.0982799531926903,-0.0982840784234063,-0.0982614852031896,-0.0982527826294772,-0.0983300402531753,-0.0983300402531775,-0.0983300402531755,-0.0982443872937897,-0.0982385572685993,-0.0981857993022217,-0.0981723970170794,-0.0979899182469683,-0.0982376927911031,-0.0982358259757914,-0.0980819268467642,-0.0979316847267416,-0.098213071687826,-0.0984172576108684,-0.0986505442367254,-0.0990329419017868,-0.0994745556593093,-0.0987616805980706,-0.0986589756426249,-0.0986654895022185,-0.0986136818466838,-0.0985565419412248,-0.098418120871456,-0.098536485410252,-0.0986662756427875,-0.0972576454967076,-0.0962198432253096,-0.0963060179032024,-0.0962822616406479,-0.09642177145702,-0.0986255391867663,-0.0940298977712041,-0.0926647245826021,-0.0915728107769368,-0.0885459449912114,-0.0910522299353879,-0.0835083138060211,-0.0807385222687103,-0.0761679290501948,-0.0691711036507025,-0.0802100103827576,-0.0812900374054791,-0.0833338147789187,-0.0857956463265493,-0.0864015061968978,-0.0880861675710817,-0.0893432237646622,-0.0899265487450553,-0.0896010363522596,-0.0869756521198884,-0.0874194299636327,-0.0963590760943042,-0.0988706804518974,-0.0992045526200677,-0.0984549871738596,-0.0992981420062712,-0.100884425421625,-0.105201531645609,-0.0954709555695567,-0.0968571304337979,-0.113056177105691,0,-0.101321344899349,-0.101162022862845,-0.100354192818599,-0.101162022862845,-0.1492663875475,-0.163979681058573,-0.261828131943117,-0.403111748830069,-0.393385353815258,-0.374246318463533,-0.319025495153638,-0.188986101817226,-0.365583005890742,-0.362641459559454,-0.358084735937513,-0.355871963330192,-0.355871963330192,-0.355871963330192,-0.351781043906292,-0.348925421720197,-0.34828850288068,-0.347471210920182,-0.346227675784115,-0.34496202068176,-0.343869497645292,-0.345041579474973,-0.34651883468427,-0.333142471031379,-0.32646810555908,-0.333206761747808,-0.338803543175506,-0.341989281139486,-0.344816560473604,-0.338803543175506,-0.338803543175506,-0.338803543175507,-0.338803543175507,-0.338803543175507,-0.338803543175506,-0.338803543175507,-0.338803543175507,-0.338803543175507,-0.338803543175507,-0.0982914095664238,-0.0986659454313741,-0.0986658893170183,-0.113056177105691,-0.0982385572685993,-0.209896856546832
0.00623500064647931,0.00628208808184239,0.00621501558882609,0.00611482016416243,0.00609923776633214,0.00620440138188216,0.0062449088486124,0.00591065683276371,0.00591065683276315,0.00591065683276371,0.00624916464670888,0.00631112297692216,0.00632152512984818,0.00637826527361329,0.00656345265487057,0.00674738434497379,0.00768947873809317,0.00737427676325336,0.0070665647363311,0.0125993908724447,0.0166142365045482,0.0212012803951721,0.0287202492468146,0.0412035463389607,0.0192564031937963,0.0151587423755008,0.0181871325616392,0.016988814022352,0.0156671597737578,0.00554926292596347,0.0152032493217063,0.0185578960256395,0.00201078995265497,-0.00300149942595862,-0.00308022789103934,-0.00305852436823323,-0.00318597936981008,-0.0039745653461421,-0.00509505147025952,-0.00618466337664847,-0.00705617352154153,-0.0094720640669331,-0.00619675617356141,-0.0108613368152142,-0.0125739640190156,-0.0131908013045256,-0.0126694985137817,-0.0148263494548519,-0.0152633609976639,-0.0159743740351309,-0.0168308246197987,-0.0170415981963604,-0.0176276777842493,-0.0180649971097687,-0.0182679309867799,-0.0181546879505556,-0.0172413387561495,-0.0173957253526261,-0.0205057533976829,-0.0213795195262327,-0.0214956708583207,-0.0212349033150379,-0.0215282298222392,-0.0220800845418831,-0.0235819696538694,-0.0201967837025762,-0.0206790223326213,-0.029125029424445,0,0.0934075783858936,0.0889039498617962,0.066068650302992,0.0889039498617962,0.152194372966826,0.170234764954626,0.0511396384126431,-0.120822105277244,-0.117747239395009,-0.111696696852547,-0.0942393937792137,-0.0531292298070773,-0.108957909849074,-0.108027980472227,-0.106587435030823,-0.105887897433899,-0.105887897433899,-0.105887897433899,-0.104594609577055,-0.103691843935807,-0.103490490813052,-0.103232115211266,-0.102838988697544,-0.102438869261002,-0.10209348314361,-0.102464020678204,-0.102931034575491,-0.0987022813568514,-0.0965922725976877,-0.0987226059817705,-0.100491951380158,-0.101499078579934,-0.102392884018721,-0.100491951380158,-0.100491951380158,-0.100491951380158,-0.100491951380158,-0.100491951380158,-0.100491951380158,-0.100491951380158,-0.100491951380158,-0.100491951380158,-0.100491951380158,0.00909290799744611,0.0184021601025316,0.0183756951744212,-0.029125029424445,0.00631112297692216,0.114347198255412
-0.0181639053924698,-0.0181441273410083,-0.0181722996805789,-0.0182142223360913,-0.0182209296327809,-0.0181767579469803,-0.0181597436680043,-0.0183012756641237,-0.0183012756641237,-0.0183012756641237,-0.0181563950162484,-0.0181319318658328,-0.0181170197871356,-0.0180929343494469,-0.0179853740142839,-0.017968067548054,-0.0176142070728362,-0.0177003551171078,-0.0177844560791396,-0.0157672749077795,-0.0143035254936912,-0.0126311616165822,-0.00988986412729975,-0.00529832281537068,-0.0133840648454946,-0.0149000627157303,-0.0137651793048716,-0.0142039738180966,-0.0146879308075372,-0.0184552496932699,-0.0148578033033013,-0.0136262340405624,-0.0195407126781753,-0.0212047457495608,-0.021252266853776,-0.0212391664412621,-0.0213160992559249,-0.0220718436102567,-0.0215332550687446,-0.0216571977732301,-0.0217563315324254,-0.0220311376410796,-0.0213252490304185,-0.0215011651822516,-0.021565753793825,-0.0208434246677094,-0.0191877769873692,-0.0223005551230018,-0.0226898942129077,-0.0233831475901858,-0.0242182057804095,-0.0244237146615305,-0.0249951551728111,-0.0254215511506477,-0.0256194161519749,-0.0255090016965731,-0.0246184661082076,-0.0247689964413718,-0.0278013423085379,-0.02865328353556,-0.0287665336435072,-0.0285122795433164,-0.0287982793506996,-0.0293363498613648,-0.0308007209365806,-0.0275000900482805,-0.0279702833377367,-0.0345195212504372,0,0.0139030923254732,0.0122465911407834,0.00384743020432721,0.0122465911407832,0.0259548266471542,0.0296532424707388,0.0499362999720332,0.0792230561690244,-0.826059654369413,-0.63968047188053,-0.101930699453592,-0.0593704346495383,-0.00162812259101264,-0.00796533161094759,-0.0177822465210262,-0.0225493998978137,-0.0225493998978141,-0.0225493998978141,-0.0313627954908768,-0.0375148912381922,-0.0388870565418007,-0.0406478141164455,-0.0433268615266704,-0.0460535637531352,-0.0484072736939041,-0.0458821638684543,-0.0426995945723223,-0.0715173668757438,-0.0858964873483667,-0.0713788602325833,-0.0593212654332236,-0.052457974807562,-0.0463669403378784,-0.0593212654332238,-0.0593212654332238,-0.0593212654332238,-0.0593212654332238,-0.0593212654332238,-0.0593212654332238,-0.0593212654332242,-0.0593212654332238,-0.0593212654332238,-0.0593212654332238,-0.0170992435881869,-0.0136845967734081,-0.0136945146234346,-0.0345195212504372,-0.0181319318658328,0.039171438234761
-0.0181639053924698,-0.0181441273410092,-0.0181722996805771,-0.0182142223360922,-0.0182209296327818,-0.018176757946982,-0.018159743668007,-0.0183012756641228,-0.0183012756641237,-0.0183012756641228,-0.0181563950162502,-0.0181319318658364,-0.0181170197871356,-0.018092934349446,-0.0179853740142848,-0.0179680675480514,-0.0176142070728362,-0.0177003551171069,-0.0177844560791387,-0.01576727490778,-0.0143035254936921,-0.0126311616165831,-0.00988986412730064,-0.00529832281537113,-0.0133840648454941,-0.0149000627157316,-0.0137651793048721,-0.014203973818097,-0.0146879308075376,-0.0184552496932713,-0.0148578033033009,-0.013626234040562,-0.0195407126781739,-0.0212047457495599,-0.0212522668537765,-0.0212391664412626,-0.0213160992559258,-0.0220718436102558,-0.0215332550687442,-0.0216571977732296,-0.0217563315324258,-0.0220311376410798,-0.0213252490304199,-0.0215011651822516,-0.0215657537938247,-0.0208434246677094,-0.0191877769873694,-0.0223005551230019,-0.022689894212908,-0.0233831475901859,-0.0242182057804095,-0.0244237146615305,-0.0249951551728115,-0.0254215511506479,-0.0256194161519752,-0.0255090016965728,-0.0246184661082077,-0.0247689964413716,-0.027801342308538,-0.0286532835355597,-0.0287665336435076,-0.0285122795433165,-0.0287982793506995,-0.0293363498613652,-0.0308007209365806,-0.0275000900482808,-0.0279702833377367,-0.0345195212504373,0,0.0139030923254734,0.0122465911407834,0.00384743020432632,0.0122465911407833,0.0259548266471543,0.0296532424707389,0.0499362999720332,0.0792230561690241,0.173940345630587,-0.639680471880531,-0.101930699453593,-0.0593704346495383,-0.00162812259101242,-0.00796533161094759,-0.0177822465210258,-0.0225493998978139,-0.0225493998978139,-0.0225493998978139,-0.0313627954908771,-0.0375148912381917,-0.0388870565418007,-0.0406478141164449,-0.0433268615266699,-0.0460535637531349,-0.048407273693904,-0.0458821638684541,-0.0426995945723223,-0.0715173668757441,-0.0858964873483669,-0.0713788602325834,-0.0593212654332239,-0.0524579748075622,-0.0463669403378784,-0.0593212654332239,-0.0593212654332239,-0.0593212654332239,-0.059321265433224,-0.0593212654332242,-0.0593212654332239,-0.0593212654332239,-0.0593212654332242,-0.0593212654332242,-0.0593212654332242,-0.0170992435881874,-0.0136845967734085,-0.0136945146234346,-0.0345195212504373,-0.0181319318658355,0.0391714382347609
-0.0401478486200553,-0.0401041330094065,-0.0401664025929462,-0.0402590646274019,-0.0402738898275099,-0.0401762567405437,-0.0401386499218614,-0.0404514794060615,-0.0404514794060624,-0.0404514794060615,-0.0401312483658143,-0.0400771772374759,-0.0400442169315669,-0.0399909806651682,-0.039753239058379,-0.0397149864154858,-0.0389328453238764,-0.0391232591454416,-0.0393091482821377,-0.0348505540229698,-0.0316152151118303,-0.0279187737174778,-0.0218596584421982,-0.0117109320785107,-0.0295829227100408,-0.0329337468685853,-0.0304253035357176,-0.031395175119588,-0.0324648697436698,-0.0407918096313127,-0.032840340497192,-0.0301181915288293,-0.0431910185381501,-0.0468690462753161,-0.0469740826128828,-0.0469451266495531,-0.0471151719636127,-0.0487856007220515,-0.0475951534715322,-0.0478691051812417,-0.0480882214489902,-0.0486956279406959,-0.0471353957950722,-0.0475242248976778,-0.0476669857051137,-0.0460704149356381,-0.0424109215061027,-0.0492911239007378,-0.0501516837035821,-0.0516839880756272,-0.0535297249414407,-0.0539839631281662,-0.0552470233922758,-0.0561894903783391,-0.0566268332266335,-0.0563827831313941,-0.0544144240577294,-0.0547471426497946,-0.0614495648551601,-0.0633326184538557,-0.0635829362182267,-0.0630209560215159,-0.063653104049381,-0.0648424062915123,-0.0680791192660091,-0.0607837041891898,-0.0618229767794922,-0.0762988181040593,0,0.0307301339647577,0.0270687540266386,0.00850401067842899,0.0270687540266386,0.0573681941561843,0.0655428369662516,0.11037466715468,0.175107456109678,0.128791856733999,0.037654709575404,-0.225298370751034,-0.131227022565577,-0.00359865446920737,-0.0176058463648163,-0.0393042644753396,-0.0498411478153741,-0.0498411478153743,-0.0498411478153744,-0.0693214778684952,-0.0829195121800858,-0.0859524218820828,-0.0898442406862454,-0.0957657640342067,-0.101792619264661,-0.106995046185289,-0.101413772509243,-0.0943793100650093,-0.158075499568655,-0.189857802963813,-0.157769357050164,-0.131118343390549,-0.115948348440632,-0.102485278437537,-0.131118343390549,-0.131118343390549,-0.131118343390549,-0.131118343390549,-0.131118343390549,-0.131118343390549,-0.131118343390549,-0.131118343390549,-0.131118343390549,-0.131118343390549,-0.0377946167557461,-0.0302471912187507,-0.030269112734685,-0.0762988181040593,-0.0400771772374751,0.0865809933766262
-0.0185444824578354,-0.0185242900091069,-0.0185530526262658,-0.0185958536612285,-0.0186027014917545,-0.0185576043039657,-0.018540233535336,-0.0186847309637521,-0.0186847309637526,-0.0186847309637521,-0.0185368147213523,-0.0185118390096912,-0.0184966144874381,-0.0184720244024825,-0.0183622104222037,-0.0183445413442958,-0.0179832666496,-0.0180712197005135,-0.0181570827779397,-0.0160976368582288,-0.0146032184087979,-0.0128958145266445,-0.0100970803280629,-0.00540933529340737,-0.0136644928708284,-0.0152122545059656,-0.0140535925855457,-0.0145015808885717,-0.014995677929219,-0.0188419311154159,-0.0151691096582268,-0.0139117360871259,-0.0199501371342884,-0.0216490356605031,-0.0216975524449983,-0.0216841775476507,-0.0217627222879544,-0.0225343012858999,-0.0219844280320887,-0.0221109676313354,-0.0222121784788192,-0.0224927424297501,-0.0217720637720096,-0.0219516657860703,-0.0220176076828383,-0.0212801440416995,-0.0195898066004379,-0.0227678048493884,-0.023165301520226,-0.0238730802063611,-0.0247256348539036,-0.0249354496353911,-0.025518863185956,-0.0259541931747566,-0.0261562039189688,-0.0260434760178344,-0.0251342815885703,-0.0252879658906194,-0.028383846623574,-0.0292536380477334,-0.0293692610150857,-0.0291096796861288,-0.0294016718704284,-0.0299510162394128,-0.0314460693752518,-0.0280762824111972,-0.028556327369575,-0.0352427874099703,0,0.0141943952122928,0.0125031863837331,0.00392804302765531,0.012503186383733,0.0264986420626184,0.0302745485034591,0.0509825843523996,0.0808829678220894,0.0594895719199899,0.0173928896610199,-0.104066390299287,-0.0606143866136238,-0.00166223563577675,-0.00813222427327231,-0.0181548269243235,-0.0230218635147204,-0.0230218635147205,-0.0230218635147205,-0.0320199207297336,-0.0383009175308016,-0.0397018329645811,-0.0414994826026943,-0.0442346624348479,-0.0470184955651053,-0.0494215213332048,-0.0468435044447454,-0.0435942527443138,-0.0730158259912359,-0.0876962232737611,-0.0728744173041233,-0.0605641871851582,-0.0535570942797207,-0.0473384381354338,-0.0605641871851582,-0.0605641871851581,-0.0605641871851581,-0.0605641871851582,-0.0605641871851583,-0.0605641871851581,-0.0605641871851582,-0.0605641871851582,-0.0605641871851582,-0.0605641871851582,-0.0174575134538446,-0.0139713216581849,-0.0139814473107831,-0.0352427874099703,-0.018511839009691,0.0399921731311083
-0.0181639053924685,-0.0181441273410101,-0.0181722996805771,-0.0182142223360913,-0.018220929632782,-0.0181767579469814,-0.0181597436680061,-0.0183012756641228,-0.0183012756641232,-0.018301275664123,-0.01815639501625,-0.0181319318658359,-0.0181170197871363,-0.018092934349446,-0.0179853740142855,-0.0179680675480505,-0.0176142070728356,-0.0177003551171073,-0.0177844560791389,-0.0157672749077802,-0.0143035254936918,-0.0126311616165826,-0.00988986412730064,-0.0052983228153709,-0.0133840648454941,-0.0149000627157314,-0.0137651793048723,-0.0142039738180972,-0.0146879308075369,-0.0184552496932711,-0.0148578033033002,-0.0136262340405615,-0.0195407126781741,-0.0212047457495599,-0.0212522668537763,-0.0212391664412621,-0.0213160992559255,-0.0220718436102566,-0.0215332550687434,-0.0216571977732295,-0.0217563315324255,-0.0220311376410798,-0.0213252490304199,-0.0215011651822516,-0.0215657537938247,-0.0208434246677094,-0.0191877769873692,-0.0223005551230016,-0.022689894212908,-0.0233831475901858,-0.0242182057804092,-0.0244237146615304,-0.0249951551728114,-0.0254215511506478,-0.025619416151975,-0.0255090016965729,-0.0246184661082078,-0.0247689964413716,-0.0278013423085379,-0.0286532835355597,-0.0287665336435074,-0.0285122795433164,-0.0287982793506994,-0.0293363498613652,-0.0308007209365806,-0.0275000900482808,-0.0279702833377367,-0.0345195212504373,0,0.0139030923254735,0.0122465911407833,0.00384743020432654,0.0122465911407833,0.0259548266471543,0.0296532424707388,0.0499362999720332,0.0792230561690241,0.173940345630587,0.360319528119469,-0.101930699453593,-0.0593704346495383,-0.00162812259101264,-0.0079653316109477,-0.0177822465210258,-0.0225493998978138,-0.022549399897814,-0.0225493998978139,-0.0313627954908771,-0.0375148912381917,-0.0388870565418005,-0.0406478141164449,-0.04332686152667,-0.0460535637531347,-0.048407273693904,-0.045882163868454,-0.0426995945723223,-0.0715173668757441,-0.0858964873483668,-0.0713788602325834,-0.0593212654332239,-0.0524579748075623,-0.0463669403378783,-0.059321265433224,-0.0593212654332239,-0.059321265433224,-0.059321265433224,-0.0593212654332241,-0.0593212654332239,-0.059321265433224,-0.059321265433224,-0.059321265433224,-0.059321265433224,-0.0170992435881876,-0.0136845967734087,-0.0136945146234349,-0.0345195212504373,-0.0181319318658359,0.0391714382347609
0.0870443552426945,0.086949575639955,0.0870845820210331,0.0872854821270641,0.0873176245712832,0.0871059467504889,0.0870244115898915,0.0877026556724294,0.0877026556724312,0.0877026556724294,0.0870083643122381,0.0868911329619877,0.0868196718831244,0.0867042505929794,0.0861888041720995,0.0861058688031715,0.084410112508178,0.0848229477882017,0.0852259731209779,0.0755593166021988,0.0685447940513946,0.0605305574503521,0.0473938191043217,0.0253904148566435,0.0641385907837528,0.071403496337533,0.065964952553065,0.0680677264148777,0.0703869261244536,0.0884405239778268,0.07120098243821,0.0652991045052693,0.0936422371347252,0.101616551175216,0.10184427994761,0.101781500664408,0.102150175082419,0.105771823545657,0.103190820654257,0.103784774023089,0.104259838937024,0.105576753996187,0.102194022273001,0.103037040758405,0.103346559770365,0.0998850424536213,0.091950912555322,0.106867845889604,0.108733621410859,0.112055803064041,0.116057536181867,0.117042367784285,0.119780802597133,0.121824160683783,0.122772361585158,0.122243237761163,0.117975648031145,0.118697013591667,0.133228502562633,0.137311141907447,0.13785385463439,0.136635428104371,0.138005985167694,0.140584505571981,0.147602007222865,0.131784853292672,0.134038095138838,0.165423096278426,0,-0.0666258539230322,-0.0586876338946517,-0.0184375041732876,-0.0586876338946517,-0.12437970260922,-0.142103105909744,-0.239302778799615,-0.379649623557674,-0.394904639703656,-0.42492257470059,-0.511531698626169,-0.715487330896915,-0.438510237238908,-0.44312380030206,-0.450270630378324,-0.453741174377479,-0.45374117437748,-0.45374117437748,-0.460157430530811,-0.464636228943726,-0.465635181501761,-0.466917033825707,-0.468867412002815,-0.470852483449356,-0.472566012103681,-0.470727702307609,-0.468410754246662,-0.489390433067918,-0.499858602712382,-0.489289598594749,-0.480511527077493,-0.475514970387849,-0.471080625306707,-0.480511527077493,-0.480511527077493,-0.480511527077494,-0.480511527077494,-0.480511527077495,-0.480511527077494,-0.480511527077494,-0.480511527077495,-0.480511527077495,-0.480511527077494,0.0819423246879802,0.0655787881053049,0.0656263160373354,0.165423096278426,0.0868911329619877,-0.187715830456113
0.0870443552426945,0.086949575639955,0.0870845820210349,0.0872854821270637,0.0873176245712832,0.0871059467504911,0.0870244115898915,0.087702655672429,0.0877026556724299,0.0877026556724294,0.0870083643122386,0.0868911329619859,0.0868196718831249,0.0867042505929794,0.0861888041720995,0.0861058688031724,0.0844101125081771,0.0848229477882012,0.0852259731209779,0.0755593166021979,0.0685447940513941,0.0605305574503534,0.0473938191043199,0.0253904148566433,0.0641385907837533,0.071403496337533,0.0659649525530641,0.0680677264148772,0.0703869261244545,0.0884405239778268,0.0712009824382092,0.0652991045052698,0.0936422371347256,0.101616551175216,0.101844279947609,0.101781500664408,0.102150175082419,0.105771823545657,0.103190820654257,0.103784774023089,0.104259838937024,0.105576753996187,0.102194022273001,0.103037040758405,0.103346559770365,0.0998850424536214,0.091950912555322,0.106867845889604,0.108733621410859,0.11205580306404,0.116057536181867,0.117042367784286,0.119780802597133,0.121824160683783,0.122772361585158,0.122243237761163,0.117975648031145,0.118697013591667,0.133228502562633,0.137311141907447,0.13785385463439,0.136635428104371,0.138005985167694,0.140584505571981,0.147602007222865,0.131784853292672,0.134038095138838,0.165423096278426,0,-0.0666258539230322,-0.0586876338946516,-0.0184375041732878,-0.0586876338946516,-0.12437970260922,-0.142103105909744,-0.239302778799615,-0.379649623557673,-0.394904639703656,-0.42492257470059,-0.511531698626169,0.284512669103085,-0.438510237238908,-0.44312380030206,-0.450270630378324,-0.453741174377479,-0.45374117437748,-0.45374117437748,-0.460157430530811,-0.464636228943726,-0.465635181501761,-0.466917033825707,-0.468867412002815,-0.470852483449356,-0.472566012103681,-0.470727702307609,-0.468410754246661,-0.489390433067917,-0.499858602712382,-0.489289598594749,-0.480511527077493,-0.475514970387849,-0.471080625306707,-0.480511527077493,-0.480511527077493,-0.480511527077494,-0.480511527077494,-0.480511527077495,-0.480511527077494,-0.480511527077495,-0.480511527077495,-0.480511527077495,-0.480511527077494,0.0819423246879794,0.0655787881053054,0.0656263160373354,0.165423096278426,0.0868911329619868,-0.187715830456113
-0.0101881187723278,-0.0101770252804285,-0.0101928271212457,-0.0102163415023442,-0.0102201036192371,-0.010195327759003,-0.0101857844646904,-0.0102651696384932,-0.0102651696384937,-0.0102651696384932,-0.0101839062088271,-0.0101701848489877,-0.0101618206769856,-0.0101483111758864,-0.0100879806772338,-0.0100782734953406,-0.0098797934618664,-0.00992811382513969,-0.00997528598176189,-0.00884385081322026,-0.00802283503707302,-0.0070848075896498,-0.00554721620675891,-0.00297182466935342,-0.00750711035739005,-0.00835743224725127,-0.0077208771269317,-0.00796699658862066,-0.00823844764402892,-0.0103515335378261,-0.00833372897949025,-0.00764294284875389,-0.0109603687841135,-0.0118937234898363,-0.0119203780359534,-0.0119130300259428,-0.0119561815749261,-0.0123800779274491,-0.0120779840818922,-0.0121475034372835,-0.0122031074767899,-0.0123572459846623,-0.0119613136755001,-0.0120599848924057,-0.0120962125885884,-0.0116910588085742,-0.0107624074614123,-0.0125083620164765,-0.0127267419741434,-0.0131155871918659,-0.0135839706061142,-0.0136992403591981,-0.0140197608460899,-0.0142589259800396,-0.0143699082875805,-0.014307976915361,-0.0138084762766376,-0.0138929086098817,-0.0155937487753608,-0.0160716018702984,-0.0161351237575697,-0.0159925128534097,-0.0161529298971854,-0.01645473317969,-0.0172760976450239,-0.0154247766440038,-0.0156885076520344,-0.019361969513959,0,0.00779823242050796,0.00686910234349686,0.00215802026287681,0.00686910234349683,0.0145580397432634,0.0166324779692942,0.0280092273205026,0.0444361434568815,0.0326828654190801,0.00955544734469699,-0.0571728408699169,-0.0333008252743451,-0.554600750065095,-0.523172797448904,-0.474488031700986,-0.450846414394611,-0.450846414394611,-0.450846414394611,-0.407138375380082,-0.376628450107196,-0.369823507109776,-0.361091428768905,-0.34780530000146,-0.334282837967743,-0.322610146683921,-0.335132856869948,-0.350916088371691,-0.208000874496446,-0.136690883701677,-0.20868776681838,-0.268484676913574,-0.302521612084234,-0.332728717782443,-0.268484676913574,-0.268484676913574,-0.268484676913575,-0.268484676913575,-0.268484676913575,-0.268484676913575,-0.268484676913575,-0.268484676913575,-0.268484676913575,-0.268484676913575,-0.00959095089020301,-0.00767567845496098,-0.00768124136843518,-0.019361969513959,-0.0101701848489875,0.0219712257136173
-0.0018585777219764,-0.00185655398065965,-0.00185943664722199,-0.00186372628163056,-0.00186441258955483,-0.00185989282855692,-0.00185815188358029,-0.00187263380303726,-0.00187263380303682,-0.00187263380303682,-0.00185780924088208,-0.00185530610813567,-0.00185378026572192,-0.00185131578151854,-0.0018403099301687,-0.00183853908783504,-0.00180233116989514,-0.00181114606032828,-0.00181975148801783,-0.00161334829964632,-0.00146357367834149,-0.00129245308627368,-0.0010119564456661,-0.000542138077451737,-0.00136949208960546,-0.00152461290791672,-0.00140848870561028,-0.00145338729372613,-0.00150290702307654,-0.00188838882345532,-0.0015202888156689,-0.00139427146723348,-0.00199945620011199,-0.00216972436261731,-0.00217458684476135,-0.00217324637671057,-0.00218111834104495,-0.00225844805566977,-0.0022033382847837,-0.00221602042248437,-0.00222616404481424,-0.00225428291574925,-0.00218205456960741,-0.00220005476470131,-0.00220666363828703,-0.00213275305613381,-0.0019633429085012,-0.00228185040847662,-0.00232168858992265,-0.00239262406634422,-0.00247806937754641,-0.00249909757714717,-0.00255756884644476,-0.00260119878439169,-0.00262144484246563,-0.00261014695015876,-0.0025190250482659,-0.00253442770081541,-0.00284470516330321,-0.00293187799044398,-0.00294346603404433,-0.00291745009770655,-0.00294671433681187,-0.00300177110144312,-0.00315160933272085,-0.00281388025381868,-0.00286199164583067,-0.00353212658748923,0,0.00142260032214375,0.00125310284174129,0.000393678997446578,0.00125310284174129,0.00265576491078728,0.00303419637185248,0.00510961121194059,0.0081063077615311,0.0059622043004891,0.00174316200618041,-0.0104298124823166,-0.00607493624303285,0.0812524021179055,-0.817929329609648,-0.6617526344906,-0.585912284815366,-0.585912284815367,-0.585912284815367,-0.445700516748773,-0.347827204137584,-0.325997510772857,-0.297985726884262,-0.255364926517885,-0.17773672841722,-0.110727481943532,-0.0701881989181798,-0.019093756948438,-0.0148784788546956,-0.0516145111908705,-0.0889037833298993,-0.11987433590227,-0.178014126911078,-0.229612039692271,-0.11987433590227,-0.11987433590227,-0.11987433590227,-0.119874335902271,-0.119874335902271,-0.119874335902271,-0.119874335902271,-0.11987433590227,-0.11987433590227,-0.11987433590227,-0.00174963877585776,-0.00140024329282395,-0.0014012581128604,-0.00353212658748923,-0.00185530610813656,0.00400812275046941
-0.000799388267516798,-0.000798517841144042,-0.000799757697730108,-0.000801602701776982,-0.000801897887980463,-0.000799953904755402,-0.000799205111217116,-0.000805433893779406,-0.000805433893779295,-0.000805433893779406,-0.000799057738014142,-0.000797981121778868,-0.000797324845471681,-0.000796264852265804,-0.000791531152760538,-0.000790769500144228,-0.000775196202105422,-0.000778987552829236,-0.000782688812050791,-0.00069391324715995,-0.000629494055200852,-0.000555893800547769,-0.000435250084157568,-0.00023317766772124,-0.0005890288557443,-0.000655747487275815,-0.00060580159381074,-0.000625112814505946,-0.000646411622828635,-0.000812210246647349,-0.000653887662653063,-0.000599686652573483,-0.000859981161338341,-0.000933214779620273,-0.000935306169789651,-0.000934729624391673,-0.00093811541550326,-0.000971375507814953,-0.0009476723805521,-0.000953127063434145,-0.000957489911747877,-0.000969584049784644,-0.000938518094454832,-0.000946260113850017,-0.000949102640123434,-0.000917313142423104,-0.000844448562796168,-0.000981441035903891,-0.000998575737601121,-0.00102908561993295,-0.00106583629141782,-0.00107488067834283,-0.00110002961137409,-0.0011187951760824,-0.00112750315804977,-0.0011226438495307,-0.00108345163366275,-0.00109007643045825,-0.00122352910249603,-0.0012610227915888,-0.00126600689636316,-0.00125481724632542,-0.00126740401583311,-0.00129108434470669,-0.00135553089579389,-0.00121027107691128,-0.00123096414874435,-0.00151919423117816,0,0.000611871106298414,0.000538968964189784,0.000169324299977014,0.000538968964189784,0.00114226447775797,0.00130503069757095,0.00219768224169486,0.00348658398345431,0.00256438894644695,0.000749747099432485,-0.00448594085260931,-0.00261287580345498,0.0349472697281316,0.0783099657592911,-0.470907846279015,-0.252005283791555,-0.252005283791556,-0.252005283791556,-0.19169914698872,-0.1496030985538,-0.140213983128111,-0.128165904036242,-0.10983437699694,-0.0764459046955784,-0.0476247234165732,-0.0301884726529806,-0.00821236857997332,-0.00639934574395523,-0.0221997897595143,-0.0382381863784513,-0.051558854151514,-0.0765652158757327,-0.0987578665343102,-0.051558854151514,-0.0515588541515141,-0.0515588541515142,-0.0515588541515142,-0.0515588541515143,-0.0515588541515141,-0.0515588541515141,-0.0515588541515141,-0.0515588541515141,-0.0515588541515141,-0.000752532806820527,-0.000602255179709243,-0.000602691661445109,-0.00151919423117816,-0.000797981121778646,0.00172392376364278
-0.00105918945445982,-0.00105803613951583,-0.0010596789494921,-0.00106212357985447,-0.00106251470157426,-0.0010599389238013,-0.00105894677236285,-0.00106719990925774,-0.00106719990925752,-0.00106719990925774,-0.00105875150286849,-0.00105732498635713,-0.0010564554202499,-0.0010550509292524,-0.00104877877740772,-0.00104776958769115,-0.00102713496778961,-0.00103215850749883,-0.00103706267596737,-0.00091943505248715,-0.000834079623141415,-0.000736559285725691,-0.00057670636150875,-0.000308960409730663,-0.000780463233861162,-0.000868865420640574,-0.000802687111799316,-0.000828274479220403,-0.000856495400247903,-0.00107617857680775,-0.000866401153015284,-0.000794584814659771,-0.00113947503877332,-0.00123650958299709,-0.00123928067497125,-0.00123851675231901,-0.00124300292554169,-0.00128707254785482,-0.0012556659042316,-0.00126289335905022,-0.00126867413306592,-0.00128469886596466,-0.00124353647515274,-0.00125379465085129,-0.0012575609981636,-0.00121543991371062,-0.00111889434570495,-0.00130040937257267,-0.00132311285232148,-0.00136353844641121,-0.00141223308612862,-0.00142421689880427,-0.00145753923507069,-0.00148240360830917,-0.00149394168441593,-0.00148750310062816,-0.00143557341460315,-0.00144435127035721,-0.00162117606080724,-0.00167085519885517,-0.00167745913768121,-0.00166263285138118,-0.00167931032097884,-0.00171068675673638,-0.0017960784369269,-0.00160360917690744,-0.00163102749708628,-0.00201293235631106,0,0.000810729215845379,0.00071413387755144,0.000224354697469509,0.000714133877551454,0.00151350043302931,0.00172916567428152,0.00291192897024571,0.00461972377807693,0.00339781535404224,0.000993414906748008,-0.0059438716297073,-0.00346206043957786,0.0463051323897744,0.103760704631061,-0.190844788211586,-0.333907001023811,-0.333907001023811,-0.333907001023811,-0.254001369760053,-0.198224105583784,-0.185783527644747,-0.16981982284802,-0.145530549520945,-0.101290823721641,-0.0631027585269595,-0.0399997262651992,-0.0108813883684646,-0.00847913311074061,-0.0294147214313564,-0.050665596951448,-0.0683154817507561,-0.101448911035346,-0.130854173157961,-0.068315481750756,-0.0683154817507561,-0.0683154817507562,-0.0683154817507562,-0.0683154817507564,-0.0683154817507562,-0.0683154817507561,-0.0683154817507562,-0.0683154817507562,-0.0683154817507561,-0.000997105969036904,-0.000797988113114823,-0.000798566451414739,-0.00201293235631106,-0.00105732498635691,0.00228419898682668
-0.000799388267517021,-0.000798517841144264,-0.000799757697729664,-0.000801602701776982,-0.000801897887980907,-0.00079995390475629,-0.00079920511121756,-0.000805433893779295,-0.000805433893779295,-0.000805433893779295,-0.000799057738013698,-0.000797981121779312,-0.000797324845471792,-0.000796264852266138,-0.000791531152760205,-0.000790769500144339,-0.000775196202105422,-0.000778987552829458,-0.000782688812051013,-0.000693913247160394,-0.000629494055201407,-0.000555893800547658,-0.000435250084157346,-0.00023317766772124,-0.000589028855744411,-0.000655747487275704,-0.000605801593810851,-0.000625112814505835,-0.000646411622828413,-0.00081221024664746,-0.000653887662653174,-0.000599686652573261,-0.000859981161338119,-0.000933214779620606,-0.000935306169789651,-0.000934729624391561,-0.000938115415503038,-0.000971375507814898,-0.000947672380552267,-0.000953127063433978,-0.000957489911747822,-0.000969584049784644,-0.000938518094454999,-0.000946260113850017,-0.000949102640123489,-0.00091731314242316,-0.000844448562796196,-0.000981441035903918,-0.000998575737601093,-0.00102908561993303,-0.00106583629141782,-0.00107488067834283,-0.00110002961137418,-0.00111879517608238,-0.00112750315804977,-0.0011226438495307,-0.00108345163366286,-0.00109007643045828,-0.00122352910249601,-0.00126102279158882,-0.00126600689636319,-0.0012548172463254,-0.00126740401583308,-0.00129108434470673,-0.00135553089579388,-0.00121027107691127,-0.00123096414874441,-0.00151919423117816,0,0.000611871106298401,0.000538968964189757,0.000169324299976958,0.000538968964189784,0.00114226447775797,0.00130503069757096,0.00219768224169489,0.00348658398345419,0.002564388946447,0.00074974709943243,-0.00448594085260923,-0.00261287580345498,0.0349472697281314,0.0783099657592914,0.529092153720986,-0.252005283791555,-0.252005283791555,-0.252005283791556,-0.19169914698872,-0.149603098553799,-0.140213983128111,-0.128165904036242,-0.10983437699694,-0.0764459046955783,-0.0476247234165731,-0.0301884726529804,-0.00821236857997321,-0.00639934574395518,-0.0221997897595142,-0.0382381863784513,-0.051558854151514,-0.0765652158757324,-0.0987578665343101,-0.051558854151514,-0.0515588541515141,-0.051558854151514,-0.051558854151514,-0.0515588541515141,-0.0515588541515142,-0.0515588541515141,-0.0515588541515141,-0.0515588541515141,-0.051558854151514,-0.000752532806820305,-0.000602255179709354,-0.00060269166144522,-0.00151919423117816,-0.000797981121779312,0.00172392376364278
-2.22044604925031e-16,-2.22044604925031e-16,-2.22044604925031e-16,-2.22044604925031e-16,0,0,0,-1.11022302462516e-16,-1.11022302462516e-16,-1.11022302462516e-16,0,0,0,-2.22044604925031e-16,-1.11022302462516e-16,-2.22044604925031e-16,0,-1.11022302462516e-16,-1.11022302462516e-16,0,-1.11022302462516e-16,-1.11022302462516e-16,-1.11022302462516e-16,-5.55111512312578e-17,0,-1.11022302462516e-16,-1.11022302462516e-16,0,0,0,-1.11022302462516e-16,-2.22044604925031e-16,-2.22044604925031e-16,0,-1.11022302462516e-16,-1.11022302462516e-16,-1.11022302462516e-16,-1.11022302462516e-16,0,-5.55111512312578e-17,0,-5.55111512312578e-17,-1.11022302462516e-16,-5.55111512312578e-17,-5.55111512312578e-17,0,-2.77555756156289e-17,0,0,0,-2.77555756156289e-17,-2.77555756156289e-17,-2.77555756156289e-17,-2.77555756156289e-17,-2.77555756156289e-17,-2.77555756156289e-17,0,0,-2.77555756156289e-17,0,0,0,-2.77555756156289e-17,0,-1.38777878078145e-17,-2.77555756156289e-17,0,0,0,-1.38777878078145e-17,0,-5.55111512312578e-17,0,0,3.46944695195361e-18,1.38777878078145e-17,0,2.77555756156289e-17,5.55111512312578e-17,0,2.77555756156289e-17,0,1.11022302462516e-16,1.11022302462516e-16,2.22044604925031e-16,-1,-1,1.11022302462516e-16,0,2.22044604925031e-16,0,1.11022302462516e-16,1.11022302462516e-16,0,5.55111512312578e-17,5.55111512312578e-17,5.55111512312578e-17,5.55111512312578e-17,1.11022302462516e-16,0,0,1.11022302462516e-16,5.55111512312578e-17,0,0,0,0,5.55111512312578e-17,5.55111512312578e-17,5.55111512312578e-17,5.55111512312578e-17,5.55111512312578e-17,-1.11022302462516e-16,0,-2.22044604925031e-16,0,0,0
0,0,0,0,0,0,0,0,0,0,0,0,0,0,0,0,0,0,0,0,0,0,0,0,0,0,0,0,0,0,0,0,0,0,0,0,0,0,0,0,0,0,0,0,0,0,0,0,0,0,0,0,0,0,0,0,0,0,0,0,0,0,0,0,0,0,0,0,0,0,0,0,0,0,0,0,0,0,0,0,0,0,0,0,0,0,-1,0,0,0,0,0,0,0,0,0,0,0,0,0,0,0,0,0,0,0,0,0,0,0,0,0,0,0,0,0,0,0
-0.000928752010115996,-0.00092774072401558,-0.000929181224636588,-0.000931324802779132,-0.000931667758501398,-0.000929409183536789,-0.000928539213920665,-0.00093577599054151,-0.000935775990541288,-0.000935775990541288,-0.000928367991544166,-0.000927117148202372,-0.000926354667734719,-0.000925123137500261,-0.000919623390869373,-0.000918738481211268,-0.000900644980912246,-0.00090504987994422,-0.00090935010810822,-0.00080620813356147,-0.000731364085364561,-0.000645853217577486,-0.000505685918833709,-0.000270912441938775,-0.000684350466498618,-0.000761866068947126,-0.000703837510313443,-0.000726273835397473,-0.000751019396280306,-0.000943648949907061,-0.000759705271838773,-0.000696732997779614,-0.000999150556381445,-0.00108423545561198,-0.00108666529215362,-0.0010859954453234,-0.00108992915367068,-0.00112857167426583,-0.00110103270730111,-0.00110737011291084,-0.00111243899408658,-0.0011264903074078,-0.001090396997522,-0.00109939189570568,-0.00110269442352301,-0.0010657604815458,-0.000981104341914202,-0.00114026609089093,-0.00116017367434026,-0.00119562092281211,-0.001238318897503,-0.00124882692329992,-0.00127804566850068,-0.0012998480349502,-0.00130996521590568,-0.00130431953315271,-0.00125878490280187,-0.00126648178001465,-0.00142153088749697,-0.0014650921211635,-0.00147088279575297,-0.00145788234229707,-0.00147250600886326,-0.00150001848801173,-0.00157489432282121,-0.00140612733654139,-0.00143016913555374,-0.00176504303765349,0,0.000710889242434662,0.00062618946164425,0.000196725784396945,0.00062618946164425,0.0013271153367019,0.00151622175716487,0.00255332969285305,0.00405081237072474,0.00297937996529352,0.000871077490090189,-0.00521189358590624,-0.00303571337390147,0.0406027312720904,0.0909827440136651,0.169025979876159,0.206924248200294,0.206924248200293,0.206924248200294,-0.428382984972669,-0.173813132050266,-0.162904590883028,-0.148906790153025,-0.127608701004027,-0.0888170248878656,-0.0553317572970282,-0.0350738255714762,-0.00954136323535448,-0.00743494177314369,-0.0257923467244963,-0.0444262117737509,-0.0599025422041961,-0.0889556440081358,-0.11473969632225,-0.0599025422041963,-0.0599025422041961,-0.0599025422041963,-0.0599025422041962,-0.0599025422041962,-0.059902542204196,-0.0599025422041963,-0.0599025422041963,-0.0599025422041963,-0.0599025422041963,-0.00087431400411131,-0.000699717185611126,-0.00070022430249761,-0.00176504303765349,-0.000927117148202372,0.00200290362747316
-0.000929825711861954,-0.000928813256644512,-0.00093025542258407,-0.000932401478851652,-0.000932744831054433,-0.000930483645020463,-0.000929612669659297,-0.000936857812495751,-0.000936857812495639,-0.000936857812495751,-0.000929441249337692,-0.000928188959934073,-0.000927425597986309,-0.000926192644017831,-0.00092068653929811,-0.000919800606623111,-0.000901686188982564,-0.00090609618038362,-0.000910401379909498,-0.000807140166085629,-0.000732209592977651,-0.000646599868695974,-0.000506270526832386,-0.00027122563551335,-0.000685141623107399,-0.000762746838969042,-0.000704651195296446,-0.000727113458328599,-0.000751887626796233,-0.000944739873548484,-0.000760583543829574,-0.000697538469453252,-0.00100030564372988,-0.00108548890700572,-0.00108792155260701,-0.00108725093138734,-0.00109118918737422,-0.00112987638140361,-0.00110230557748292,-0.00110865030957313,-0.00111372505072715,-0.00112779260834125,-0.00109165757208557,-0.00110066286899557,-0.00110396921476402,-0.00106699257458802,-0.000982238566586954,-0.00114158431758558,-0.00116151491558229,-0.00119700314353217,-0.00123975048004345,-0.00125027065384709,-0.00127952317794405,-0.00130135074944149,-0.00131147962655993,-0.00130582741700609,-0.00126024014546411,-0.00126794592080079,-0.00142317427580624,-0.00146678586928045,-0.00147258323829141,-0.00145956775540955,-0.00147420832794866,-0.0015017526134314,-0.00157671500989962,-0.00140775291727728,-0.00143182251027694,-0.00176708354983574,0,0.000711711079709125,0.00062691338009703,0.000196953213049522,0.000626913380097002,0.00132864957408537,0.0015179746146876,0.00255628151908756,0.00405549539080649,0.00298282433519564,0.000872084516090305,-0.00521791889641021,-0.00303922286913141,0.0406496708458153,0.0910879263766867,0.169221385633241,0.20716346698434,0.20716346698434,0.20716346698434,-0.0173175317761051,-0.174014072087318,-0.163092919889829,-0.149078936731237,-0.127756225513858,-0.0889197035293545,-0.0553957246465045,-0.0351143733467033,-0.00955239371308331,-0.00744353708155193,-0.0258221644663742,-0.0444775715561483,-0.0599717936980739,-0.0890584829029429,-0.114872343370021,-0.0599717936980739,-0.0599717936980738,-0.0599717936980739,-0.0599717936980739,-0.059971793698074,-0.0599717936980738,-0.059971793698074,-0.059971793698074,-0.059971793698074,-0.059971793698074,-0.000875324771746122,-0.000700526107213106,-0.00070103381036174,-0.00176708354983574,-0.000928188959934295,0.00200521912299625
-0.000928752010115996,-0.000927740724015802,-0.000929181224636366,-0.00093132480277891,-0.000931667758501398,-0.000929409183536345,-0.000928539213920443,-0.000935775990541288,-0.00093577599054151,-0.000935775990541288,-0.000928367991543944,-0.000927117148201928,-0.000926354667734497,-0.000925123137500483,-0.000919623390869484,-0.000918738481211268,-0.000900644980912135,-0.000905049879944553,-0.000909350108108331,-0.000806208133561359,-0.000731364085364339,-0.000645853217577264,-0.000505685918833709,-0.000270912441938886,-0.00068435046649884,-0.000761866068947237,-0.000703837510313221,-0.000726273835397473,-0.000751019396280306,-0.000943648949906839,-0.000759705271839106,-0.000696732997779392,-0.000999150556381334,-0.00108423545561209,-0.00108666529215362,-0.00108599544532328,-0.00108992915367034,-0.00112857167426561,-0.001101032707301,-0.00110737011291073,-0.00111243899408653,-0.00112649030740786,-0.00109039699752189,-0.00109939189570574,-0.00110269442352295,-0.00106576048154577,-0.00098110434191423,-0.00114026609089091,-0.00116017367434029,-0.00119562092281217,-0.00123831889750292,-0.00124882692329992,-0.00127804566850073,-0.00129984803495026,-0.00130996521590573,-0.00130431953315274,-0.00125878490280193,-0.00126648178001465,-0.00142153088749702,-0.00146509212116352,-0.001470882795753,-0.00145788234229707,-0.00147250600886328,-0.00150001848801173,-0.00157489432282121,-0.00140612733654144,-0.00143016913555377,-0.00176504303765348,0,0.000710889242434593,0.000626189461644278,0.000196725784397112,0.00062618946164425,0.0013271153367019,0.00151622175716488,0.00255332969285305,0.00405081237072469,0.00297937996529357,0.000871077490090133,-0.00521189358590629,-0.00303571337390149,0.0406027312720904,0.0909827440136648,0.169025979876158,0.206924248200293,0.206924248200293,0.206924248200294,0.571617015027332,-0.173813132050266,-0.162904590883028,-0.148906790153025,-0.127608701004027,-0.0888170248878657,-0.0553317572970279,-0.0350738255714761,-0.00954136323535471,-0.00743494177314363,-0.0257923467244963,-0.0444262117737509,-0.0599025422041963,-0.0889556440081358,-0.11473969632225,-0.0599025422041962,-0.0599025422041962,-0.0599025422041962,-0.0599025422041962,-0.0599025422041964,-0.0599025422041962,-0.0599025422041962,-0.0599025422041962,-0.0599025422041962,-0.0599025422041963,-0.000874314004111421,-0.000699717185611348,-0.00070022430249761,-0.00176504303765348,-0.000927117148202372,0.00200290362747317
-7.84522238377328e-05,-7.83667999112447e-05,-7.8488479838712e-05,-7.86695491343803e-05,-7.86985188039324e-05,-7.85077356600938e-05,-7.8434248819037e-05,-7.90455435599746e-05,-7.90455435599746e-05,-7.90455435599746e-05,-7.84197855652202e-05,-7.83141260988218e-05,-7.82497189291131e-05,-7.81456908520717e-05,-7.76811240473796e-05,-7.76063752127021e-05,-7.60780066921818e-05,-7.64500910819255e-05,-7.68133338623356e-05,-6.81008711315156e-05,-6.17787507397605e-05,-5.45555978774259e-05,-4.27155844228144e-05,-2.28841319361295e-05,-5.78074829410968e-05,-6.43552710782869e-05,-5.94535648948957e-05,-6.1348774356984e-05,-6.34390463136181e-05,-7.97105770282136e-05,-6.41727472865949e-05,-5.88534425785547e-05,-8.43988300894827e-05,-9.15860011392322e-05,-9.17912508488494e-05,-9.17346684964904e-05,-9.20669511342842e-05,-9.53311073809138e-05,-9.30048747837531e-05,-9.35401991308815e-05,-9.39683704793692e-05,-9.51552931087729e-05,-9.21064701771557e-05,-9.28662744715536e-05,-9.3145240921938e-05,-9.00254093074149e-05,-8.28744558308558e-05,-9.63189415720683e-05,-9.8000546753893e-05,-0.00010099479650115,-0.000104601519319916,-0.000105489138386081,-0.000107957262830277,-0.000109798921436949,-0.000110653525611445,-0.000110176631497372,-0.000106330294720985,-0.0001069804544271,-0.000120077542943284,-0.000123757185751083,-0.000124246327410121,-0.000123148171526297,-0.000124383441168038,-0.000126707436323883,-0.000133032241749376,-0.000118776396012432,-0.000120807220793495,-0.00014909421456452,0,6.00492288188315e-05,5.28945889481103e-05,1.66175417162795e-05,5.28945889481103e-05,0.000112102206315119,0.000128076135917154,0.000215681247969057,0.000342174482931779,0.000251669962906542,7.3580423502001e-05,-0.000440251690189741,-0.000256428478778936,0.00342973638548472,0.00768536543770393,0.0142777230770172,0.0174790119003506,0.0174790119003505,0.0174790119003505,0.0233974757251284,0.0275287955714439,-0.246240965504054,-0.152860485652519,-0.0107791813808048,-0.00750242588034461,-0.00467390580211702,-0.00296270649711983,-0.00080596451593673,-0.000628033866796524,-0.00217869456700434,-0.0037527080128823,-0.00506000266839141,-0.00751413511826082,-0.0096921290515839,-0.00506000266839152,-0.00506000266839152,-0.00506000266839152,-0.00506000266839152,-0.00506000266839152,-0.00506000266839152,-0.00506000266839141,-0.00506000266839146,-0.00506000266839146,-0.00506000266839146,-7.38538137284861e-05,-5.9105518664837e-05,-5.91483551236616e-05,-0.00014909421456452,-7.83141260988218e-05,0.00016918643728004
-0.000147933982763249,-0.000147772902540755,-0.000148002349144249,-0.000148343783723748,-0.000148398410583228,-0.000148038659018024,-0.000147900088043995,-0.000149052780233472,-0.000149052780233472,-0.000149052780233472,-0.000147872815308592,-0.00014767357779899,-0.000147552127970352,-0.000147355966702012,-0.000146479953068268,-0.000146339002407014,-0.000143457023652149,-0.00014415864717543,-0.000144843598456568,-0.000128414882374361,-0.000116493531986839,-0.00010287314343993,-8.05469395334102e-05,-4.31516229085771e-05,-0.000109005083178793,-0.000121351965523764,-0.000112109029089646,-0.000115682744023182,-0.000119624279909414,-0.00015030680522865,-0.000121007788263516,-0.00011097740426036,-0.000159147242295044,-0.000172699781486263,-0.000173086812031875,-0.000172980117124744,-0.000173606688196992,-0.000179761767177711,-0.000175375290464852,-0.000176384728551748,-0.000177192112839619,-0.000179430241769751,-0.000173681207555676,-0.000175113937819993,-0.000175639972851804,-0.000169757040619806,-0.00015627279534805,-0.000181624483606313,-0.000184795414139738,-0.000190441542048309,-0.000197242584073692,-0.000198916329153309,-0.000203570365216538,-0.000207043101606297,-0.000208654591925289,-0.00020775533321471,-0.000200502461459834,-0.000201728439641863,-0.000226425055901064,-0.000233363600012054,-0.0002342859533912,-0.000232215208093745,-0.00023454450290461,-0.000238926760570579,-0.000250853174010857,-0.000223971539120738,-0.000227800978025827,-0.000281140545016344,0,0.000113232246920156,9.9741050373553e-05,3.13349833768184e-05,9.97410503735807e-05,0.000211386306792803,0.00024150765849975,0.000406700848728,0.000645223699008712,0.000474563219924062,0.000138747438499287,-0.000830163668562423,-0.000483536148550054,0.00646730632368231,0.0144919629116183,0.0269228880489393,0.0329594206345628,0.0329594206345627,0.0329594206345627,0.0441196132028498,0.0519098652701249,-0.464325993127002,-0.288242440347778,-0.0203258385114475,-0.0141470016600279,-0.0088133830571514,-0.00558664815906251,-0.00151977260778435,-0.00118425643889414,-0.00410827059776148,-0.00707632002429159,-0.00954142930448931,-0.0141690812661288,-0.0182760307091049,-0.00954142930448953,-0.00954142930448953,-0.00954142930448953,-0.00954142930448953,-0.00954142930448953,-0.00954142930448953,-0.00954142930448931,-0.00954142930448942,-0.00954142930448942,-0.00954142930448931,-0.000139262958685715,-0.00011145273328983,-0.000111533508156958,-0.000281140545016344,-0.00014767357779899,0.000319027584841008
-0.000226386206600981,-0.000226139702452333,-0.000226490828982406,-0.000227013332857684,-0.000227096929387383,-0.000226546394677118,-0.000226334336863143,-0.000228098323793224,-0.000228098323793224,-0.000228098323793002,-0.000226292600873368,-0.000225987703897701,-0.000225801846899687,-0.000225501657554084,-0.000224161077115204,-0.000223945377619161,-0.000219535030344442,-0.000220608738257244,-0.000221656932318792,-0.000196515753505766,-0.000178272282726155,-0.000157428741317522,-0.000123262523956225,-6.60357548446511e-05,-0.000166812566119945,-0.000185707236601829,-0.000171562593983987,-0.00017703151838,-0.000183063326222532,-0.000230017382256698,-0.000185180535550167,-0.000169830846838526,-0.000243546072384304,-0.000264285782625717,-0.000264878062880447,-0.000264714785621067,-0.000265673639331054,-0.000275092874558402,-0.000268380165248439,-0.000269924927682408,-0.00027116048331921,-0.000274585534878469,-0.000265787677732776,-0.000267980212291519,-0.000268785213773659,-0.000259782449927193,-0.000239147251178823,-0.00027794342517834,-0.000282795960893645,-0.000291436338549417,-0.000301844103393539,-0.000304405467539348,-0.000311527628046787,-0.00031684202304319,-0.000319308117536776,-0.000317931964712082,-0.000306832756180819,-0.000308708894068921,-0.000346502598844334,-0.00035712078576311,-0.000358532280801294,-0.000355363379620055,-0.000358927944072607,-0.000365634196894421,-0.000383885415760205,-0.000342747935133197,-0.000348608198819322,-0.000430234759580851,0,0.000173281475739043,0.000152635639321747,4.79525250931534e-05,0.000152635639321747,0.000323488513107921,0.000369583794416886,0.000622382096697016,0.000987398181940602,0.000726233182830549,0.000212327862001205,-0.00127041535875211,-0.000739964627329004,0.0098970427091668,0.0221773283493221,0.0412006111259564,0.050438432534913,0.0504384325349132,0.0504384325349132,0.0675170889279779,0.0794386608415687,0.289433041368945,-0.441102926000297,-0.0311050198922527,-0.0216494275403727,-0.0134872888592685,-0.00854935465618256,-0.00232573712372131,-0.00181229030569074,-0.00628696516476579,-0.010829028037174,-0.0146014319728812,-0.0216832163843899,-0.0279681597606889,-0.0146014319728812,-0.0146014319728812,-0.014601431972881,-0.0146014319728811,-0.014601431972881,-0.0146014319728812,-0.0146014319728811,-0.0146014319728812,-0.0146014319728812,-0.0146014319728812,-0.000213116772413979,-0.000170558251954001,-0.000170681863280953,-0.000430234759580851,-0.000225987703897257,0.000488214022121042
-0.00123705406798003,-0.00123570708237963,-0.00123762576156805,-0.00124048090700324,-0.00124093770792078,-0.00123792939211986,-0.00123677063344063,-0.00124640968009704,-0.00124640968009793,-0.00124640968009748,-0.00123654257327388,-0.00123487650867649,-0.00123386092049671,-0.00123222058005101,-0.00122489517577784,-0.00122371651766562,-0.0011996168248456,-0.00120548394352493,-0.00121121164552251,-0.00107383137845041,-0.000974142620550067,-0.000860246159815281,-0.0006735498994348,-0.000360842651985216,-0.000911522687742083,-0.00101476983046278,-0.000937478515090628,-0.000967362646606462,-0.00100032257177562,-0.0012568960922974,-0.00101189175017491,-0.000928015637987167,-0.0013308216260477,-0.00144415071666648,-0.00144738714484771,-0.0014464949403219,-0.00145173445513325,-0.00150320447810914,-0.00146652386720247,-0.00147496499390254,-0.00148171650561935,-0.00150043219518481,-0.00145235760117579,-0.00146433838320192,-0.00146873719518448,-0.00141954291870194,-0.0013067849157366,-0.00151878089194346,-0.00154529685833871,-0.00159251092887991,-0.00164938262628733,-0.00166337882324513,-0.0017022968198882,-0.00173133654827029,-0.0017448121582514,-0.00173729237391718,-0.00167664238436555,-0.00168689426340657,-0.00189341239425184,-0.00195143391208052,-0.00195914681873305,-0.00194183082516525,-0.00196130886237811,-0.00199795419275711,-0.00209768528893312,-0.00187289558765175,-0.00190491813505511,-0.00235095444866876,0,0.000946871091162982,0.000834054960223152,0.000262029507570261,0.000834054960223152,0.00176765531386915,0.00201953618644564,0.00340091525944389,0.00539549187216315,0.00396839421717055,0.00116023431541079,-0.00694199753228952,-0.00404342767230489,0.0540809315557123,0.121184742937137,0.22513466859071,0.275613382487635,0.275613382487635,0.275613382487635,0.368937183808751,0.434080856887804,0.291468982293294,0.108469938543839,-0.169968797878776,-0.118300106752779,-0.0736993026204324,-0.046716688771917,-0.0127086478153777,-0.00990299333460065,-0.0343541947589991,-0.0591736280526363,-0.0797873734958605,-0.118484740912127,-0.152827887905961,-0.0797873734958605,-0.0797873734958603,-0.0797873734958603,-0.0797873734958605,-0.0797873734958603,-0.0797873734958603,-0.0797873734958605,-0.0797873734958605,-0.0797873734958605,-0.0797873734958605,-0.00116454520011633,-0.000931990436057406,-0.000932665891937967,-0.00235095444866876,-0.00123487650867649,0.00266777358557946
-0.000395137447394278,-0.000394707195826571,-0.000395320056667758,-0.000396232041768863,-0.000396377952245452,-0.000395417041758717,-0.000395046913274855,-0.000398125799145443,-0.000398125799145665,-0.000398125799145554,-0.000394974066732057,-0.000394441895560815,-0.000394117498324187,-0.000393593543912552,-0.000391253677272552,-0.000390877192549599,-0.000383179314704107,-0.00038505337854533,-0.000386882910176412,-0.000343001167689705,-0.000311158775065046,-0.000274778185140212,-0.000215144022273628,-0.000115259670621481,-0.0002911568357431,-0.000324135840850004,-0.00029944759653433,-0.000308993128738999,-0.000319521125076938,-0.000401475348899449,-0.00032321652994205,-0.000296424982405785,-0.000425088501678772,-0.000461287863324888,-0.000462321637032304,-0.000462036650766884,-0.000463710246579596,-0.000480150703001336,-0.000468434252332284,-0.000471130500898587,-0.000473287055874683,-0.000479265185685196,-0.000463909290698172,-0.00046773616920745,-0.000469141229328368,-0.000453427687504421,-0.000417410741585689,-0.000485126091354482,-0.000493595770690108,-0.000508676798914837,-0.000526842647865344,-0.0005313132863623,-0.000543744398509516,-0.000553020213078098,-0.000557324566677397,-0.000554922611529507,-0.000535549907719535,-0.000538824543339866,-0.000604790170206954,-0.00062332329260005,-0.000625786934509917,-0.000620255892921223,-0.00062647753036113,-0.000638182711791502,-0.00067003862802735,-0.000598236731033597,-0.000608465311956255,-0.00075093737923955,0,0.000302447755241818,0.000266412242196493,8.36969647836638e-05,0.000266412242196506,0.000564621083810198,0.000645076390989908,0.00108631385579959,0.00172341770742721,0.00126757690048776,0.000370599828768192,-0.00221739959127526,-0.00129154394339909,0.0172744278530264,0.0387085991038926,0.0719120857927315,0.0880359001620846,0.0880359001620846,0.0880359001620846,0.117845210514497,0.138653278133043,0.093100465564904,0.0346472605721939,-0.0542911087468575,-0.0377871941240692,-0.0235408904638321,-0.014922155490081,-0.00405937200933953,-0.00316319521440439,-0.010973351267106,-0.0189011272400895,-0.0254855304335291,-0.037846169614563,-0.0488159920256231,-0.0254855304335291,-0.025485530433529,-0.025485530433529,-0.0254855304335291,-0.025485530433529,-0.025485530433529,-0.0254855304335291,-0.0254855304335291,-0.0254855304335291,-0.0254855304335291,-0.000371976803326235,-0.00029769460481277,-0.000297910357639819,-0.00075093737923955,-0.000394441895560815,0.000852135142768898
-0.000226386206600981,-0.000226139702451666,-0.000226490828982406,-0.000227013332857462,-0.000227096929387383,-0.000226546394677118,-0.000226334336863143,-0.000228098323793446,-0.000228098323793557,-0.000228098323793446,-0.000226292600873368,-0.000225987703897257,-0.000225801846899243,-0.000225501657554084,-0.000224161077115204,-0.000223945377619161,-0.000219535030344331,-0.000220608738257244,-0.00022165693231857,-0.000196515753505877,-0.000178272282726266,-0.0001574287413173,-0.000123262523956225,-6.60357548447066e-05,-0.000166812566119723,-0.000185707236601718,-0.000171562593984098,-0.00017703151838,-0.000183063326222421,-0.000230017382256698,-0.000185180535550167,-0.000169830846838748,-0.000243546072384304,-0.000264285782625606,-0.000264878062880669,-0.000264714785620956,-0.000265673639331054,-0.000275092874558291,-0.000268380165248494,-0.000269924927682463,-0.000271160483319044,-0.000274585534878413,-0.000265787677732887,-0.000267980212291519,-0.000268785213773715,-0.000259782449927193,-0.000239147251178823,-0.00027794342517834,-0.000282795960893589,-0.000291436338549417,-0.000301844103393567,-0.000304405467539348,-0.000311527628046787,-0.00031684202304319,-0.000319308117536721,-0.000317931964712109,-0.000306832756180792,-0.000308708894068976,-0.00034650259884432,-0.00035712078576311,-0.000358532280801308,-0.000355363379620013,-0.000358927944072593,-0.000365634196894449,-0.000383885415760149,-0.000342747935133184,-0.000348608198819295,-0.000430234759580848,0,0.000173281475739057,0.000152635639321733,4.79525250931534e-05,0.000152635639321747,0.000323488513107921,0.000369583794416883,0.00062238209669703,0.000987398181940546,0.000726233182830577,0.000212327862001288,-0.00127041535875216,-0.000739964627329018,0.00989704270916664,0.0221773283493219,0.0412006111259564,0.050438432534913,0.0504384325349131,0.0504384325349131,0.067517088927978,0.0794386608415686,0.289433041368944,0.558897073999703,-0.0311050198922526,-0.0216494275403726,-0.0134872888592688,-0.00854935465618245,-0.00232573712372153,-0.00181229030569058,-0.0062869651647659,-0.0108290280371739,-0.0146014319728812,-0.0216832163843899,-0.0279681597606892,-0.0146014319728811,-0.014601431972881,-0.0146014319728811,-0.0146014319728811,-0.0146014319728811,-0.014601431972881,-0.0146014319728812,-0.0146014319728812,-0.0146014319728812,-0.0146014319728812,-0.000213116772414312,-0.000170558251954001,-0.000170681863280953,-0.000430234759580848,-0.000225987703897479,0.000488214022121035
-0.00034561973664049,-0.000345243403204964,-0.000345779461742968,-0.00034657715898101,-0.000346704784293994,-0.000345864292886189,-0.000345540548047918,-0.00034823359506464,-0.00034823359506464,-0.000348233595064418,-0.000345476830465152,-0.000345011349754065,-0.000344727605228856,-0.00034426931157161,-0.000342222671605441,-0.000341893367077128,-0.000335160169474102,-0.000336799379970776,-0.000338399638930564,-0.000300017054891466,-0.000272165077242703,-0.000240343618680527,-0.000188182671140291,-0.000100815595353687,-0.000254669734681912,-0.000283515887165908,-0.000261921516511499,-0.000270270824703989,-0.000279479476897215,-0.000351163386992814,-0.000282711782174427,-0.000259277689392934,-0.000371817394094864,-0.000403480335486983,-0.000404384559064663,-0.000404135286618867,-0.000405599151276026,-0.00041997932773441,-0.000409731155557091,-0.000412089516490632,-0.000413975816986434,-0.000419204781399451,-0.000405773251646258,-0.000409120554594355,-0.000410349535831467,-0.000396605178715537,-0.00036510179313376,-0.000424331211929585,-0.000431739490645594,-0.000444930599303311,-0.000460819946090124,-0.000464730334513525,-0.000475603608446062,-0.000483716999392564,-0.000487481941356865,-0.000485380993671264,-0.000468436032283831,-0.00047130029814399,-0.000528999265264229,-0.000545209859635576,-0.000547364763641006,-0.000542526859388104,-0.000547968815617833,-0.000558207130791299,-0.000586070937303479,-0.00052326708792666,-0.000532213846752005,-0.00065683164417378,0,0.000264545702270552,0.000233026076351589,7.32082547906243e-05,0.000233026076351589,0.000493864075843169,0.000564236910061217,0.000950179516587907,0.00150744298747518,0.00110872709586946,0.000324157115613066,-0.00193952020447097,-0.0011296906444111,0.0151096365190326,0.0486600310990962,0.10063265307763,0.125870873295994,0.125870873295994,0.125870873295994,0.17253067239798,0.20510104196721,0.212365547086155,0.221687333885886,0.235870722413706,-0.392362237995187,-0.0714501236311649,-0.0508810563559091,-0.0249564485228096,-0.0137579979666085,0.00311426801717574,0.00769004713513421,0.0114904540512014,0.107773316571936,0.193222449712366,0.0114904540512014,0.0114904540512014,0.0114904540512014,0.0114904540512016,0.0114904540512014,0.0114904540512014,0.0114904540512014,0.0114904540512013,0.0114904540512013,0.0114904540512014,-0.000325361530905122,-0.00026038820565677,-0.000260576920838917,-0.00065683164417378,-0.000345011349754065,0.000745347538099586
-0.000345619736640934,-0.000345243403204964,-0.00034577946174319,-0.00034657715898101,-0.000346704784294105,-0.000345864292886522,-0.000345540548047918,-0.00034823359506464,-0.000348233595064751,-0.000348233595064529,-0.000345476830465374,-0.000345011349754176,-0.000344727605229189,-0.000344269311571832,-0.000342222671605552,-0.000341893367077239,-0.000335160169474102,-0.000336799379970887,-0.000338399638930675,-0.000300017054891466,-0.000272165077242703,-0.000240343618680638,-0.000188182671140402,-0.000100815595353632,-0.000254669734682023,-0.000283515887165908,-0.000261921516511388,-0.000270270824704211,-0.000279479476897437,-0.000351163386992925,-0.000282711782174427,-0.000259277689392934,-0.000371817394094753,-0.000403480335487039,-0.000404384559064719,-0.000404135286619034,-0.000405599151276248,-0.000419979327734354,-0.000409731155557091,-0.000412089516490799,-0.000413975816986545,-0.000419204781399451,-0.000405773251646313,-0.000409120554594355,-0.00041034953583155,-0.000396605178715537,-0.000365101793133774,-0.000424331211929641,-0.000431739490645622,-0.000444930599303311,-0.000460819946090152,-0.000464730334513538,-0.000475603608446035,-0.000483716999392578,-0.000487481941356893,-0.000485380993671264,-0.000468436032283845,-0.000471300298144031,-0.000528999265264285,-0.000545209859635618,-0.000547364763641034,-0.00054252685938809,-0.000547968815617847,-0.000558207130791341,-0.000586070937303493,-0.000523267087926674,-0.000532213846752005,-0.00065683164417378,0,0.000264545702270552,0.000233026076351575,7.32082547906521e-05,0.000233026076351575,0.000493864075843169,0.00056423691006122,0.000950179516587907,0.00150744298747521,0.00110872709586948,0.000324157115613122,-0.001939520204471,-0.00112969064441109,0.0151096365190327,0.0486600310990962,0.10063265307763,0.125870873295994,0.125870873295994,0.125870873295994,0.17253067239798,0.20510104196721,0.212365547086156,0.221687333885886,0.235870722413706,0.0709289012453196,-0.0714501236311651,-0.050881056355909,-0.0249564485228096,-0.0137579979666084,0.00311426801717568,0.0076900471351341,0.0114904540512015,0.107773316571936,0.193222449712366,0.0114904540512013,0.0114904540512014,0.0114904540512014,0.0114904540512015,0.0114904540512015,0.0114904540512014,0.0114904540512014,0.0114904540512014,0.0114904540512014,0.0114904540512015,-0.000325361530905011,-0.000260388205656881,-0.000260576920838806,-0.00065683164417378,-0.000345011349754176,0.000745347538099586
-0.000345619736640934,-0.00034524340320452,-0.000345779461743856,-0.00034657715898101,-0.000346704784294216,-0.000345864292886855,-0.000345540548047696,-0.000348233595064862,-0.000348233595065084,-0.000348233595064862,-0.000345476830465596,-0.000345011349754287,-0.000344727605229522,-0.000344269311572054,-0.000342222671605663,-0.000341893367077573,-0.000335160169474102,-0.000336799379970998,-0.000338399638930786,-0.000300017054891466,-0.000272165077242814,-0.000240343618680638,-0.000188182671140402,-0.000100815595353576,-0.000254669734682134,-0.000283515887165686,-0.000261921516511388,-0.000270270824704433,-0.000279479476897659,-0.000351163386993258,-0.000282711782174649,-0.000259277689392823,-0.000371817394094753,-0.000403480335487094,-0.000404384559064774,-0.000404135286619089,-0.00040559915127647,-0.000419979327734299,-0.000409731155557203,-0.000412089516490854,-0.000413975816986656,-0.000419204781399451,-0.000405773251646369,-0.000409120554594411,-0.000410349535831578,-0.000396605178715592,-0.000365101793133815,-0.000424331211929641,-0.000431739490645622,-0.000444930599303339,-0.000460819946090235,-0.00046473033451358,-0.000475603608446007,-0.000483716999392564,-0.000487481941356893,-0.000485380993671264,-0.000468436032283887,-0.000471300298144101,-0.000528999265264313,-0.000545209859635631,-0.000547364763641062,-0.000542526859388076,-0.000547968815617861,-0.00055820713079141,-0.000586070937303479,-0.000523267087926715,-0.000532213846752033,-0.00065683164417378,0,0.000264545702270552,0.000233026076351589,7.32082547907353e-05,0.000233026076351561,0.000493864075843169,0.000564236910061217,0.000950179516587879,0.00150744298747529,0.00110872709586951,0.000324157115613177,-0.00193952020447102,-0.00112969064441108,0.0151096365190329,0.0486600310990962,0.10063265307763,0.125870873295994,0.125870873295994,0.125870873295994,0.172530672397981,0.205101041967211,0.212365547086156,0.221687333885886,0.235870722413706,0.607637762004814,-0.0714501236311653,-0.0508810563559088,-0.0249564485228095,-0.0137579979666085,0.00311426801717563,0.0076900471351341,0.0114904540512014,0.107773316571936,0.193222449712366,0.0114904540512012,0.0114904540512015,0.0114904540512015,0.0114904540512015,0.0114904540512017,0.0114904540512013,0.0114904540512014,0.0114904540512016,0.0114904540512016,0.0114904540512014,-0.000325361530905122,-0.000260388205657103,-0.000260576920838584,-0.00065683164417378,-0.000345011349754287,0.000745347538099586
0.000625384649095118,0.000624703689273698,0.000625673665075155,0.000627117065304272,0.00062734799804165,0.000625827163528214,0.000625241360605155,0.000630114318034281,0.000630114318033392,0.000630114318033836,0.000625126066269299,0.000624283798132286,0.000623770374124089,0.000622941110667075,0.000619237800117745,0.000618641937163655,0.00060645849399199,0.000609424577732387,0.000612320180273684,0.000542868478574654,0.000492471474521583,0.000434891858583031,0.000340508776785819,0.000182421658948773,0.000460814374222407,0.000513010296609551,0.000473936174148815,0.000489043902731856,0.000505706578818543,0.000635415655608984,0.000511555301813349,0.000469152278093077,0.000672788229032051,0.00073008101469374,0.000731717169939694,0.000731266121736684,0.000733914924417434,0.000759935260222555,0.000741391615628251,0.000745658972404639,0.000749072155299846,0.000758533750596868,0.000734229951852017,0.00074028675838711,0.000742510549213482,0.000717640702266598,0.000660636626258759,0.000767809815063747,0.000781214789647044,0.000805083556342012,0.000833834673570788,0.000840910360033864,0.00086058510045478,0.000875265946517989,0.000882078453616542,0.000878276875489192,0.00084761566720809,0.000852798438068847,0.000957202337731222,0.000986534739205458,0.000990433949066338,0.000981679960989801,0.000991526956188094,0.00101005276494071,0.00106047117283431,0.000946830199416271,0.000963018990261633,0.00118850975149267,0,-0.000478684529974988,-0.000421651067747109,-0.000132467315605456,-0.000421651067747053,-0.000893626662567168,-0.00102096340166952,-0.00171931061962433,-0.00272765587091517,-0.00200619592078655,-0.00058654892214649,0.00350948176245425,0.0020441285966688,-0.0273402636789359,0.00689394652565389,0.0599258612904974,0.0856784805058493,0.0856784805058499,0.0856784805058497,0.1332892877871,0.166523498359896,0.173936066777855,0.183447847869514,0.197920318621416,0.238110569887355,0.272803098102764,-0.446243869700792,-0.0921394719785471,-0.0456032850292418,0.0759028522447693,0.141448945275089,0.195888160729347,0.196760171358314,0.197534063517144,0.195888160729347,0.195888160729347,0.195888160729347,0.195888160729347,0.195888160729347,0.195888160729347,0.195888160729347,0.195888160729347,0.195888160729347,0.195888160729347,0.000588728261909033,0.000471161711439905,0.000471503183773203,0.00118850975149267,0.000624283798132286,-0.00134867560833901
0.00349812335782662,0.00349431437169156,0.0034997399845732,0.00350781372297371,0.00350910545791283,0.00350059858659202,0.00349732186578733,0.00352457902061154,0.00352457902061143,0.00352457902061154,0.00349667696059308,0.00349196568754839,0.00348909382218221,0.00348445529151653,0.00346374062070809,0.00346040762857536,0.00339225887052919,0.0034088498227165,0.00342504653445597,0.0030365646292691,0.00275466622114651,0.00243259147923952,0.00190465453116578,0.00102038556121498,0.0025775904931814,0.00286955124973137,0.00265098800123609,0.00273549391022665,0.00282869750341647,0.00355423234329899,0.00286141265648765,0.00262422901609283,0.00376327788386399,0.00408374822487467,0.00409290014903735,0.00409037718615979,0.0041051934093313,0.00425073958573491,0.00414701469196238,0.00417088438629443,0.004189976212149,0.0042429001647234,0.00410695553257429,0.00414083461234516,0.00415327350838168,0.00401416265454788,0.00369530722683084,0.00429478634041941,0.00436976780145923,0.00450327905796215,0.0046641000101332,0.00470367825070192,0.00481372999105886,0.00489584810924573,0.00493395424159349,0.00491268990569559,0.00474118475439009,0.00477017486764621,0.00535416381042821,0.00551823620793003,0.0055400466522882,0.00549108073953519,0.00554616044761132,0.00564978557562471,0.00593180370730131,0.00529614668550749,0.00538669957559358,0.00664799452419383,0,-0.00267754819015452,-0.00235852838900354,-0.00074096320006925,-0.00235852838900354,-0.00499854978216118,-0.00571081482097803,-0.00961705831213901,-0.0152572928164496,-0.011221766989374,-0.00328089358770911,0.0196304788498813,0.0114339454937874,-0.152929265409314,-0.154673955325157,-0.157376639171376,-0.158689078827003,-0.158689078827003,-0.158689078827003,-0.161115484894276,-0.162809211482412,-0.163186980774943,-0.163671732970279,-0.164409298511511,-0.175133669508187,-0.184391027491167,-0.207199624152483,-0.235946864644971,-0.111600548541098,-0.038245476258686,-0.0906472737228812,-0.134169512966403,-0.147145578712043,-0.158661580007698,-0.134169512966403,-0.134169512966403,-0.134169512966404,-0.134169512966404,-0.134169512966404,-0.134169512966403,-0.134169512966404,-0.134169512966404,-0.134169512966404,-0.134169512966404,0.00329308384428062,0.002635468891802,0.0026373789360396,0.00664799452419383,0.00349196568754817,-0.00754389103487897
-0.00832954105035277,-0.00832047129976976,-0.00833339047402504,-0.00835261522071384,-0.00835569102968226,-0.00833543493044697,-0.00832763258111147,-0.00839253583545663,-0.00839253583545707,-0.00839253583545663,-0.00832609696794551,-0.00831487874085113,-0.00830804041126365,-0.00829699539436834,-0.008247670747066,-0.00823973440750558,-0.00807746229197126,-0.00811696776481319,-0.00815553449374362,-0.00723050251357304,-0.00655926135873197,-0.00579235450337623,-0.00453525976109237,-0.00242968659190179,-0.00613761826778481,-0.00683281933933499,-0.00631238842132187,-0.00651360929489475,-0.00673554062095305,-0.00846314471437148,-0.00681344016382157,-0.00624867138152108,-0.00896091258400267,-0.00972399912721911,-0.00974579119119245,-0.00973978364923256,-0.00977506323388133,-0.0101216298717799,-0.00987464579710862,-0.00993148301479918,-0.00997694343197575,-0.0101029630689133,-0.00977925910589295,-0.0098599301277047,-0.00988954895030125,-0.0095583057524406,-0.0087990645529113,-0.010226511608,-0.0104050533842211,-0.0107229631255217,-0.0111059012285677,-0.0112001427820511,-0.0114621919996452,-0.0116577271956481,-0.0117484634451149,-0.0116978299652023,-0.0112894512283716,-0.0113584809090664,-0.0127490436120576,-0.0131397238798545,-0.0131916577235255,-0.0130750627557032,-0.0132062155603736,-0.013452962078247,-0.0141244883123031,-0.0126108963901852,-0.0128265160062039,-0.0158298429264698,0,0.00637563209836411,0.00561599950175556,0.00176434126543035,0.00561599950175556,0.0119022748324761,0.0135982815974417,0.0228996161085621,0.0363298356953504,0.0267206611185913,0.00781228533851658,-0.0467430283876005,-0.0272258890313123,0.364146847816999,0.294756532160744,0.187264602789615,0.135065870420756,0.135065870420756,0.135065870420756,0.0385621413686921,-0.0288012459696119,-0.0438259963369185,-0.0631057018846433,-0.092440373483575,-0.156546109550523,-0.211882664740388,-0.264944657951767,-0.331822331423253,-0.193122395641751,-0.0850763725108061,-0.119783983488481,-0.148610341011304,-0.124507485173156,-0.103116678090172,-0.148610341011304,-0.148610341011304,-0.148610341011304,-0.148610341011304,-0.148610341011304,-0.148610341011304,-0.148610341011304,-0.148610341011304,-0.148610341011304,-0.148610341011304,-0.00784131211434524,-0.00627543516213747,-0.00627998325557533,-0.0158298429264698,-0.00831487874085157,0.0179631029631479
0.000705986583155127,0.000705217858662177,0.000706312848605783,0.000707942279705165,0.00070820297592511,0.000706486130519712,0.000705824827104573,0.000711325829679366,0.000711325829678922,0.000711325829679366,0.000705694673199586,0.00070474385036623,0.00070416425433395,0.000703228112272525,0.000699047505081207,0.000698374845060634,0.000684621153747678,0.000687969517554787,0.000691238316282039,0.000612835417125313,0.000555943056968822,0.000490942362796232,0.000384394833172652,0.000205932850896207,0.000520205870094714,0.000579128999970147,0.000535018857123482,0.000552073726789337,0.000570883951462875,0.000717310423650863,0.000577486479952816,0.000529618394487397,0.000759499715397682,0.000824176611524674,0.000826023640633888,0.000825514459636301,0.00082850465000428,0.000857878584900162,0.000836944965398545,0.000841762315223038,0.000845615402013111,0.000856296443424054,0.000828860279363575,0.000835697709985983,0.000838208111367644,0.00081013294467619,0.000745781968193082,0.000866768042091515,0.000881900700395621,0.00090884576383371,0.000941302433570657,0.00094929006121211,0.000971500556439742,0.000988073525355793,0.000995764054082721,0.000991472514217412,0.000956859573683716,0.000962710319615145,0.00108057018793367,0.00111368306002374,0.00111808481476877,0.00110820257966748,0.0011193186927739,0.00114023217768336,0.0011971487002882,0.00106886124928354,0.00108713651259693,0.00134168937423973,0,-0.000540379198970597,-0.000475995048860617,-0.000149540203232268,-0.000475995048860617,-0.00100880063979102,-0.00115254901845548,-0.00194090186173934,-0.00307920645496862,-0.00226476202335063,-0.00066214556113442,0.00396179701837462,0.00230758360567559,-0.0308639800564281,0.00778246437475982,0.0676493324809871,0.0967210464628747,0.0967210464628753,0.0967210464628753,0.150468114291306,0.187985675363702,0.196353603577763,0.207091298918289,0.223429036326363,0.268799158871686,0.307962991068828,0.12570168449197,-0.104014754903285,-0.0514808085312846,0.0856854983338535,0.159679419234594,0.221134966254878,0.22211936490507,0.222992999206349,0.221134966254878,0.221134966254878,0.221134966254878,0.221134966254878,0.221134966254878,0.221134966254878,0.221134966254878,0.221134966254878,0.221134966254878,0.221134966254878,0.000664605782431993,0.000531886811188209,0.000532272293765068,0.00134168937423973,0.00070474385036623,-0.00152249801125499
0.00350004646027768,0.00349623538014243,0.00350166397576923,0.00350974215272792,0.00351103459780178,0.00350252304980647,0.00349924452761585,0.00352651666713188,0.00352651666713211,0.00352651666713211,0.00349859926788287,0.00349388540480389,0.00349101196062218,0.00348637087991222,0.00346564482115919,0.00346230999670527,0.00339412377370163,0.00341072384680841,0.00342692946273215,0.00303823398860359,0.00275618060609506,0.00243392880275761,0.00190570161996806,0.00102094652084195,0.00257900753028595,0.00287112879302431,0.0026524453888126,0.00273699775514702,0.00283025258725567,0.00355618629181098,0.00286298572556765,0.00262567169284711,0.00376534675570772,0.00408599327612524,0.00409515023158225,0.00409262588169923,0.00410745025012826,0.00425307644092232,0.0041492945241185,0.0041731773408773,0.00419227966251312,0.00424523271016863,0.0041092133421029,0.00414311104698639,0.0041555567813385,0.00401636945094958,0.00369733873162847,0.00429714741042517,0.00437217009271895,0.00450575474738385,0.00466666411129327,0.00470626411010314,0.00481637635169166,0.00489853961452849,0.00493666669582199,0.0049153906697999,0.0047437912330896,0.00477279728373622,0.00535710727596447,0.00552126987269524,0.00554309230740216,0.00549409947551074,0.00554920946380022,0.00565289155999832,0.00593506473187927,0.00529905825597779,0.0053896609277517,0.00665164927654358,0,-0.00267902017926401,-0.00235982499614423,-0.000741370546523346,-0.00235982499614423,-0.00500129774795676,-0.00571395435633866,-0.00962234531505939,-0.0152656805530172,-0.0112279361850801,-0.0032826972675265,0.0196412707568906,0.0114402313351804,-0.153013338672321,-0.154758987736001,-0.157463157389722,-0.158776318562477,-0.158776318562477,-0.158776318562477,-0.161204058552822,-0.162898716271573,-0.163276693243758,-0.16376171193288,-0.164499682952694,-0.17522994970033,-0.184492396940036,-0.207313532686927,-0.236076577049943,-0.598192962256624,-0.0382665018091306,-0.0906971072983199,-0.134243273006517,-0.147226472378185,-0.158748804625624,-0.134243273006517,-0.134243273006517,-0.134243273006517,-0.134243273006517,-0.134243273006517,-0.134243273006517,-0.134243273006517,-0.134243273006517,-0.134243273006517,-0.134243273006517,0.00329489422572338,0.00263691774770747,0.00263882884199684,0.00665164927654358,0.00349388540480366,-0.00754803830867495
0.0015958076520115,0.00159407003197942,0.00159654514039276,0.00160022829624551,0.00160081757234831,0.0015969368257418,0.00159544201964157,0.00160787645141935,0.00160787645141935,0.00160787645141935,0.00159514782057046,0.00159299858659412,0.00159168847135338,0.00158957242169588,0.00158012260337803,0.00157860212688132,0.00154751336915571,0.00155508198974064,0.00156247076191574,0.0013852493395845,0.00125665020491794,0.0011097230428142,0.000868883674005505,0.000465489326711421,0.00117587009147813,0.00130905956529892,0.00120935327460558,0.00124790399521035,0.0012904225092798,0.00162140399016308,0.00130534682333827,0.0011971461026784,0.0017167684010565,0.00186296365208549,0.00186713866511812,0.00186598771557922,0.00187274672316495,0.00193914338167789,0.00189182515923292,0.00190271426661104,0.00191142375986608,0.0019355671189914,0.00187355058554117,0.0018890058709074,0.00189468036647195,0.00183121943547615,0.00168576089116904,0.00195923705505133,0.00199344282112834,0.00205434927380685,0.00212771412685123,0.00214576931035743,0.00219597377469852,0.00223343520986438,0.00225081883284417,0.00224111826300433,0.00216287938895202,0.00217610437842047,0.00244251408678489,0.00251736221551978,0.00252731191438414,0.0025049741720389,0.00253010096450086,0.00257737367483982,0.0027060274261515,0.00241604727517605,0.0024573565659384,0.00303274626050594,0,-0.00122146975775382,-0.00107593622798824,-0.000338019739036299,-0.00107593622798827,-0.00228028664955022,-0.00260521458459885,-0.00438720241526432,-0.00696021899027408,-0.00511925389671103,-0.00149670968034515,0.00895522117343178,0.00521604753326985,-0.0697647472638767,-0.0837408510385853,-0.105391110813691,-0.115904608174178,-0.115904608174178,-0.115904608174178,-0.135341702805069,-0.148909557096435,-0.151935735437557,-0.155818916583693,-0.161727297466332,-0.157759137825632,-0.154333792475404,-0.125242382485289,-0.088576480953968,-0.0411242784345899,-0.705287859678956,-0.163579599383054,-0.231672225165784,-0.201658454762279,-0.175021828096728,-0.231672225165784,-0.231672225165784,-0.231672225165784,-0.231672225165784,-0.231672225165784,-0.231672225165784,-0.231672225165784,-0.231672225165784,-0.231672225165784,-0.231672225165784,0.0015022707491601,0.00120227361758551,0.00120314495998786,0.00303274626050594,0.00159299858659412,-0.00344144497147703
0.00159414130221835,0.0015924054966171,0.00159487802051062,0.00159855733039482,0.00159914599117283,0.00159526929686016,0.00159377605164346,0.00160619749932944,0.00160619749932933,0.00160619749932944,0.00159348215977606,0.00159133517003995,0.00159002642282746,0.00158791258275914,0.00157847263198585,0.00157695374317768,0.00154589744847783,0.00155345816587382,0.00156083922265876,0.00138380285576312,0.0012553380049129,0.00110856426483713,0.00086797638162045,0.00046500326058535,0.0011746422424444,0.00130769263919528,0.00120809046227571,0.00124660092803819,0.00128907504407677,0.0016197109125542,0.00130398377409713,0.00119589603713444,0.001714975743485,0.00186101833675084,0.00186518899021543,0.00186403924250361,0.00187079119230199,0.00193711851911443,0.00188984970657802,0.00190072744349945,0.00190942784226092,0.00193354599077811,0.00187159421528127,0.0018870333621665,0.00189270193239628,0.00182930726760061,0.00168400061178391,0.00195719121058034,0.00199136125883684,0.00205220411271342,0.00212549235783605,0.00214352868803544,0.00219368072864072,0.00223110304640127,0.00224846851732081,0.00223877807686129,0.00216062090020618,0.0021738320800789,0.00243996360218332,0.00251473357415306,0.00252467288349548,0.00250235846632497,0.00252745902127303,0.00257468236922737,0.00270320177969188,0.00241352442734262,0.00245479058275089,0.00302957945271565,0,-0.0012201942933357,-0.00107481273036068,-0.000337666777248224,-0.0010748127303607,-0.00227790556359524,-0.00260249420737859,-0.0043826212780399,-0.00695295109714116,-0.00511390834791532,-0.00149514680911612,0.00894587008971431,0.00521060091210736,-0.069691898589393,-0.083653408451354,-0.105281060924223,-0.11578358004173,-0.11578358004173,-0.11578358004173,-0.13520037836775,-0.148754065042384,-0.151777083433968,-0.155656209744239,-0.161558421068003,-0.157594404998107,-0.154172636409471,-0.125111603805353,-0.0884839889794251,-0.0410813362712402,-0.0815092785515504,-0.446388252777364,-0.23143031194772,-0.201447882063258,-0.174839069487507,-0.23143031194772,-0.23143031194772,-0.23143031194772,-0.23143031194772,-0.231430311947721,-0.23143031194772,-0.23143031194772,-0.23143031194772,-0.23143031194772,-0.23143031194772,0.00150070207103703,0.0012010181978665,0.00120188863040904,0.00302957945271565,0.00159133517003984,-0.00343785139858651
-0.000582777421390568,-0.000582142855113266,-0.000583046746817639,-0.000584391808716611,-0.000584607008090599,-0.000583189787476956,-0.000582643895092549,-0.000587184859711987,-0.000587184859712098,-0.000587184859711987,-0.000582536455717708,-0.00058175157100232,-0.000581273126384396,-0.000580500360343017,-0.000577049354987924,-0.000576494087960122,-0.000565140698321642,-0.000567904703859978,-0.000570603030058514,-0.000505883047426769,-0.000458919572850713,-0.000405262835113385,-0.000317310038203733,-0.00016999333795914,-0.000429419259231567,-0.000478059092491934,-0.000441647075721863,-0.000455725520275063,-0.000471252974326153,-0.000592125019095613,-0.000476703225960384,-0.000437189104756985,-0.000626951412742049,-0.000680340861844431,-0.000681865546430599,-0.000681445227977029,-0.000683913568698957,-0.000708161148530118,-0.000690880875668459,-0.000694857498985957,-0.000698038142977947,-0.00070685512324295,-0.00068420713342926,-0.000689851291947471,-0.000691923576717129,-0.000668748103358485,-0.000615627694226628,-0.000715499212826196,-0.000727990911387741,-0.000750233507726482,-0.000777025821840339,-0.000783619444369429,-0.000801953751912186,-0.000815634397295761,-0.000821982770774055,-0.000818440192775986,-0.000789867921415249,-0.000794697591990315,-0.000891988492105041,-0.000919322487781198,-0.000922956045898558,-0.000914798463832057,-0.000923974586844366,-0.000941238239013646,-0.000988221659194127,-0.000882323003784768,-0.000897408858223231,-0.00110753701625795,0,0.000446071927799919,0.00039292413452062,0.000123442365780393,0.000392924134520613,0.000832744204467129,0.000951405538047538,0.0016021746151328,0.0025418216727779,0.00186951452551931,0.0005465875583332,-0.0032703820519089,-0.00190486286204953,0.025477581501241,0.0423105650472149,0.0683863922187272,0.08104897192853,0.0810489719285301,0.0810489719285301,0.104459237005082,0.120800520078126,0.124445284816884,0.129122233800136,0.136238357133506,0.0717385376177757,0.0160618066207068,0.0157628383070937,0.0153860280132083,0.00630910502935531,-0.0288773386334032,-0.0520622787340164,-0.0713184981527317,0.0177453411438449,0.0967877341804261,-0.0713184981527317,-0.0713184981527316,-0.0713184981527317,-0.0713184981527317,-0.0713184981527318,-0.0713184981527317,-0.0713184981527317,-0.0713184981527316,-0.0713184981527316,-0.0713184981527316,-0.000548618420473879,-0.000439061636143878,-0.000439379844091758,-0.00110753701625795,-0.000581751571002209,0.00125679083178218
-0.00202261070553345,-0.00202040835434536,-0.00202354543716865,-0.00202821366297234,-0.00202896054255586,-0.00202404187982141,-0.00202214728380579,-0.00203790733784182,-0.00203790733784226,-0.00203790733784182,-0.00202177440039986,-0.00201905034800864,-0.00201738983891708,-0.00201470784608349,-0.00200273064840961,-0.00200080351638032,-0.00196139998668921,-0.00197099285522917,-0.0019803577744173,-0.00175573800548356,-0.00159274468597603,-0.00140652145873976,-0.00110126895224005,-0.000589985700552909,-0.00149035971368172,-0.00165917107091218,-0.00153279806429563,-0.00158165927892906,-0.00163554948407629,-0.00205505285324681,-0.00165446534611635,-0.0015173260513659,-0.00217592273261946,-0.00236121829719238,-0.00236650992870335,-0.0023650511546105,-0.00237361787697488,-0.00245777250059254,-0.00239779889214087,-0.00241160032060883,-0.0024226391912866,-0.0024532397568201,-0.00237463673450877,-0.00239422557756208,-0.00240141773224428,-0.00232098400437403,-0.00213662218071931,-0.0024832402810146,-0.00252659447133402,-0.00260379051878262,-0.00269677699932164,-0.00271966109027316,-0.00278329287378654,-0.00283077347065902,-0.00285280639041308,-0.00284051137704927,-0.0027413473054595,-0.00275810935397214,-0.00309577105619363,-0.00319063751850046,-0.00320324829111712,-0.00317493625943344,-0.00320678328019769,-0.00326669920420677,-0.00342976174772958,-0.00306222562455327,-0.00311458319636271,-0.00384386241407997,0,0.00154815513348672,0.0013636982693109,0.000428424028418806,0.00136369826931088,0.00289015545404452,0.00330198624024743,0.00556057151453948,0.00882174830083449,0.0064884121358762,0.00189700871450726,-0.0113503191897708,-0.00661109349116654,0.0884235167734297,0.0826436512977791,0.0736901123837757,0.069342219623264,0.069342219623264,0.069342219623264,0.0613039427175546,0.0556929102108239,0.0544414238166933,0.0528355209839688,0.0503920898796317,0.171656934491093,0.276333663566079,0.218780072497005,0.146241329836214,0.0695680976273094,-0.155359814544271,-0.285748270239415,-0.394042218881822,-0.203332903119511,-0.0340821632987607,-0.394042218881822,-0.394042218881821,-0.394042218881822,-0.394042218881822,-0.394042218881823,-0.394042218881822,-0.394042218881822,-0.394042218881822,-0.394042218881822,-0.394042218881821,-0.00190405710615171,-0.00152382493394199,-0.00152492931921611,-0.00384386241407997,-0.0020190503480082,0.00436186869579325
0.000625384649094674,0.000624703689273698,0.000625673665075155,0.000627117065304716,0.00062734799804165,0.000625827163529102,0.0006252413606056,0.000630114318034281,0.000630114318034281,0.000630114318033836,0.000625126066270187,0.000624283798133618,0.000623770374124977,0.000622941110667963,0.000619237800117967,0.000618641937164099,0.000606458493992879,0.000609424577731943,0.000612320180274351,0.000542868478574876,0.000492471474522027,0.000434891858583253,0.000340508776786042,0.000182421658948995,0.000460814374222629,0.000513010296609773,0.000473936174149259,0.000489043902731856,0.000505706578818987,0.000635415655609428,0.000511555301813571,0.000469152278093521,0.000672788229032495,0.000730081014694406,0.000731717169939916,0.000731266121737129,0.000733914924417878,0.000759935260222555,0.000741391615628473,0.000745658972404528,0.000749072155300179,0.000758533750596868,0.00073422995185235,0.000740286758387332,0.000742510549213538,0.000717640702266764,0.000660636626258648,0.000767809815063747,0.0007812147896471,0.000805083556341957,0.000833834673570732,0.000840910360033975,0.00086058510045478,0.000875265946518045,0.000882078453616597,0.000878276875489248,0.000847615667208146,0.000852798438068847,0.000957202337731222,0.000986534739205569,0.000990433949066283,0.000981679960989912,0.000991526956188038,0.00101005276494071,0.00106047117283434,0.000946830199416326,0.000963018990261744,0.00118850975149268,0,-0.00047868452997496,-0.000421651067747109,-0.000132467315605234,-0.000421651067747053,-0.000893626662567169,-0.00102096340166953,-0.00171931061962435,-0.00272765587091511,-0.00200619592078671,-0.000586548922146601,0.00350948176245414,0.0020441285966688,-0.0273402636789358,0.00689394652565367,0.0599258612904972,0.085678480505849,0.0856784805058497,0.0856784805058497,0.1332892877871,0.166523498359895,0.173936066777855,0.183447847869514,0.197920318621416,0.238110569887355,0.272803098102763,0.553756130299207,-0.0921394719785473,-0.0456032850292419,0.0759028522447693,0.141448945275089,0.195888160729346,0.196760171358314,0.197534063517143,0.195888160729346,0.195888160729346,0.195888160729347,0.195888160729347,0.195888160729347,0.195888160729347,0.195888160729347,0.195888160729347,0.195888160729347,0.195888160729347,0.000588728261909921,0.000471161711440127,0.000471503183773869,0.00118850975149268,0.000624283798133618,-0.00134867560833907
-0.00350004646027635,-0.00349623538014199,-0.00350166397576857,-0.00350974215272792,-0.00351103459780178,-0.00350252304980603,-0.00349924452761541,-0.00352651666713188,-0.00352651666713144,-0.00352651666713166,-0.0034985992678831,-0.00349388540480344,-0.00349101196062174,-0.00348637087991199,-0.00346564482115919,-0.00346230999670549,-0.00339412377370163,-0.00341072384680796,-0.00342692946273226,-0.00303823398860337,-0.00275618060609473,-0.0024339288027575,-0.00190570161996795,-0.00102094652084173,-0.00257900753028595,-0.00287112879302409,-0.00265244538881226,-0.00273699775514702,-0.00283025258725556,-0.00355618629181076,-0.00286298572556754,-0.00262567169284711,-0.00376534675570783,-0.00408599327612524,-0.00409515023158191,-0.00409262588169912,-0.00410745025012804,-0.00425307644092199,-0.0041492945241185,-0.0041731773408773,-0.00419227966251301,-0.00424523271016852,-0.00410921334210279,-0.00414311104698634,-0.00415555678133833,-0.00401636945094944,-0.00369733873162842,-0.00429714741042511,-0.00437217009271895,-0.00450575474738371,-0.00466666411129324,-0.00470626411010303,-0.00481637635169163,-0.00489853961452841,-0.00493666669582193,-0.00491539066979987,-0.00474379123308957,-0.00477279728373614,-0.00535710727596445,-0.00552126987269524,-0.00554309230740213,-0.00549409947551074,-0.00554920946380019,-0.00565289155999837,-0.00593506473187924,-0.00529905825597779,-0.00538966092775167,-0.00665164927654358,0,0.002679020179264,0.00235982499614432,0.000741370546523401,0.00235982499614432,0.00500129774795676,0.00571395435633866,0.00962234531505937,0.0152656805530171,0.0112279361850801,0.00328269726752634,-0.0196412707568905,-0.0114402313351804,0.153013338672321,0.154758987736001,0.157463157389722,0.158776318562477,0.158776318562477,0.158776318562477,0.161204058552822,0.162898716271573,0.163276693243758,0.16376171193288,0.164499682952694,0.17522994970033,0.184492396940036,0.207313532686927,0.236076577049943,-0.401807037743376,0.0382665018091305,0.0906971072983198,0.134243273006517,0.147226472378185,0.158748804625624,0.134243273006517,0.134243273006517,0.134243273006517,0.134243273006517,0.134243273006517,0.134243273006517,0.134243273006517,0.134243273006517,0.134243273006517,0.134243273006517,-0.00329489422572338,-0.00263691774770725,-0.00263882884199662,-0.00665164927654358,-0.00349388540480344,0.00754803830867494
0.0015958076520115,0.00159407003197931,0.00159654514039265,0.00160022829624529,0.00160081757234842,0.00159693682574213,0.00159544201964168,0.00160787645141924,0.00160787645141924,0.00160787645141924,0.00159514782057024,0.00159299858659379,0.00159168847135294,0.00158957242169566,0.00158012260337825,0.00157860212688132,0.00154751336915571,0.00155508198974064,0.00156247076191596,0.0013852493395845,0.001256650204918,0.00110972304281431,0.000868883674005394,0.000465489326711366,0.00117587009147829,0.00130905956529892,0.00120935327460558,0.00124790399521035,0.00129042250927958,0.00162140399016308,0.00130534682333827,0.0011971461026784,0.00171676840105672,0.00186296365208549,0.00186713866511812,0.00186598771557933,0.00187274672316512,0.001939143381678,0.00189182515923286,0.00190271426661109,0.00191142375986608,0.00193556711899143,0.00187355058554117,0.00188900587090746,0.00189468036647195,0.00183121943547614,0.00168576089116904,0.00195923705505135,0.00199344282112829,0.00205434927380688,0.00212771412685121,0.0021457693103574,0.00219597377469855,0.00223343520986441,0.00225081883284413,0.00224111826300434,0.00216287938895203,0.00217610437842045,0.00244251408678489,0.00251736221551978,0.00252731191438416,0.00250497417203889,0.00253010096450082,0.00257737367483979,0.00270602742615149,0.00241604727517608,0.00245735656593843,0.00303274626050595,0,-0.00122146975775383,-0.00107593622798824,-0.000338019739036355,-0.00107593622798824,-0.00228028664955022,-0.00260521458459885,-0.00438720241526432,-0.00696021899027405,-0.00511925389671106,-0.00149670968034515,0.00895522117343178,0.00521604753326985,-0.0697647472638767,-0.0837408510385854,-0.105391110813691,-0.115904608174178,-0.115904608174178,-0.115904608174178,-0.135341702805068,-0.148909557096435,-0.151935735437557,-0.155818916583693,-0.161727297466332,-0.157759137825632,-0.154333792475404,-0.125242382485289,-0.088576480953968,-0.04112427843459,0.294712140321044,-0.163579599383054,-0.231672225165784,-0.201658454762279,-0.175021828096728,-0.231672225165784,-0.231672225165784,-0.231672225165784,-0.231672225165784,-0.231672225165784,-0.231672225165784,-0.231672225165784,-0.231672225165784,-0.231672225165784,-0.231672225165784,0.0015022707491601,0.00120227361758557,0.00120314495998775,0.00303274626050595,0.00159299858659367,-0.00344144497147702
0.00159414130221736,0.00159240549661677,0.00159487802051039,0.00159855733039471,0.00159914599117306,0.0015952692968606,0.00159377605164335,0.00160619749932955,0.00160619749932955,0.00160619749932933,0.00159348215977628,0.00159133517003962,0.00159002642282746,0.00158791258275892,0.00157847263198585,0.00157695374317757,0.00154589744847788,0.00155345816587427,0.00156083922265893,0.00138380285576334,0.00125533800491273,0.00110856426483696,0.000867976381620394,0.000465003260585295,0.00117464224244412,0.00130769263919506,0.00120809046227555,0.0012466009280383,0.00128907504407683,0.0016197109125542,0.00130398377409691,0.0011958960371341,0.00171497574348511,0.00186101833675101,0.00186518899021548,0.00186403924250333,0.00187079119230216,0.00193711851911427,0.0018898497065778,0.00190072744349934,0.00190942784226089,0.001933545990778,0.00187159421528127,0.00188703336216656,0.00189270193239621,0.00182930726760061,0.00168400061178389,0.00195719121058033,0.00199136125883684,0.00205220411271345,0.00212549235783607,0.00214352868803538,0.00219368072864073,0.00223110304640126,0.0022484685173208,0.00223877807686126,0.00216062090020613,0.00217383208007893,0.00243996360218332,0.00251473357415308,0.00252467288349548,0.00250235846632493,0.00252745902127302,0.00257468236922734,0.00270320177969188,0.00241352442734261,0.00245479058275086,0.00302957945271565,0,-0.00122019429333571,-0.0010748127303607,-0.000337666777248391,-0.0010748127303607,-0.00227790556359524,-0.00260249420737859,-0.0043826212780399,-0.00695295109714117,-0.00511390834791531,-0.00149514680911611,0.00894587008971431,0.00521060091210739,-0.0696918985893931,-0.0836534084513539,-0.105281060924223,-0.11578358004173,-0.11578358004173,-0.11578358004173,-0.13520037836775,-0.148754065042384,-0.151777083433968,-0.155656209744239,-0.161558421068003,-0.157594404998107,-0.154172636409471,-0.125111603805353,-0.088483988979425,-0.0410813362712402,-0.0815092785515504,0.553611747222636,-0.23143031194772,-0.201447882063258,-0.174839069487507,-0.23143031194772,-0.23143031194772,-0.23143031194772,-0.231430311947721,-0.231430311947721,-0.23143031194772,-0.23143031194772,-0.23143031194772,-0.23143031194772,-0.23143031194772,0.00150070207103736,0.00120101819786678,0.0012018886304086,0.00302957945271565,0.00159133517003984,-0.0034378513985865
0.000584560827304292,0.000583924319137896,0.000584830976916528,0.000586180154951821,0.000586396012875356,0.000584974455306586,0.000584426892391354,0.000588981753196438,0.000588981753196216,0.000588981753196438,0.000584319124232069,0.000583531837625273,0.000583051928879197,0.000582276798031911,0.000578815231966678,0.000578258265720111,0.000566870132624464,0.000569642596527364,0.000572349180099296,0.000507431142437453,0.000460323951006258,0.000406503013799298,0.000318281065182169,0.000170513548785944,0.000430733361010738,0.000479522041091807,0.000442998596864808,0.000457120124043309,0.000472695094954734,0.000593937030374803,0.000478162025359885,0.000438526983690291,0.000628869999180215,0.000682422829799689,0.000683952180200675,0.000683530575495528,0.000686006469793221,0.000710328251670833,0.000692995098001303,0.000696983890516367,0.000700174267862952,0.000709018229706426,0.00068630093288552,0.000691962363565057,0.000694040989906664,0.000670794595344248,0.000617511628006967,0.000717688771790931,0.000730218697243684,0.000752529360011245,0.000779403663525663,0.000786017463750344,0.000804407877640578,0.000818130388310911,0.000824498188977701,0.000820944770040549,0.000792285062283238,0.00079712951253702,0.000894718140669812,0.000922135783391523,0.000925780460863904,0.000917597915098461,0.000926802118732015,0.000944118600846727,0.000991245798919613,0.000885023074180549,0.000900155094103516,0.00111092628288369,0,-0.000447436989802708,-0.000394126554517454,-0.000123820122085061,-0.000394126554517454,-0.000835292554633808,-0.000954317013682499,-0.001607077563632,-0.00254960011380306,-0.00187523558323083,-0.000548260216621188,0.00328039002146596,0.00191069209216121,-0.0255555475785994,-0.0424400431449451,-0.0685956671354115,-0.0812969966641153,-0.0812969966641154,-0.0812969966641154,-0.104778901450184,-0.121170191849871,-0.124826110237949,-0.129517371543829,-0.136655271521197,-0.0719580707148719,-0.0161109586980906,-0.015811075486544,-0.0154331120839729,-0.00632841204916623,0.028965708591819,0.0522215988661505,0.071536745851941,-0.588693898801204,-0.287155326702569,0.071536745851941,0.0715367458519409,0.071536745851941,0.071536745851941,0.071536745851941,0.0715367458519409,0.071536745851941,0.071536745851941,0.071536745851941,0.071536745851941,0.00055029729357281,0.000440405245367037,0.000440724427089534,0.00111092628288369,0.000583531837625051,-0.00126063684248807
-0.00058456082730407,-0.00058392431913834,-0.000584830976916528,-0.000586180154952487,-0.000586396012875579,-0.000584974455307474,-0.000584426892391132,-0.000588981753196993,-0.000588981753196549,-0.000588981753196549,-0.000584319124232735,-0.000583531837626161,-0.000583051928879197,-0.000582276798031689,-0.000578815231967234,-0.000578258265719889,-0.00056687013262513,-0.000569642596527586,-0.00057234918009974,-0.000507431142437786,-0.000460323951006814,-0.000406503013799631,-0.000318281065182724,-0.000170513548786166,-0.00043073336101096,-0.000479522041092029,-0.000442998596864808,-0.000457120124043087,-0.000472695094955178,-0.00059393703037447,-0.000478162025359552,-0.00043852698369018,-0.000628869999180548,-0.000682422829799467,-0.000683952180200897,-0.000683530575495528,-0.000686006469793332,-0.000710328251670722,-0.000692995098001692,-0.000696983890516423,-0.000700174267863063,-0.000709018229706482,-0.000686300932885797,-0.000691962363565168,-0.000694040989906664,-0.000670794595344304,-0.00061751162800705,-0.000717688771791125,-0.000730218697243823,-0.0007525293600113,-0.000779403663525691,-0.000786017463750399,-0.000804407877640634,-0.000818130388311022,-0.000824498188977729,-0.000820944770040521,-0.000792285062283182,-0.000797129512537076,-0.00089471814066977,-0.00092213578339162,-0.000925780460863945,-0.000917597915098434,-0.000926802118732029,-0.000944118600846783,-0.00099124579891971,-0.000885023074180646,-0.000900155094103627,-0.00111092628288371,0,0.00044743698980268,0.000394126554517427,0.000123820122085117,0.000394126554517427,0.000835292554633808,0.00095431701368251,0.00160707756363204,0.00254960011380317,0.00187523558323088,0.000548260216621188,-0.00328039002146574,-0.00191069209216119,0.0255555475785996,0.0424400431449454,0.0685956671354115,0.0812969966641155,0.0812969966641157,0.0812969966641157,0.104778901450184,0.121170191849871,0.12482611023795,0.129517371543829,0.136655271521197,0.0719580707148719,0.0161109586980914,0.0158110754865448,0.015433112083973,0.00632841204916645,-0.0289657085918189,-0.0522215988661503,-0.0715367458519407,-0.411306101198796,-0.71284467329743,-0.0715367458519411,-0.0715367458519407,-0.0715367458519411,-0.0715367458519409,-0.0715367458519411,-0.0715367458519411,-0.0715367458519405,-0.0715367458519407,-0.0715367458519407,-0.0715367458519405,-0.000550297293573365,-0.000440405245367037,-0.000440724427090089,-0.00111092628288371,-0.000583531837626161,0.00126063684248806
0.000584560827304292,0.000583924319137452,0.000584830976916972,0.000586180154952043,0.000586396012875801,0.000584974455306364,0.000584426892391576,0.000588981753195883,0.000588981753196549,0.000588981753195883,0.000584319124232291,0.000583531837625495,0.000583051928879419,0.000582276798032133,0.000578815231966678,0.000578258265720111,0.000566870132624575,0.000569642596527253,0.000572349180099518,0.000507431142437675,0.000460323951006147,0.000406503013799631,0.000318281065182169,0.000170513548785944,0.00043073336101096,0.000479522041091807,0.000442998596864808,0.000457120124043531,0.000472695094954845,0.000593937030374803,0.000478162025359774,0.000438526983690291,0.000628869999180326,0.0006824228297998,0.000683952180200675,0.000683530575495306,0.00068600646979311,0.000710328251670833,0.000692995098001359,0.000696983890516367,0.000700174267862952,0.000709018229706482,0.000686300932885464,0.000691962363565168,0.000694040989906719,0.000670794595344304,0.000617511628006995,0.000717688771790986,0.00073021869724374,0.000752529360011273,0.000779403663525718,0.000786017463750399,0.000804407877640551,0.000818130388310939,0.000824498188977729,0.000820944770040521,0.000792285062283238,0.000797129512537076,0.000894718140669798,0.000922135783391537,0.000925780460863918,0.000917597915098434,0.000926802118732029,0.000944118600846713,0.000991245798919654,0.000885023074180563,0.000900155094103516,0.00111092628288369,0,-0.000447436989802708,-0.000394126554517427,-0.000123820122085061,-0.000394126554517427,-0.000835292554633808,-0.000954317013682499,-0.00160707756363203,-0.00254960011380306,-0.00187523558323091,-0.000548260216621188,0.00328039002146593,0.00191069209216121,-0.0255555475785994,-0.0424400431449451,-0.0685956671354115,-0.0812969966641155,-0.0812969966641155,-0.0812969966641155,-0.104778901450184,-0.121170191849871,-0.124826110237949,-0.129517371543829,-0.136655271521197,-0.0719580707148719,-0.0161109586980905,-0.0158110754865443,-0.015433112083973,-0.00632841204916629,0.028965708591819,0.0522215988661505,0.071536745851941,0.411306101198796,-0.287155326702569,0.0715367458519409,0.0715367458519408,0.0715367458519408,0.0715367458519408,0.0715367458519411,0.0715367458519409,0.0715367458519409,0.071536745851941,0.071536745851941,0.0715367458519408,0.000550297293572921,0.000440405245367037,0.000440724427089423,0.00111092628288369,0.000583531837625495,-0.00126063684248809
8.88178419700125e-16,8.88178419700125e-16,4.44089209850063e-16,4.44089209850063e-16,0,-8.88178419700125e-16,-1.77635683940025e-15,0,-4.44089209850063e-16,-4.44089209850063e-16,-8.88178419700125e-16,-4.44089209850063e-16,0,-8.88178419700125e-16,2.22044604925031e-16,8.88178419700125e-16,-4.44089209850063e-16,-1.11022302462516e-15,4.44089209850063e-16,0,-8.88178419700125e-16,-4.44089209850063e-16,4.44089209850063e-16,-2.22044604925031e-16,-4.44089209850063e-16,-6.66133814775094e-16,-4.44089209850063e-16,8.88178419700125e-16,-4.44089209850063e-16,6.66133814775094e-16,0,0,4.44089209850063e-16,-4.44089209850063e-16,-4.44089209850063e-16,0,0,0,4.44089209850063e-16,0,-1.11022302462516e-16,1.11022302462516e-16,-2.22044604925031e-16,-3.33066907387547e-16,1.66533453693773e-16,-5.55111512312578e-17,0,-5.55111512312578e-17,-2.22044604925031e-16,0,-1.11022302462516e-16,0,0,1.11022302462516e-16,5.55111512312578e-17,0,1.11022302462516e-16,0,0,-5.55111512312578e-17,5.55111512312578e-17,0,-5.55111512312578e-17,5.55111512312578e-17,5.55111512312578e-17,1.11022302462516e-16,5.55111512312578e-17,-6.93889390390723e-18,0,-1.11022302462516e-16,0,1.11022302462516e-16,0,-6.50521303491303e-19,6.93889390390723e-18,0,0,0,0,2.22044604925031e-16,-2.77555756156289e-17,1.11022302462516e-16,-1.11022302462516e-16,2.22044604925031e-16,-2.22044604925031e-16,0,0,-2.22044604925031e-16,2.22044604925031e-16,0,2.22044604925031e-16,2.22044604925031e-16,0,0,6.66133814775094e-16,4.44089209850063e-16,3.33066907387547e-16,-2.22044604925031e-16,-2.22044604925031e-16,2.22044604925031e-16,2.22044604925031e-16,-2.22044604925031e-16,-0.777734370270505,-0.488016898675067,-0.509306435408462,-0.421678617565083,-0.465492526486773,-0.562224225147109,-0.583903205865075,-0.641262175681362,-0.641262175681362,-0.641262175681362,-2.22044604925031e-16,-2.22044604925031e-16,2.22044604925031e-16,-6.93889390390723e-18,-4.44089209850063e-16,-5.55111512312578e-17
2.22044604925031e-16,2.22044604925031e-16,4.44089209850063e-16,3.33066907387547e-16,1.11022302462516e-16,-3.33066907387547e-16,-6.66133814775094e-16,-1.11022302462516e-16,-1.11022302462516e-16,-2.22044604925031e-16,-3.33066907387547e-16,-2.22044604925031e-16,1.11022302462516e-16,-4.44089209850063e-16,2.22044604925031e-16,2.22044604925031e-16,-2.77555756156289e-16,-4.44089209850063e-16,2.77555756156289e-16,5.55111512312578e-17,-3.33066907387547e-16,-5.55111512312578e-17,2.22044604925031e-16,-1.66533453693773e-16,-5.55111512312578e-17,-1.11022302462516e-16,-1.66533453693773e-16,3.33066907387547e-16,-1.66533453693773e-16,1.66533453693773e-16,0,-5.55111512312578e-17,0,0,-2.77555756156289e-16,0,5.55111512312578e-17,-1.66533453693773e-16,1.66533453693773e-16,-5.55111512312578e-17,-1.11022302462516e-16,8.32667268468867e-17,0,-5.55111512312578e-17,5.55111512312578e-17,-2.77555756156289e-17,-2.77555756156289e-17,-4.16333634234434e-17,-8.32667268468867e-17,0,-6.93889390390723e-17,0,0,2.77555756156289e-17,2.77555756156289e-17,-2.77555756156289e-17,6.93889390390723e-17,0,-1.38777878078145e-17,-4.16333634234434e-17,1.38777878078145e-17,-1.38777878078145e-17,-1.38777878078145e-17,0,3.46944695195361e-17,1.38777878078145e-17,-1.38777878078145e-17,-1.73472347597681e-18,0,-5.55111512312578e-17,0,2.77555756156289e-17,0,-2.71050543121376e-19,0,0,-1.38777878078145e-17,-1.38777878078145e-17,2.77555756156289e-17,5.55111512312578e-17,-1.38777878078145e-17,5.55111512312578e-17,-5.55111512312578e-17,1.11022302462516e-16,-1.11022302462516e-16,-5.55111512312578e-17,-5.55111512312578e-17,-1.11022302462516e-16,1.66533453693773e-16,5.55111512312578e-17,5.55111512312578e-17,1.11022302462516e-16,5.55111512312578e-17,5.55111512312578e-17,2.22044604925031e-16,1.11022302462516e-16,1.11022302462516e-16,-5.55111512312578e-17,-1.11022302462516e-16,2.22044604925031e-16,1.66533453693773e-16,-1.11022302462516e-16,-0.125592584217848,-0.32715976053605,-0.250587680032167,-0.207473260003206,-0.229030470017687,-0.225946190307695,-0.215851241458979,-0.189141689296749,-0.189141689296749,-0.189141689296749,-5.55111512312578e-17,-5.55111512312578e-17,1.11022302462516e-16,-1.73472347597681e-18,-2.22044604925031e-16,-1.38777878078145e-17
0,0,4.44089209850063e-16,1.11022302462516e-16,1.11022302462516e-16,0,-2.22044604925031e-16,0,0,0,0,-2.22044604925031e-16,1.11022302462516e-16,-2.22044604925031e-16,2.22044604925031e-16,2.22044604925031e-16,-1.11022302462516e-16,-2.22044604925031e-16,1.11022302462516e-16,1.11022302462516e-16,-2.22044604925031e-16,0,1.11022302462516e-16,-1.11022302462516e-16,0,0,-1.11022302462516e-16,1.11022302462516e-16,0,0,0,-1.11022302462516e-16,-1.11022302462516e-16,1.11022302462516e-16,-1.66533453693773e-16,0,1.11022302462516e-16,-1.66533453693773e-16,5.55111512312578e-17,0,-1.11022302462516e-16,5.55111512312578e-17,0,0,2.77555756156289e-17,0,-2.77555756156289e-17,-2.77555756156289e-17,-4.16333634234434e-17,0,-4.16333634234434e-17,0,0,1.38777878078145e-17,1.38777878078145e-17,-1.38777878078145e-17,4.16333634234434e-17,0,0,-2.77555756156289e-17,0,-1.38777878078145e-17,0,-1.38777878078145e-17,4.16333634234434e-17,0,-1.38777878078145e-17,0,0,-2.77555756156289e-17,0,0,0,-1.0842021724855e-19,0,0,-2.77555756156289e-17,-2.77555756156289e-17,2.77555756156289e-17,2.77555756156289e-17,-1.38777878078145e-17,0,-5.55111512312578e-17,5.55111512312578e-17,-5.55111512312578e-17,-5.55111512312578e-17,0,-1.11022302462516e-16,1.11022302462516e-16,1.11022302462516e-16,0,0,5.55111512312578e-17,5.55111512312578e-17,5.55111512312578e-17,5.55111512312578e-17,5.55111512312578e-17,0,-5.55111512312578e-17,2.22044604925031e-16,2.22044604925031e-16,-1.11022302462516e-16,0.0960237831992458,-0.259594090712835,-0.153922341335971,-0.127439505167217,-0.140680923251594,-0.104648049258502,-0.0844617105411313,-0.0310520226847559,-0.0310520226847559,-0.0310520226847559,0,0,1.11022302462516e-16,0,-2.22044604925031e-16,0
0,0,4.44089209850063e-16,1.11022302462516e-16,1.11022302462516e-16,0,-5.55111512312578e-16,-1.11022302462516e-16,-2.22044604925031e-16,-1.11022302462516e-16,-1.11022302462516e-16,-3.33066907387547e-16,2.22044604925031e-16,-3.33066907387547e-16,2.22044604925031e-16,1.11022302462516e-16,-1.11022302462516e-16,-2.22044604925031e-16,2.22044604925031e-16,0,-2.22044604925031e-16,-1.66533453693773e-16,5.55111512312578e-17,-1.66533453693773e-16,0,-2.22044604925031e-16,-2.22044604925031e-16,2.22044604925031e-16,-1.11022302462516e-16,0,-1.11022302462516e-16,-1.11022302462516e-16,0,1.66533453693773e-16,-1.66533453693773e-16,1.11022302462516e-16,1.66533453693773e-16,-1.66533453693773e-16,1.11022302462516e-16,-5.55111512312578e-17,-5.55111512312578e-17,0,-5.55111512312578e-17,-5.55111512312578e-17,5.55111512312578e-17,0,-2.77555756156289e-17,-1.38777878078145e-17,-5.55111512312578e-17,2.77555756156289e-17,-5.55111512312578e-17,-1.38777878078145e-17,-2.77555756156289e-17,2.77555756156289e-17,0,-1.38777878078145e-17,4.16333634234434e-17,0,0,-1.38777878078145e-17,0,-2.77555756156289e-17,1.38777878078145e-17,0,2.77555756156289e-17,0,-4.16333634234434e-17,0,0,-4.16333634234434e-17,0,0,0,-2.16840434497101e-19,0,1.38777878078145e-17,-2.77555756156289e-17,-2.77555756156289e-17,2.77555756156289e-17,2.77555756156289e-17,-2.08166817117217e-17,0,-5.55111512312578e-17,1.11022302462516e-16,0,0,0,-5.55111512312578e-17,1.66533453693773e-16,5.55111512312578e-17,5.55111512312578e-17,0,5.55111512312578e-17,5.55111512312578e-17,1.66533453693773e-16,1.11022302462516e-16,5.55111512312578e-17,0,-1.11022302462516e-16,1.11022302462516e-16,3.33066907387547e-16,0,0.0867228712631222,-0.156916920283822,-0.244134016463591,-0.202129970104179,-0.223131993283885,-0.178909004665531,-0.152188089448119,-0.0814890012687151,-0.0814890012687151,-0.0814890012687151,-1.11022302462516e-16,0,1.11022302462516e-16,0,-3.33066907387547e-16,0
1.11022302462516e-16,1.11022302462516e-16,3.33066907387547e-16,2.22044604925031e-16,1.11022302462516e-16,-2.22044604925031e-16,-7.7715611723761e-16,-1.11022302462516e-16,-1.11022302462516e-16,-2.22044604925031e-16,-4.44089209850063e-16,-2.22044604925031e-16,0,-3.33066907387547e-16,1.11022302462516e-16,2.22044604925031e-16,-2.77555756156289e-16,-3.33066907387547e-16,2.22044604925031e-16,0,-3.88578058618805e-16,-1.66533453693773e-16,1.66533453693773e-16,-1.66533453693773e-16,-5.55111512312578e-17,-1.66533453693773e-16,-2.22044604925031e-16,3.33066907387547e-16,-1.11022302462516e-16,1.66533453693773e-16,-5.55111512312578e-17,-1.11022302462516e-16,0,5.55111512312578e-17,-2.22044604925031e-16,0,1.11022302462516e-16,-1.11022302462516e-16,1.66533453693773e-16,-2.77555756156289e-17,-8.32667268468867e-17,5.55111512312578e-17,-2.77555756156289e-17,-8.32667268468867e-17,6.93889390390723e-17,0,-1.38777878078145e-17,-2.77555756156289e-17,-6.93889390390723e-17,1.38777878078145e-17,-5.55111512312578e-17,0,-1.38777878078145e-17,2.77555756156289e-17,1.38777878078145e-17,-1.38777878078145e-17,5.55111512312578e-17,0,-1.38777878078145e-17,-2.08166817117217e-17,0,-6.93889390390723e-18,-6.93889390390723e-18,1.38777878078145e-17,2.08166817117217e-17,1.38777878078145e-17,-2.77555756156289e-17,-1.73472347597681e-18,0,-4.16333634234434e-17,0,2.77555756156289e-17,0,-3.25260651745651e-19,0,6.93889390390723e-18,-1.38777878078145e-17,-1.38777878078145e-17,5.55111512312578e-17,5.55111512312578e-17,-2.08166817117217e-17,2.77555756156289e-17,-5.55111512312578e-17,1.11022302462516e-16,-5.55111512312578e-17,0,0,-1.66533453693773e-16,1.11022302462516e-16,5.55111512312578e-17,5.55111512312578e-17,0,0,5.55111512312578e-17,2.22044604925031e-16,1.11022302462516e-16,1.66533453693773e-16,-2.77555756156289e-17,-1.11022302462516e-16,1.66533453693773e-16,2.77555756156289e-16,0,-0.0966730455116453,-0.184823340788882,-0.240105884559371,-0.370848122431711,-0.305477003495541,-0.211829584545195,-0.200245552675945,-0.169596135021888,-0.169596135021888,-0.169596135021888,-1.11022302462516e-16,0,1.11022302462516e-16,-1.73472347597681e-18,-3.33066907387547e-16,-1.04083408558608e-17
0,8.88178419700125e-16,0,0,0,0,-1.33226762955019e-15,-4.44089209850063e-16,-8.88178419700125e-16,-4.44089209850063e-16,-8.88178419700125e-16,-8.88178419700125e-16,0,-8.88178419700125e-16,0,0,0,-4.44089209850063e-16,0,-4.44089209850063e-16,-4.44089209850063e-16,-4.44089209850063e-16,0,-4.44089209850063e-16,0,-8.88178419700125e-16,0,4.44089209850063e-16,-4.44089209850063e-16,4.44089209850063e-16,0,0,0,4.44089209850063e-16,0,2.22044604925031e-16,4.44089209850063e-16,0,0,0,0,0,-2.22044604925031e-16,-1.11022302462516e-16,1.11022302462516e-16,0,0,0,-1.11022302462516e-16,5.55111512312578e-17,-1.11022302462516e-16,-5.55111512312578e-17,-5.55111512312578e-17,0,-1.11022302462516e-16,0,0,0,0,0,0,-5.55111512312578e-17,0,5.55111512312578e-17,0,5.55111512312578e-17,0,0,0,-5.55111512312578e-17,0,0,0,-4.33680868994202e-19,1.38777878078145e-17,5.55111512312578e-17,0,0,0,1.11022302462516e-16,-5.55111512312578e-17,0,0,4.44089209850063e-16,2.22044604925031e-16,2.22044604925031e-16,2.22044604925031e-16,0,4.44089209850063e-16,0,2.22044604925031e-16,0,0,0,2.22044604925031e-16,2.22044604925031e-16,0,0,0,0,8.88178419700125e-16,4.44089209850063e-16,-0.0295688010186024,0.413246148751114,-0.404510021368139,-0.334912765170422,-0.369711393269282,-0.330594239566196,-0.30031295200011,-0.220193711981504,-0.220193711981504,-0.220193711981505,-8.88178419700125e-16,-4.44089209850063e-16,4.44089209850063e-16,0,-8.88178419700125e-16,0
-4.44089209850063e-16,-8.88178419700125e-16,-4.44089209850063e-16,0,0,0,4.44089209850063e-16,0,4.44089209850063e-16,0,0,4.44089209850063e-16,-4.44089209850063e-16,4.44089209850063e-16,-2.22044604925031e-16,0,0,4.44089209850063e-16,0,0,0,2.22044604925031e-16,0,2.22044604925031e-16,0,2.22044604925031e-16,0,0,2.22044604925031e-16,0,0,0,0,0,0,-2.22044604925031e-16,0,0,0,0,0,0,1.11022302462516e-16,0,0,5.55111512312578e-17,0,0,5.55111512312578e-17,0,5.55111512312578e-17,5.55111512312578e-17,0,0,0,0,0,0,0,0,0,0,-5.55111512312578e-17,0,-2.77555756156289e-17,0,0,0,0,8.32667268468867e-17,0,0,0,0,-6.93889390390723e-18,0,0,0,1.11022302462516e-16,-1.11022302462516e-16,0,0,0,-2.22044604925031e-16,0,0,0,0,-2.22044604925031e-16,0,-2.22044604925031e-16,-2.22044604925031e-16,-2.22044604925031e-16,0,0,-1.11022302462516e-16,0,1.11022302462516e-16,0,0,0,2.22044604925031e-16,0.0841034814767352,0.160792352576018,0.208886983001497,-0.547348674090785,-0.169230845544644,0.18428720690169,0.174209346991671,0.147545009313076,0.147545009313076,0.147545009313077,2.22044604925031e-16,4.44089209850063e-16,-2.22044604925031e-16,0,4.44089209850063e-16,2.77555756156289e-17
-2.22044604925031e-16,-2.22044604925031e-16,-1.11022302462516e-16,0,0,0,2.22044604925031e-16,-1.11022302462516e-16,1.11022302462516e-16,-1.11022302462516e-16,0,1.11022302462516e-16,0,2.22044604925031e-16,-1.11022302462516e-16,0,-1.11022302462516e-16,0,0,0,0,5.55111512312578e-17,-5.55111512312578e-17,1.11022302462516e-16,0,5.55111512312578e-17,0,0,0,0,0,0,0,0,1.11022302462516e-16,0,0,0,0,0,-5.55111512312578e-17,-2.77555756156289e-17,0,0,0,0,0,0,0,-1.38777878078145e-17,1.38777878078145e-17,1.38777878078145e-17,0,0,0,-2.77555756156289e-17,0,0,1.38777878078145e-17,1.38777878078145e-17,0,1.38777878078145e-17,0,1.38777878078145e-17,0,0,0,-3.46944695195361e-18,0,6.93889390390723e-18,0,0,1.38777878078145e-17,0,0,1.38777878078145e-17,-5.55111512312578e-17,0,0,-2.77555756156289e-17,0,5.55111512312578e-17,0,-5.55111512312578e-17,-5.55111512312578e-17,5.55111512312578e-17,0,0,-5.55111512312578e-17,5.55111512312578e-17,-5.55111512312578e-17,-5.55111512312578e-17,0,0,0,0,0,0,0,-1.11022302462516e-16,0,1.11022302462516e-16,0.0125695640349111,0.0240309882128639,0.031218901557874,-0.0818032034775027,-0.525292150959815,0.027542377643504,0.0260362056842743,0.0220511257088123,0.0220511257088123,0.0220511257088123,0,0,0,-3.46944695195361e-18,2.22044604925031e-16,6.93889390390723e-18
0,4.44089209850063e-16,-4.44089209850063e-16,4.44089209850063e-16,2.22044604925031e-16,-6.66133814775094e-16,-1.55431223447522e-15,4.44089209850063e-16,0,4.44089209850063e-16,-1.11022302462516e-15,-4.44089209850063e-16,0,-6.66133814775094e-16,4.44089209850063e-16,2.22044604925031e-16,2.22044604925031e-16,-6.66133814775094e-16,2.22044604925031e-16,0,-8.88178419700125e-16,-4.44089209850063e-16,4.44089209850063e-16,-2.22044604925031e-16,0,-4.44089209850063e-16,-2.22044604925031e-16,6.66133814775094e-16,-2.22044604925031e-16,2.22044604925031e-16,2.22044604925031e-16,0,0,0,2.22044604925031e-16,2.22044604925031e-16,-3.33066907387547e-16,3.33066907387547e-16,2.22044604925031e-16,1.11022302462516e-16,-2.22044604925031e-16,3.33066907387547e-16,-1.11022302462516e-16,0,5.55111512312578e-17,0,0,0,-5.55111512312578e-17,1.11022302462516e-16,0,0,1.11022302462516e-16,-2.77555756156289e-17,0,-2.77555756156289e-17,8.32667268468867e-17,-5.55111512312578e-17,1.11022302462516e-16,0,2.77555756156289e-17,-5.55111512312578e-17,0,5.55111512312578e-17,-5.55111512312578e-17,1.38777878078145e-16,0,-1.38777878078145e-17,0,0,8.32667268468867e-17,0,8.32667268468867e-17,-6.50521303491303e-19,6.93889390390723e-18,0,5.55111512312578e-17,0,-5.55111512312578e-17,0,-2.77555756156289e-17,2.22044604925031e-16,-2.22044604925031e-16,-2.22044604925031e-16,1.11022302462516e-16,3.33066907387547e-16,3.33066907387547e-16,-2.22044604925031e-16,2.22044604925031e-16,2.22044604925031e-16,4.44089209850063e-16,2.22044604925031e-16,-2.22044604925031e-16,4.44089209850063e-16,-4.44089209850063e-16,2.22044604925031e-16,0,0,-2.22044604925031e-16,-6.66133814775094e-16,2.22044604925031e-16,-4.44089209850063e-16,-0.0395189752671259,0.07150588767841,0.111250077608899,0.0921091422936882,0.101679609951292,-0.721332828776923,-0.652746594124174,-0.471278848272108,-0.471278848272108,-0.471278848272108,2.22044604925031e-16,0,4.44089209850063e-16,-1.38777878078145e-17,-4.44089209850063e-16,-4.16333634234434e-17
0,0,0,0,0,0,0,-1.11022302462516e-16,0,-1.11022302462516e-16,0,0,2.22044604925031e-16,0,0,0,-1.11022302462516e-16,-1.11022302462516e-16,0,0,0,0,-5.55111512312578e-17,5.55111512312578e-17,0,0,0,0,-1.11022302462516e-16,0,0,0,0,0,1.11022302462516e-16,5.55111512312578e-17,0,0,0,0,-5.55111512312578e-17,-2.77555756156289e-17,-5.55111512312578e-17,0,0,-1.38777878078145e-17,0,0,-1.38777878078145e-17,-1.38777878078145e-17,0,0,0,0,0,-2.77555756156289e-17,0,0,1.38777878078145e-17,1.38777878078145e-17,0,0,0,1.38777878078145e-17,1.38777878078145e-17,0,0,-3.46944695195361e-18,0,-6.93889390390723e-18,0,0,1.38777878078145e-17,0,0,1.38777878078145e-17,-5.55111512312578e-17,0,0,0,0,5.55111512312578e-17,0,5.55111512312578e-17,-5.55111512312578e-17,5.55111512312578e-17,0,0,0,5.55111512312578e-17,0,0,1.11022302462516e-16,0,0,5.55111512312578e-17,0,0,0,-1.11022302462516e-16,0,0,-0.0125695640349108,-0.0240309882128639,-0.031218901557874,0.0818032034775027,-0.474707849040186,-0.027542377643504,-0.0260362056842743,-0.0220511257088122,-0.0220511257088122,-0.0220511257088122,0,-1.66533453693773e-16,5.55111512312578e-17,-3.46944695195361e-18,0,0
8.88178419700125e-16,0,0,0,-8.88178419700125e-16,-8.88178419700125e-16,0,0,0,0,-8.88178419700125e-16,0,-8.88178419700125e-16,-8.88178419700125e-16,0,0,0,-4.44089209850063e-16,-8.88178419700125e-16,0,0,0,0,0,0,-4.44089209850063e-16,-4.44089209850063e-16,-4.44089209850063e-16,0,0,-4.44089209850063e-16,0,0,-4.44089209850063e-16,0,-4.44089209850063e-16,-8.88178419700125e-16,-4.44089209850063e-16,4.44089209850063e-16,-2.22044604925031e-16,-2.22044604925031e-16,0,0,0,0,-1.11022302462516e-16,0,0,0,-1.11022302462516e-16,0,0,1.11022302462516e-16,-1.11022302462516e-16,0,0,0,0,0,-5.55111512312578e-17,0,0,5.55111512312578e-17,0,0,0,-1.11022302462516e-16,0,0,0,0,0,0,-8.67361737988404e-19,2.77555756156289e-17,5.55111512312578e-17,0,1.11022302462516e-16,1.11022302462516e-16,1.11022302462516e-16,0,-2.22044604925031e-16,0,0,0,4.44089209850063e-16,0,0,4.44089209850063e-16,-8.88178419700125e-16,4.44089209850063e-16,0,0,0,0,2.22044604925031e-16,0,2.22044604925031e-16,0,4.44089209850063e-16,0,0,-0.0395189752671268,0.07150588767841,0.1112500776089,0.0921091422936877,0.101679609951294,0.278667171223076,-0.652746594124174,-0.471278848272108,-0.471278848272108,-0.471278848272108,0,0,-4.44089209850063e-16,0,-8.88178419700125e-16,0
0,-2.22044604925031e-16,-1.11022302462516e-16,2.22044604925031e-16,0,-6.66133814775094e-16,-9.99200722162641e-16,-1.11022302462516e-16,-1.11022302462516e-16,-1.11022302462516e-16,-7.7715611723761e-16,-4.44089209850063e-16,0,-7.7715611723761e-16,3.33066907387547e-16,2.22044604925031e-16,0,-5.55111512312578e-16,0,-5.55111512312578e-17,-4.44089209850063e-16,-3.33066907387547e-16,1.11022302462516e-16,-1.66533453693773e-16,-1.66533453693773e-16,-4.44089209850063e-16,-2.22044604925031e-16,2.22044604925031e-16,-1.66533453693773e-16,2.22044604925031e-16,-5.55111512312578e-17,-1.66533453693773e-16,5.55111512312578e-17,-5.55111512312578e-17,-1.66533453693773e-16,0,0,-1.11022302462516e-16,1.66533453693773e-16,0,-1.11022302462516e-16,1.66533453693773e-16,-1.11022302462516e-16,-8.32667268468867e-17,5.55111512312578e-17,0,0,0,-8.32667268468867e-17,0,-4.16333634234434e-17,-2.77555756156289e-17,2.77555756156289e-17,-4.16333634234434e-17,-2.77555756156289e-17,0,4.16333634234434e-17,-2.77555756156289e-17,1.38777878078145e-17,0,2.77555756156289e-17,-5.55111512312578e-17,2.77555756156289e-17,1.38777878078145e-17,-1.38777878078145e-17,4.16333634234434e-17,-2.77555756156289e-17,-5.20417042793042e-18,0,-2.77555756156289e-17,2.77555756156289e-17,-2.77555756156289e-17,1.38777878078145e-17,-5.42101086242752e-19,6.93889390390723e-18,4.16333634234434e-17,5.55111512312578e-17,2.77555756156289e-17,2.77555756156289e-17,8.32667268468867e-17,-1.38777878078145e-17,0,-1.66533453693773e-16,0,1.11022302462516e-16,2.22044604925031e-16,1.66533453693773e-16,0,3.88578058618805e-16,0,3.33066907387547e-16,1.66533453693773e-16,1.11022302462516e-16,1.66533453693773e-16,1.11022302462516e-16,1.66533453693773e-16,5.55111512312578e-17,0,-5.55111512312578e-17,1.11022302462516e-16,2.22044604925031e-16,-1.66533453693773e-16,0.0395189752671268,-0.07150588767841,-0.111250077608899,-0.0921091422936877,-0.101679609951294,-0.278667171223075,-0.347253405875825,-0.528721151727892,-0.528721151727892,-0.528721151727892,-2.22044604925031e-16,5.55111512312578e-17,5.55111512312578e-17,-5.20417042793042e-18,-5.55111512312578e-16,-2.77555756156289e-17
0,-1.33226762955019e-15,-8.88178419700125e-16,-4.44089209850063e-16,-2.22044604925031e-16,-2.22044604925031e-16,0,-4.44089209850063e-16,0,-2.22044604925031e-16,0,0,0,0,0,-4.44089209850063e-16,2.22044604925031e-16,2.22044604925031e-16,-2.22044604925031e-16,-2.22044604925031e-16,2.22044604925031e-16,0,-4.44089209850063e-16,1.11022302462516e-16,-2.22044604925031e-16,-2.22044604925031e-16,0,-4.44089209850063e-16,0,-2.22044604925031e-16,0,-2.22044604925031e-16,2.22044604925031e-16,-3.33066907387547e-16,-1.11022302462516e-16,-2.22044604925031e-16,2.22044604925031e-16,-1.11022302462516e-16,0,0,2.22044604925031e-16,-1.11022302462516e-16,0,-5.55111512312578e-17,-5.55111512312578e-17,5.55111512312578e-17,2.77555756156289e-17,5.55111512312578e-17,5.55111512312578e-17,-8.32667268468867e-17,5.55111512312578e-17,0,0,-5.55111512312578e-17,-5.55111512312578e-17,1.11022302462516e-16,-8.32667268468867e-17,0,-5.55111512312578e-17,2.77555756156289e-17,0,-5.55111512312578e-17,0,-2.77555756156289e-17,-2.77555756156289e-17,0,2.77555756156289e-17,0,0,0,-2.77555756156289e-17,0,-2.77555756156289e-17,0,0,5.55111512312578e-17,1.11022302462516e-16,5.55111512312578e-17,0,0,5.55111512312578e-17,0,0,-1.11022302462516e-16,2.22044604925031e-16,1.11022302462516e-16,1.11022302462516e-16,3.33066907387547e-16,2.22044604925031e-16,-2.22044604925031e-16,2.22044604925031e-16,1.11022302462516e-16,1.11022302462516e-16,-2.22044604925031e-16,1.11022302462516e-16,0,-1.11022302462516e-16,0,2.22044604925031e-16,4.44089209850063e-16,-4.44089209850063e-16,0,-0.0395189752671268,0.07150588767841,0.1112500776089,0.0921091422936877,0.101679609951294,0.278667171223076,0.347253405875826,-0.471278848272108,-0.471278848272108,-0.471278848272108,-2.22044604925031e-16,2.22044604925031e-16,-4.44089209850063e-16,0,2.22044604925031e-16,-2.77555756156289e-17
0,0,0,0,0,0,0,0,0,0,0,0,0,0,0,0,0,0,0,0,0,0,0,0,0,0,0,0,0,0,0,0,0,0,0,0,0,0,0,0,0,0,0,0,0,0,0,0,0,0,0,0,0,0,0,0,0,0,0,0,0,0,0,0,0,0,0,0,0,0,0,0,0,0,0,0,0,0,0,0,0,0,0,0,0,0,0,0,0,0,0,0,0,0,0,0,0,0,0,0,0,0,0,0,0,0,0,0,0,0,-1,0,0,0,0,0,0,0
0,0,0,0,0,0,0,0,0,0,0,0,0,0,0,0,0,0,0,0,0,0,0,0,0,0,0,0,0,0,0,0,0,0,0,0,0,0,0,0,0,0,0,0,0,0,0,0,0,0,0,0,0,0,0,0,0,0,0,0,0,0,0,0,0,0,0,0,0,0,0,0,0,0,0,0,0,0,0,0,0,0,0,0,0,0,0,0,0,0,0,0,0,0,0,0,0,0,0,0,0,0,0,0,0,0,0,0,0,0,0,-1,0,0,0,0,0,0
0.0542012401477825,0.0550929488675536,0.0538227771876407,0.0519346240026664,0.0516302582476122,0.0536217728047952,0.0543888747083034,0.0479940489404361,0.0479940489404362,0.0479940489404361,0.0545587297605303,0.0556427912813444,0.0564426100211246,0.0575315798438645,0.0627411098253542,0.062796403213163,0.0782444308980607,0.066429701347848,0.054895717846353,0.0133718654259978,-0.0167595454328753,-0.0511853034224007,-0.107615154147499,-0.0911067121070746,-0.0795940004620553,-0.0435355318500836,-0.182773870589073,-0.15981266688543,-0.134488204788898,0.0410256674471885,-0.125599130606552,-0.227608623104624,0.0499081756801038,0.035587247952698,0.0354474424127088,0.0354859833994085,0.0352596495657504,0.032698496880364,0.0315999484047728,0.0295111567044035,0.02784046721692,0.0232091924569554,0.0289401499115374,0.0192364148770293,0.0156736335950033,0.0129116790846054,0.0107514605985115,0.0122768655603406,0.0121072460736984,0.0119520434369043,0.0117650941377779,0.011719085677841,0.0115911539907716,0.0114956942609706,0.0114513970805431,0.0114761162022672,0.0116754855468723,0.0116417854519428,0.0109629166722425,0.0107721876701762,0.010746833714542,0.0108037550481536,0.010739726619756,0.0106192656674208,0.0102914284587356,0.011030359755341,0.0109250948684782,0.00613995270790373,0,-0.0220698838587571,-0.0280256734160239,-0.0582240430021653,-0.0280256734160239,-0.0124569571862684,-0.00950695852486976,-0.00569320202898126,-0.00018650972272273,2.56347028465375e-05,0.000443080185418323,0.00164751305316642,0.00448382932026447,0.000632037498634907,0.000696196177753563,0.000795583824850186,0.000843847068629684,0.000843847068629687,0.000843847068629687,0.000933074963436748,0.000995359533145207,0.00100925150248613,0.00102707762750142,0.0010542006311132,0.00108180609791247,0.00110563534519675,0.00108007082451883,0.00104785010375658,0.00133960475478886,0.00148518072892975,0.001338202496595,0.00121612993227822,0.00114664513864672,0.0010849787607804,0.00121612993227822,0.00121612993227822,0.00121612993227823,0.00121612993227823,0.00121612993227823,0.00121612993227823,0.00121612993227823,0.00121612993227823,0.00121612993227823,0.00121612993227823,-0.832120978477662,-0.208776180730213,-0.205575896405149,0.00613995270790373,0.0556427912813444,-0.00771728352533574
-0.0542012401477824,-0.0550929488675529,-0.0538227771876403,-0.0519346240026663,-0.0516302582476119,-0.0536217728047954,-0.0543888747083032,-0.0479940489404361,-0.0479940489404362,-0.0479940489404361,-0.0545587297605301,-0.0556427912813444,-0.0564426100211244,-0.0575315798438642,-0.0627411098253542,-0.062796403213163,-0.0782444308980606,-0.0664297013478479,-0.054895717846353,-0.0133718654259978,0.0167595454328753,0.0511853034224007,0.107615154147499,0.0911067121070746,0.0795940004620554,0.0435355318500837,0.182773870589073,0.15981266688543,0.134488204788898,-0.0410256674471885,0.125599130606552,0.227608623104624,-0.0499081756801038,-0.035587247952698,-0.0354474424127088,-0.0354859833994085,-0.0352596495657504,-0.032698496880364,-0.0315999484047728,-0.0295111567044035,-0.02784046721692,-0.0232091924569554,-0.0289401499115374,-0.0192364148770293,-0.0156736335950032,-0.0129116790846054,-0.0107514605985115,-0.0122768655603406,-0.0121072460736984,-0.0119520434369043,-0.0117650941377779,-0.011719085677841,-0.0115911539907716,-0.0114956942609705,-0.0114513970805431,-0.0114761162022672,-0.0116754855468723,-0.0116417854519428,-0.0109629166722425,-0.0107721876701762,-0.010746833714542,-0.0108037550481536,-0.010739726619756,-0.0106192656674208,-0.0102914284587356,-0.011030359755341,-0.0109250948684782,-0.00613995270790373,0,0.0220698838587571,0.0280256734160239,0.0582240430021653,0.0280256734160239,0.0124569571862684,0.00950695852486976,0.00569320202898126,0.00018650972272273,-2.56347028465375e-05,-0.000443080185418323,-0.00164751305316642,-0.00448382932026447,-0.000632037498634906,-0.000696196177753563,-0.000795583824850186,-0.000843847068629684,-0.000843847068629687,-0.000843847068629687,-0.000933074963436749,-0.000995359533145208,-0.00100925150248613,-0.00102707762750142,-0.0010542006311132,-0.00108180609791247,-0.00110563534519675,-0.00108007082451883,-0.00104785010375658,-0.00133960475478886,-0.00148518072892975,-0.001338202496595,-0.00121612993227822,-0.00114664513864672,-0.0010849787607804,-0.00121612993227822,-0.00121612993227822,-0.00121612993227823,-0.00121612993227823,-0.00121612993227823,-0.00121612993227823,-0.00121612993227823,-0.00121612993227823,-0.00121612993227823,-0.00121612993227823,-0.167879021522339,0.208776180730213,0.205575896405149,-0.00613995270790373,-0.0556427912813444,0.00771728352533574
-0.00107942433357322,-0.000854296573848279,-0.0011749740534146,-0.00164739678398973,-0.00172851453830147,-0.00122572119247588,-0.00103205264445416,-0.00267649227627498,-0.00267649227627476,-0.00267649227627498,-0.000948035694177451,-0.000715479056341728,-0.000235751570702436,4.58440548316563e-05,0.00214567441803998,0.000579984527108834,0.00337750240935637,0.00284619866055208,0.00232751995132344,0.00321627249766068,0.00386118780692588,0.00459801684106872,0.00580580876301479,0.00491481347942885,-0.0402217786821468,-0.0295409466052094,-0.181477236262133,-0.109887275661541,-0.0309289916307143,-0.00449318377207739,-0.0032140478192566,0.0751069520413059,0.000616633871066308,-0.00100739329390814,-0.00105917650604653,-0.00104490113405153,-0.00112873395586496,-0.00212244034710685,-0.00103601777841428,-0.000983099582793828,-0.000940773738094161,-0.000823443367776955,-0.000871828330172547,-0.000673924450929869,-0.000601262920694443,-0.000534979115290046,-0.000469079300692281,-0.000540663772997711,-0.000542182689475153,-0.000546104051931881,-0.000550827528143741,-0.000551989981638183,-0.000555222314059023,-0.000557634207363822,-0.000558753423530942,-0.000558128868188928,-0.000553091586096933,-0.000553943055439043,-0.00057109540929573,-0.00057591438378974,-0.00057655497889697,-0.0005751167998478,-0.000576734547332404,-0.000579778123561206,-0.000588061285166121,-0.000569391386867443,-0.000572051018068787,-0.0003520979815749,0,0.00118875088597692,0.00151019735515688,0.00314006677635076,0.00151019735515688,0.000668794688884658,0.000509231411470114,0.000301086255344609,5.44956743841595e-07,-1.1280172133638e-05,-3.45489741183556e-05,-0.000101685189680826,-0.000259784113589498,-4.50816316469819e-05,-4.86578964823702e-05,-5.41978569719931e-05,-5.68880953612707e-05,-5.68880953612711e-05,-5.68880953612711e-05,-6.18617417473535e-05,-6.5333541969791e-05,-6.61078933456424e-05,-6.7101538241689e-05,-6.86133998538544e-05,-7.01521544157506e-05,-7.14804189668157e-05,-7.00554286523361e-05,-6.8259415514034e-05,-8.45220928849012e-05,-9.26366339625744e-05,-8.4443929700472e-05,-7.76394906888108e-05,-7.37663432445008e-05,-7.03290016140553e-05,-7.76394906888108e-05,-7.7639490688809e-05,-7.7639490688809e-05,-7.7639490688809e-05,-7.76394906888082e-05,-7.76394906888082e-05,-7.76394906888073e-05,-7.76394906888073e-05,-7.76394906888073e-05,-7.7639490688809e-05,0.0126398637732417,-0.612627792805438,-0.559563108923184,-0.0003520979815749,-0.000715479056341728,0.000411555489424863
0.00107942433357167,0.000854296573849389,0.00117497405341482,0.00164739678398895,0.00172851453830181,0.0012257211924761,0.00103205264445438,0.00267649227627509,0.00267649227627542,0.00267649227627509,0.000948035694177563,0.00071547905634195,0.000235751570703657,-4.58440548317673e-05,-0.00214567441803984,-0.000579984527108723,-0.00337750240935626,-0.00284619866055198,-0.0023275199513232,-0.00321627249766068,-0.00386118780692613,-0.0045980168410692,-0.00580580876301451,-0.00491481347942851,0.0402217786821463,0.0295409466052091,0.181477236262133,0.109887275661542,0.0309289916307137,0.00449318377207747,0.00321404781925716,-0.0751069520413059,-0.000616633871066252,0.0010073932939081,0.00105917650604667,0.00104490113405172,0.00112873395586507,0.00212244034710686,0.00103601777841435,0.000983099582793856,0.000940773738094244,0.000823443367776983,0.000871828330172603,0.000673924450929828,0.000601262920694436,0.00053497911529006,0.000469079300692343,0.000540663772997718,0.000542182689475167,0.000546104051931957,0.000550827528143796,0.00055198998163826,0.000555222314059037,0.000557634207363884,0.000558753423530893,0.000558128868188984,0.000553091586096892,0.000553943055439002,0.000571095409295744,0.000575914383789802,0.000576554978896977,0.000575116799847807,0.00057673454733248,0.000579778123561275,0.000588061285166114,0.000569391386867402,0.000572051018068856,0.000352097981574935,0,-0.00118875088597693,-0.00151019735515681,-0.00314006677635081,-0.00151019735515681,-0.000668794688884713,-0.000509231411470155,-0.000301086255344613,-5.44956743841704e-07,1.12801721336385e-05,3.45489741183579e-05,0.00010168518968082,0.000259784113589515,4.50816316469858e-05,4.86578964823741e-05,5.41978569719931e-05,5.68880953612711e-05,5.6888095361272e-05,5.6888095361272e-05,6.18617417473505e-05,6.53335419697936e-05,6.61078933456428e-05,6.71015382416903e-05,6.86133998538596e-05,7.01521544157475e-05,7.1480418966814e-05,7.00554286523322e-05,6.82594155140374e-05,8.45220928849038e-05,9.26366339625753e-05,8.4443929700472e-05,7.76394906888082e-05,7.37663432445017e-05,7.03290016140553e-05,7.76394906888082e-05,7.7639490688809e-05,7.7639490688809e-05,7.76394906888099e-05,7.76394906888099e-05,7.76394906888099e-05,7.76394906888099e-05,7.76394906888099e-05,7.76394906888099e-05,7.7639490688809e-05,-0.0126398637732417,-0.387372207194563,-0.440436891076815,0.000352097981574935,0.00071547905634195,-0.000411555489424901
-0.00107942433357167,-0.000854296573847613,-0.0011749740534146,-0.00164739678398984,-0.0017285145383017,-0.0012257211924771,-0.0010320526444545,-0.00267649227627498,-0.00267649227627498,-0.00267649227627498,-0.000948035694178451,-0.000715479056342616,-0.000235751570702547,4.58440548305461e-05,0.00214567441804014,0.000579984527108834,0.00337750240935641,0.00284619866055202,0.0023275199513233,0.00321627249766068,0.00386118780692601,0.00459801684106886,0.00580580876301484,0.00491481347942857,-0.0402217786821462,-0.0295409466052095,-0.181477236262133,-0.109887275661541,-0.0309289916307138,-0.00449318377207719,-0.00321404781925727,0.0751069520413061,0.000616633871066474,-0.0010073932939082,-0.0010591765060467,-0.00104490113405176,-0.00112873395586521,-0.00212244034710674,-0.00103601777841433,-0.000983099582793745,-0.000940773738094314,-0.000823443367776844,-0.00087182833017263,-0.000673924450929841,-0.000601262920694512,-0.000534979115290046,-0.000469079300692288,-0.000540663772997718,-0.000542182689475201,-0.00054610405193195,-0.000550827528143727,-0.00055198998163819,-0.000555222314059023,-0.000557634207363933,-0.000558753423530955,-0.000558128868189067,-0.000553091586096843,-0.000553943055439043,-0.00057109540929573,-0.000575914383789733,-0.00057655497889697,-0.000575116799847786,-0.000576734547332425,-0.000579778123561248,-0.000588061285166142,-0.000569391386867402,-0.000572051018068842,-0.0003520979815749,0,0.00118875088597692,0.00151019735515678,0.00314006677635081,0.00151019735515678,0.000668794688884644,0.000509231411470107,0.000301086255344613,5.44956743841161e-07,-1.12801721336383e-05,-3.4548974118356e-05,-0.000101685189680831,-0.000259784113589512,-4.50816316469836e-05,-4.86578964823681e-05,-5.41978569719888e-05,-5.68880953612724e-05,-5.6888095361269e-05,-5.68880953612724e-05,-6.18617417473578e-05,-6.53335419697892e-05,-6.61078933456398e-05,-6.71015382416942e-05,-6.86133998538604e-05,-7.01521544157514e-05,-7.14804189668114e-05,-7.00554286523353e-05,-6.82594155140374e-05,-8.45220928849047e-05,-9.263663396257e-05,-8.44439297004729e-05,-7.76394906888064e-05,-7.37663432445052e-05,-7.03290016140536e-05,-7.76394906888134e-05,-7.76394906888134e-05,-7.76394906888099e-05,-7.76394906888064e-05,-7.76394906888099e-05,-7.76394906888099e-05,-7.76394906888099e-05,-7.76394906888099e-05,-7.76394906888099e-05,-7.76394906888064e-05,0.0126398637732417,0.387372207194563,-0.559563108923186,-0.0003520979815749,-0.000715479056341728,0.000411555489424925
0,0,0,0,0,0,0,0,0,0,0,0,0,0,0,0,0,0,0,0,0,0,0,0,0,0,0,0,0,0,0,0,0,0,0,0,0,0,0,0,0,0,0,0,0,0,0,0,0,0,0,0,0,0,0,0,0,0,0,0,0,0,0,0,0,0,0,0,0,0,0,0,0,0,0,0,0,0,0,0,0,0,0,0,0,0,0,0,0,0,0,0,0,0,0,0,0,0,0,0,0,0,0,0,0,0,0,0,0,0,0,0,0,0,0,-1,0,0
0,0,0,0,0,0,0,0,0,0,0,0,0,0,0,0,0,0,0,0,0,0,0,0,0,0,0,0,0,0,0,0,0,0,0,0,0,0,0,0,0,0,0,0,0,0,0,0,0,0,0,0,0,0,0,0,0,0,0,0,0,0,0,0,0,0,0,0,0,0,0,0,0,0,0,0,0,0,0,0,0,0,0,0,0,0,0,0,0,0,0,0,0,0,0,0,0,0,0,0,0,0,0,0,0,0,0,0,0,0,0,0,0,0,0,0,-1,0
0.00497555540611305,0.0050131313675057,0.00495960725032463,0.00487965090146192,0.00486721608578788,0.00495113707081174,0.0049834621909679,0.00471672774798204,0.0047167277479816,0.00471672774798249,0.00498685833483936,0.00503630132968746,0.00504460228924852,0.00508988115048004,0.00523766141999449,0.00538443964295565,0.00613623472952018,0.00588470229530658,0.00563914686943101,0.0100543642131805,0.0132582270549269,0.0169187063911973,0.0229188735506516,0.0328805944637052,0.0153666866205184,0.0120967369295915,0.0145134043875113,0.0135571414094533,0.0125024560430105,0.00442833396766495,0.0121322536503354,0.0148092751118776,0.00160461840932435,-0.00239520852394848,-0.0024580341533682,-0.00244071465552831,-0.00254242425558915,-0.00317171901275004,-0.00406587141279413,-0.00493538606384036,-0.00563085463854773,-0.00755874493804354,-0.00494503616405151,-0.00866739013717099,-0.0100340734826397,-0.0105263120989009,-0.0101103103908383,-0.0118314860519956,-0.0121802230077165,-0.0127476142499907,-0.0134310652355201,-0.0135992633910278,-0.0140669572418022,-0.0144159398093524,-0.0145778818533225,-0.0144875134583475,-0.0137586571551069,-0.013881858275409,-0.016363673070646,-0.017060941929317,-0.0171536311560012,-0.0169455376154734,-0.0171796133391841,-0.0176199956084727,-0.0188185059233872,-0.0161171140205388,-0.0165019423724191,-0.0232418897482897,0,0.0745396204364875,0.0709457068957008,0.0527230466888947,0.0709457068957008,0.121451717189895,0.135848022013691,-0.550008727669911,-0.0964165223350141,-0.0939627670860771,-0.0891344099833298,-0.0752034124409773,-0.0423973374787814,-0.0869488470212767,-0.08620675966626,-0.0850571986533393,-0.0844989648584285,-0.0844989648584286,-0.0844989648584286,-0.0834669159858413,-0.0827465054002708,-0.0825858248045073,-0.0823796400428424,-0.0820659235155252,-0.0817466266078817,-0.0814710071074158,-0.0817666975392132,-0.0821393764935753,-0.0787648145438507,-0.0770810191308494,-0.0787810336756723,-0.0801929783668407,-0.0809966698927297,-0.0817099302009673,-0.0801929783668406,-0.0801929783668407,-0.0801929783668408,-0.0801929783668408,-0.0801929783668409,-0.0801929783668407,-0.0801929783668409,-0.0801929783668409,-0.0801929783668409,-0.0801929783668409,0.00725617688099578,0.0146849972235379,0.0146638781052564,-0.0232418897482897,0.00503630132968791,-0.716734511252468
-0.00497555540611216,-0.00501313136750614,-0.00495960725032463,-0.00487965090146147,-0.00486721608578788,-0.0049511370708113,-0.00498346219096923,-0.00471672774798204,-0.00471672774798115,-0.00471672774798204,-0.00498685833483803,-0.00503630132968791,-0.00504460228924808,-0.00508988115048048,-0.00523766141999449,-0.00538443964295521,-0.00613623472952041,-0.00588470229530658,-0.00563914686943146,-0.0100543642131803,-0.0132582270549266,-0.0169187063911973,-0.0229188735506518,-0.0328805944637056,-0.0153666866205182,-0.0120967369295912,-0.0145134043875115,-0.0135571414094537,-0.0125024560430107,-0.00442833396766518,-0.0121322536503354,-0.0148092751118774,-0.00160461840932391,0.0023952085239487,0.00245803415336843,0.00244071465552831,0.00254242425558893,0.00317171901274982,0.00406587141279391,0.00493538606384059,0.00563085463854751,0.00755874493804365,0.00494503616405151,0.00866739013717099,0.0100340734826396,0.0105263120989009,0.0101103103908382,0.0118314860519955,0.0121802230077166,0.0127476142499907,0.01343106523552,0.0135992633910278,0.0140669572418021,0.0144159398093524,0.0145778818533225,0.0144875134583476,0.0137586571551069,0.0138818582754091,0.0163636730706459,0.0170609419293171,0.0171536311560012,0.0169455376154734,0.0171796133391841,0.0176199956084728,0.0188185059233872,0.0161171140205388,0.0165019423724191,0.0232418897482896,0,-0.0745396204364876,-0.0709457068957008,-0.0527230466888947,-0.0709457068957008,-0.121451717189894,-0.135848022013691,0.550008727669911,0.0964165223350141,0.0939627670860771,0.0891344099833299,0.0752034124409773,0.0423973374787814,0.0869488470212768,0.08620675966626,0.0850571986533392,0.0844989648584286,0.0844989648584286,0.0844989648584286,0.0834669159858413,0.0827465054002708,0.0825858248045073,0.0823796400428424,0.0820659235155252,0.0817466266078817,0.0814710071074158,0.0817666975392131,0.0821393764935753,0.0787648145438507,0.0770810191308494,0.0787810336756723,0.0801929783668407,0.0809966698927297,0.0817099302009673,0.0801929783668407,0.0801929783668407,0.0801929783668408,0.0801929783668408,0.0801929783668409,0.0801929783668407,0.0801929783668409,0.0801929783668409,0.0801929783668409,0.0801929783668409,-0.00725617688099622,-0.014684997223537,-0.0146638781052566,0.0232418897482896,-0.00503630132968746,-0.283265488747533
